name,city,url,prefix
Òran Mór,Glasgow,https://www.ents24.com/glasgow-events/oran-mor,#
100 Club,London,https://www.ents24.com/london-events/100-club,#
229,London,https://www.ents24.com/london-events/229,#
53 Degrees at University of Central Lancashire,Preston,https://www.ents24.com/preston-events/53-degrees-at-university-of-central-lancashire,#
Joe Longthorne Theatre,Blackpool,https://www.ents24.com/blackpool-events/joe-longthorne-theatre,#
606 Club,London,https://www.ents24.com/london-events/606-club,#
1990,Glasgow,https://www.ents24.com/glasgow-events/1990,#
3Arena,Dublin,https://www.ents24.com/dublin-events/3arena,#
1435 Theatre & Museum,Chesterfield,https://www.ents24.com/chesterfield-events/1435-theatre-and-museum,#
3Olympia Theatre,Dublin,https://www.ents24.com/dublin-events/3olympia-theatre,#
81 Renshaw,Liverpool,https://www.ents24.com/liverpool-events/81-renshaw-the-arts-cafe,#
1532 Performing Arts Centre,Bristol,https://www.ents24.com/bristol-events/1532-performing-arts-centre,#
53Two Manchester,Manchester,https://www.ents24.com/manchester-events/53two-manchester,#
1901 Arts Club,London,https://www.ents24.com/london-events/1901-arts-club,#
2 FunkyMusic Cafe,Leicester,https://www.ents24.com/leicester-events/2-funkymusic-cafe,#
26 Leake Street,London,https://www.ents24.com/london-events/26-leake-street,#
21Soho,London,https://www.ents24.com/london-events/21soho,#
93 Feet East,London,https://www.ents24.com/london-events/93-feet-east,#
1in12 Club,Bradford,https://www.ents24.com/bradford-events/1in12-club,#
1000 Trades,Birmingham,https://www.ents24.com/birmingham-events/1000-trades,#
18 Candleriggs,Glasgow,https://www.ents24.com/glasgow-events/18-candleriggs,#
61 Bar & Venue,Taunton,https://www.ents24.com/taunton-events/61-bar-and-venue,#
395 Bristol,Bristol,https://www.ents24.com/bristol-events/395-bristol,#
"Y Maerun Pub, Marshfield",Marshfield,https://www.ents24.com/marshfield-events/y-maerun-pub-marshfield,#
Aylesbury Waterside Theatre,Aylesbury,https://www.ents24.com/aylesbury-events/aylesbury-waterside-theatre,a
Albert Hall,Manchester,https://www.ents24.com/manchester-events/albert-hall,a
Aberdeen Music Hall,Aberdeen,https://www.ents24.com/aberdeen-events/aberdeen-music-hall,a
Alexandra Palace,London,https://www.ents24.com/london-events/alexandra-palace,a
Alhambra Theatre & Studio,Bradford,https://www.ents24.com/bradford-events/alhambra-theatre-and-studio,a
Alexander's Live,Chester,https://www.ents24.com/chester-events/alexanders-live,a
Arts Club,Liverpool,https://www.ents24.com/liverpool-events/arts-club,a
Alhambra Theatre,Dunfermline,https://www.ents24.com/dunfermline-events/alhambra-theatre,a
Artisan Tap,Stoke-On-Trent,https://www.ents24.com/stoke-on-trent-events/artisan-tap,a
ARC (Stockton Arts Centre),Stockton-on-Tees,https://www.ents24.com/stockton-on-tees-events/arc-stockton-arts-centre,a
Assembly Hall Theatre,Tunbridge Wells,https://www.ents24.com/tunbridge-wells-events/assembly-hall-theatre,a
Axminster Guildhall,Axminster,https://www.ents24.com/axminster-events/axminster-guildhall,a
Assembly Hall,Worthing,https://www.ents24.com/worthing-events/assembly-hall,a
"Allianz Stadium, Twickenham",London,https://www.ents24.com/london-events/allianz-stadium-twickenham,a
Anarchy Brew Co,Newcastle Upon Tyne,https://www.ents24.com/newcastle-upon-tyne-events/anarchy-brewery,a
Arena Torquay,Torquay,https://www.ents24.com/torquay-events/arena-torquay,a
Audio,Glasgow,https://www.ents24.com/glasgow-events/audio,a
Acapela Studio,Cardiff,https://www.ents24.com/cardiff-events/acapela,a
Artrix,Bromsgrove,https://www.ents24.com/bromsgrove-events/artrix,a
Aviva Studios,Manchester,https://www.ents24.com/manchester-events/aviva-studios,a
Audley End House & Gardens,Saffron Walden,https://www.ents24.com/saffron-walden-events/audley-end-house-and-gardens,a
AREA,Manchester,https://www.ents24.com/manchester-events/area,a
Ashburton Arts Centre,Newton Abbot,https://www.ents24.com/newton-abbot-events/ashburton-arts-centre-1,a
Amped,Huddersfield,https://www.ents24.com/huddersfield-events/amped,a
Airdrie Town Hall,Airdrie,https://www.ents24.com/airdrie-events/airdrie-town-hall,a
Athena Events Venue,Leicester,https://www.ents24.com/leicester-events/athena-theatre,a
Aberystwyth Arts Centre,Aberystwyth,https://www.ents24.com/aberystwyth-events/aberystwyth-arts-centre,a
Assembly Rooms,Edinburgh,https://www.ents24.com/edinburgh-events/assembly-rooms,a
Adam Smith Theatre,Kirkcaldy,https://www.ents24.com/kirkcaldy-events/adam-smith-theatre,a
Assembly Room,Chichester,https://www.ents24.com/chichester-events/assembly-room,a
Ayr Town Hall,Ayr,https://www.ents24.com/ayr-events/ayr-town-hall,a
All Saints Church,Hove,https://www.ents24.com/hove-events/all-saints-church,a
Arlington Arts,Newbury,https://www.ents24.com/newbury-events/arlington-arts,a
Astor Community Theatre,Deal,https://www.ents24.com/deal-events/astor-community-theatre,a
Albert Hall,Nottingham,https://www.ents24.com/nottingham-events/albert-hall,a
Anfield Stadium (Liverpool FC),Liverpool,https://www.ents24.com/liverpool-events/anfield-stadium-liverpool-fc,a
Aces & Eights Saloon Bar,London,https://www.ents24.com/london-events/aces-and-eights-saloon-bar,a
A L P H A B E T,Brighton,https://www.ents24.com/brighton-events/a-l-p-h-a-b-e-t,a
All England Lawn Tennis Club (Wimbledon),London,https://www.ents24.com/london-events/all-england-lawn-tennis-club-wimbledon,a
Aatma,Manchester,https://www.ents24.com/manchester-events/aatma,a
Adelphi Theatre,London,https://www.ents24.com/london-events/adelphi-theatre,a
Arches Venue,Coventry,https://www.ents24.com/coventry-events/arches-venue,a
Alnwick Playhouse,Alnwick,https://www.ents24.com/alnwick-events/alnwick-playhouse,a
Aldwych Theatre,London,https://www.ents24.com/london-events/aldwych-theatre,a
AMT Headingley Stadium,Leeds,https://www.ents24.com/leeds-events/amt-headingley-stadium,a
Assembly Roxy,Edinburgh,https://www.ents24.com/edinburgh-events/assembly-roxy,a
Ascot Racecourse,Ascot,https://www.ents24.com/ascot-events/ascot-racecourse,a
Alberts Shed Shrewsbury,Shrewsbury,https://www.ents24.com/shrewsbury-events/alberts-shed-shrewsbury,a
An Seomar,Inverness,https://www.ents24.com/inverness-events/an-seomar,a
Apollo Victoria Theatre,London,https://www.ents24.com/london-events/apollo-victoria-theatre,a
Austin Sports & Social Club,Birmingham,https://www.ents24.com/birmingham-events/austin-sports-and-social-club,a
Altrincham Garrick Playhouse,Altrincham,https://www.ents24.com/altrincham-events/altrincham-garrick-playhouse,a
ACE Space,Newbury,https://www.ents24.com/newbury-events/ace-space,a
Apps Court Farm,Walton-On-Thames,https://www.ents24.com/walton-on-thames-events/apps-court-farm,a
Ambassadors Theatre,London,https://www.ents24.com/london-events/ambassadors-theatre,a
Ashley Hall Showground,Ashley,https://www.ents24.com/ashley-events/ashley-hall-showground,a
Aberdeen Arts Centre,Aberdeen,https://www.ents24.com/aberdeen-events/act-aberdeen,a
Apollo Theatre,London,https://www.ents24.com/london-events/apollo-theatre,a
Alstonefield Village Hall,Alstonefield,https://www.ents24.com/alstonefield-events/alstonefield-village-hall,a
Alton Towers,Stoke-On-Trent,https://www.ents24.com/stoke-on-trent-events/alton-towers,a
Alloa Town Hall,Alloa,https://www.ents24.com/alloa-events/alloa-town-hall,a
Abbey Park,Leicester,https://www.ents24.com/leicester-events/abbey-park,a
Arundel Cathedral,Arundel,https://www.ents24.com/arundel-events/arundel-cathedral,a
Alton Community Centre,Alton,https://www.ents24.com/alton-events/alton-community-centre,a
Alexander Stadium,Birmingham,https://www.ents24.com/birmingham-events/alexander-stadium,a
Alma Tavern & Theatre,Bristol,https://www.ents24.com/bristol-events/alma-tavern-and-theatre,a
Addlestone Community Centre,Addlestone,https://www.ents24.com/addlestone-events/addlestone-community-centre,a
Airdrie Working Mens Club,Airdrie,https://www.ents24.com/airdrie-events/airdrie-working-mens-club,a
All Saints Church,Kingston-Upon-Thames,https://www.ents24.com/kingston-upon-thames-events/all-saints-church,a
Allendale Village Hall,Allendale,https://www.ents24.com/allendale-events/allendale-village-hall,a
Ain't Nothin' But... the Blues Bar,London,https://www.ents24.com/london-events/aint-nothin-but-the-blues-bar,a
Auden Theatre,Holt,https://www.ents24.com/holt-events/auden-theatre,a
Arden Hall,Solihull,https://www.ents24.com/solihull-events/arden-hall,a
All Saints Arts Centre,Lewes,https://www.ents24.com/lewes-events/all-saints-arts-centre,a
Alton Assembly Rooms,Alton,https://www.ents24.com/alton-events/alton-assembly-rooms,a
Aldridge Social Club,Aldridge,https://www.ents24.com/aldridge-events/aldridge-social-club,a
ARC:HIVE,Liverpool,https://www.ents24.com/liverpool-events/archive,a
Aintree Racecourse,Liverpool,https://www.ents24.com/liverpool-events/aintree-racecourse,a
Arundel Emporium,Sheffield,https://www.ents24.com/sheffield-events/arundel-emporium,a
Alhambra Live,Morecambe,https://www.ents24.com/morecambe-events/alhambra-live,a
Apollo Theatre,Newport,https://www.ents24.com/newport-events/apollo-theatre,a
All Saints Church,Oakham,https://www.ents24.com/oakham-events/all-saints-church,a
Armagh City Hotel,Armagh,https://www.ents24.com/armagh-events/armagh-city-hotel,a
Artista Cafe and Gallery,Brighton,https://www.ents24.com/brighton-events/artista-cafe-and-gallery,a
Avon Gorge Hotel,BRISTOL,https://www.ents24.com/bristol-events/avon-gorge-hotel-1,a
Alex James Farm,Chipping Norton,https://www.ents24.com/chipping-norton-events/alex-james-farm,a
Amey Hall & Arts Centre,Abingdon,https://www.ents24.com/abingdon-events/amey-hall-and-arts-centre,a
artsdepot,London,https://www.ents24.com/london-events/artsdepot,a
ABBA Arena,London,https://www.ents24.com/london-events/abba-arena,a
Amber's,Manchester,https://www.ents24.com/manchester-events/ambers,a
Audio Active,Worthing,https://www.ents24.com/worthing-events/audio-active,a
Anchor Inn,Wingham,https://www.ents24.com/wingham-events/anchor-inn,a
Aldingbourne Community Sports Centre,Chichester,https://www.ents24.com/chichester-events/aldingbourne-community-sports-centre,a
Always Be Comedy: Chelsea,London,https://www.ents24.com/london-events/always-be-comedy-chelsea,a
Arta,Glasgow,https://www.ents24.com/glasgow-events/arta,a
Andaz,London,https://www.ents24.com/london-events/andaz,a
Afan Ales & Fine Wines,Port Talbot,https://www.ents24.com/port-talbot-events/afan-ales-and-fine-wines,a
Assembly Rooms,Wick,https://www.ents24.com/wick-events/assembly-rooms,a
Alford Hall,Warrington,https://www.ents24.com/warrington-events/alford-hall,a
Acanteen,Chelmsford,https://www.ents24.com/chelmsford-events/acanteen,a
Amazing Grace,London,https://www.ents24.com/london-events/amazing-grace,a
Assembly Hall,Edinburgh,https://www.ents24.com/edinburgh-events/assembly-hall,a
Abingdon Guildhall,Abingdon,https://www.ents24.com/abingdon-events/abingdon-guildhall,a
Avalon Club,Glastonbury,https://www.ents24.com/glastonbury-events/avalon-club,a
Ashridge House,Berkhamsted,https://www.ents24.com/berkhamsted-events/ashridge-house,a
Assembly George Square Studios,Edinburgh,https://www.ents24.com/edinburgh-events/assembly-george-square-studios,a
Alexandra Park,Hastings,https://www.ents24.com/hastings-events/alexandra-park,a
Ashford Road Social Club,Swindon,https://www.ents24.com/swindon-events/ashford-road-social-club,a
Annies Jazz Club @ Thorpe Bay Golf Club,Southend on Sea,https://www.ents24.com/southend-on-sea-events/annies-jazz-club-thorpe-bay-golf-club-1,a
Artefact,Liverpool,https://www.ents24.com/liverpool-events/artefact,a
Assembly Rooms (Music Hall),Edinburgh,https://www.ents24.com/edinburgh-events/assembly-rooms-music-hall,a
All Saints Church Ripley,Ripley,https://www.ents24.com/ripley-events/all-saints-church-ripley,a
Adur Recreation Ground,Shoreham by Sea,https://www.ents24.com/shoreham-by-sea-events/adur-recreation-ground,a
Arts Club Cambridge,Cambridge,https://www.ents24.com/cambridge-events/arts-club-cambridge,a
Ashtead Peace Memorial Hall,Ashtead,https://www.ents24.com/ashtead-events/ashtead-peace-memorial-hall,a
Armstrong Hall,Thornbury,https://www.ents24.com/thornbury-events/armstrong-hall,a
All Saints Church,Marlow,https://www.ents24.com/marlow-events/all-saints-church,a
Astley Bridge Royal British Legion,Bolton,https://www.ents24.com/bolton-events/astley-bridge-royal-british-legion,a
Aden Country Park,Mintlaw,https://www.ents24.com/mintlaw-events/aden-country-park,a
All Saints Church,Eastbourne,https://www.ents24.com/eastbourne-events/all-saints-church,a
Alton Maltings,Alton,https://www.ents24.com/alton-events/alton-maltings,a
All Saints Church,Bristol,https://www.ents24.com/bristol-events/all-saints-church,a
Ashdown Farm,Evesham,https://www.ents24.com/evesham-events/ashdown-farm,a
Arthur's Pub,Dublin,https://www.ents24.com/dublin-events/arthurs-pub,a
Assembly Rooms (Ballroom),Edinburgh,https://www.ents24.com/edinburgh-events/assembly-rooms-ballroom,a
Allen Valleys Folk Festival,Allendale,https://www.ents24.com/allendale-events/allen-valleys-folk-festival,a
Alfie's Soho,London,https://www.ents24.com/london-events/alfies-soho,a
Astley Community Club,Manchester,https://www.ents24.com/manchester-events/astley-community-club,a
ActOne Cinema,London,https://www.ents24.com/london-events/actone-cinema,a
As You Like It,Newcastle Upon Tyne,https://www.ents24.com/newcastle-upon-tyne-events/as-you-like-it,a
Avenue Theatre,Sittingbourne,https://www.ents24.com/sittingbourne-events/avenue-theatre,a
At The Chapel,Bruton,https://www.ents24.com/bruton-events/at-the-chapel,a
All Nations Inn,Madeley,https://www.ents24.com/madeley-events/all-nations-inn,a
Andiamo Milngavie,Glasgow,https://www.ents24.com/glasgow-events/andiamo-milngavie,a
All Saints Church,Birmingham,https://www.ents24.com/birmingham-events/all-saints-church,a
Abertillery Park,Abertillery,https://www.ents24.com/abertillery-events/abertillery-park,a
Alne Village Hall,Alne,https://www.ents24.com/alne-events/alne-village-hall,a
Arts Bar Baltic,Liverpool,https://www.ents24.com/liverpool-events/arts-bar-baltic,a
Above,Brighton,https://www.ents24.com/brighton-events/above,a
Amersham & Chiltern Rugby Club House,Amersham,https://www.ents24.com/amersham-events/amersham-and-chiltern-rugby-club-house,a
All Saints Church,London,https://www.ents24.com/london-events/all-saints-church-11,a
Ashley Roller Door,London,https://www.ents24.com/london-events/ashley-roller-door,a
Arch,Windsor,https://www.ents24.com/windsor-events/arch,a
All Hallows Church Twickenham,London,https://www.ents24.com/london-events/all-hallows-church-twickenham,a
Askern Miners Welfare,Doncaster,https://www.ents24.com/doncaster-events/askern-miners-welfare,a
Argyll Arms Hotel,Campbeltown,https://www.ents24.com/campbeltown-events/argyll-arms-hotel,a
ARC:HIVE,Liverpool,https://www.ents24.com/liverpool-events/archive-1,a
Abbeydale Ballroom Sheffield,Sheffield,https://www.ents24.com/sheffield-events/abbeydale-ballroom-sheffield,a
Ashbourne Link Centre,Ashbourne,https://www.ents24.com/ashbourne-events/ashbourne-link-centre,a
Auction House,Redruth,https://www.ents24.com/redruth-events/auction-house,a
Allerton Manor Golf Club,Liverpool,https://www.ents24.com/liverpool-events/allerton-manor-golf-club,a
"Arleston Hall, Derby",Derby,https://www.ents24.com/derby-events/arleston-hall-derby,a
Alderman Fenwick's House,Newcastle upon Tyne,https://www.ents24.com/newcastle-upon-tyne-events/alderman-fenwicks-house,a
Aston Fields Sports & Social Club,Bromsgrove,https://www.ents24.com/bromsgrove-events/aston-fields-sports-and-social-club,a
Abington Groove Records,Northampton,https://www.ents24.com/northampton-events/abington-groove-records,a
Arlington Village Hall,Polegate,https://www.ents24.com/polegate-events/arlington-village-hall,a
"Aberstock Festival - Abercarn RFC, Abercarn",Newport,https://www.ents24.com/abercarn-newport-events/aberstock-festival-abercarn-rfc,a
An Táin Arts Centre,Dundalk,https://www.ents24.com/dundalk-events/an-tain-arts-centre,a
All Saints Church,Aylesbury,https://www.ents24.com/aylesbury-events/all-saints-church,a
Arvon Totleigh Barton,Beaworthy,https://www.ents24.com/beaworthy-events/arvon-totleigh-barton,a
Abbey Arts Centre,Ballyshannon,https://www.ents24.com/ballyshannon-events/abbey-arts-centre,a
Bristol Beacon,Bristol,https://www.ents24.com/bristol-events/bristol-beacon,b
Brudenell Social Club,Leeds,https://www.ents24.com/leeds-events/brudenell-social-club,b
Barrowland (1 & 2),Glasgow,https://www.ents24.com/glasgow-events/barrowland-1-and-2,b
bp pulse LIVE,Birmingham,https://www.ents24.com/birmingham-events/bp-pulse-live,b
Brighton Dome,Brighton,https://www.ents24.com/brighton-events/brighton-dome,b
Bournemouth International Centre (BIC),Bournemouth,https://www.ents24.com/bournemouth-events/bournemouth-international-centre-bic,b
Brighton Centre,Brighton,https://www.ents24.com/brighton-events/brighton-centre,b
Band On The Wall,Manchester,https://www.ents24.com/manchester-events/band-on-the-wall,b
Blackpool Winter Gardens,Blackpool,https://www.ents24.com/blackpool-events/blackpool-winter-gardens,b
Bridgewater Hall,Manchester,https://www.ents24.com/manchester-events/bridgewater-hall,b
Birmingham Town Hall,Birmingham,https://www.ents24.com/birmingham-events/birmingham-town-hall,b
Bournemouth Pavilion,Bournemouth,https://www.ents24.com/bournemouth-events/bournemouth-pavilion,b
Birmingham Hippodrome,Birmingham,https://www.ents24.com/birmingham-events/birmingham-hippodrome,b
Babbacombe Theatre,Torquay,https://www.ents24.com/torquay-events/babbacombe-theatre,b
Bridlington Spa,Bridlington,https://www.ents24.com/bridlington-events/bridlington-spa,b
Baths Hall,Scunthorpe,https://www.ents24.com/scunthorpe-events/baths-hall,b
Bush Hall,London,https://www.ents24.com/london-events/bush-hall,b
Big Belly Bar & Comedy Club - Southbank,London,https://www.ents24.com/london-events/big-belly-bar-and-comedy-club-southbank,b
Bath Theatre Royal & Ustinov Studio,Bath,https://www.ents24.com/bath-events/bath-theatre-royal-and-ustinov-studio,b
Buxton Opera House,Buxton,https://www.ents24.com/buxton-events/buxton-opera-house,b
Barbican Centre,London,https://www.ents24.com/london-events/barbican-centre,b
Boiler Shop,Newcastle Upon Tyne,https://www.ents24.com/newcastle-upon-tyne-events/boiler-shop,b
Brewery Arts,Kendal,https://www.ents24.com/kendal-events/brewery-arts,b
Backstage @ Green Hotel Kinross,Kinross,https://www.ents24.com/kinross-events/backstage-green-hotel-kinross,b
"Blickling Hall, Garden & Park",Norwich,https://www.ents24.com/norwich-events/blickling-hall-garden-and-park,b
Birdwell Venue,Barnsley,https://www.ents24.com/barnsley-events/birdwell-venue,b
Boisdale of Canary Wharf,London,https://www.ents24.com/london-events/boisdale-of-canary-wharf,b
Belfast Empire Music Hall,Belfast,https://www.ents24.com/belfast-events/belfast-empire-music-hall,b
Bristol Amphitheatre & Waterfront Square,Bristol,https://www.ents24.com/bristol-events/bristol-amphitheatre-and-waterfront-square,b
Billingham Forum Theatre,Billingham,https://www.ents24.com/billingham-events/billingham-forum-theatre,b
Barnoldswick Music & Arts Centre,Barnoldswick,https://www.ents24.com/barnoldswick-events/barnoldswick-music-and-arts-centre,b
Belgrave Music Hall,Leeds,https://www.ents24.com/leeds-events/belgrave-music-hall,b
Bents Park,South Shields,https://www.ents24.com/south-shields-events/bents-park,b
Billy Bootleggers,Nottingham,https://www.ents24.com/nottingham-events/billy-bootleggers,b
Bedford Corn Exchange,Bedford,https://www.ents24.com/bedford-events/bedford-corn-exchange,b
Bristol Old Vic,Bristol,https://www.ents24.com/bristol-events/bristol-old-vic,b
Birmingham Rep,Birmingham,https://www.ents24.com/birmingham-events/birmingham-repertory-theatre,b
Bristol SU Live,Bristol,https://www.ents24.com/bristol-events/bristol-su-live,b
Burnley Mechanics Theatre,Burnley,https://www.ents24.com/burnley-events/burnley-mechanics-theatre,b
Belgrade Theatre,Coventry,https://www.ents24.com/coventry-events/belgrade-theatre,b
Barnfield Theatre,Exeter,https://www.ents24.com/exeter-events/barnfield-theatre,b
Brierley Hill Civic Hall,Brierley Hill,https://www.ents24.com/brierley-hill-events/brierley-hill-civic-hall,b
Boom Leeds,Leeds,https://www.ents24.com/leeds-events/boom-leeds,b
Blackburn Empire Theatre,Blackburn,https://www.ents24.com/blackburn-events/blackburn-empire-theatre,b
BEAM,Hertford,https://www.ents24.com/hertford-events/beam,b
Braehead Arena,Glasgow,https://www.ents24.com/glasgow-events/braehead-arena,b
Bridport Electric Palace,Bridport,https://www.ents24.com/bridport-events/bridport-electric-palace,b
Barrel House,Totnes,https://www.ents24.com/totnes-events/barrel-house,b
Banks Homes Riverside,Chester-le-Street,https://www.ents24.com/chester-le-street-events/banks-homes-riverside,b
Britannia Pier,Great Yarmouth,https://www.ents24.com/great-yarmouth-events/britannia-pier,b
Bellahouston Park,Glasgow,https://www.ents24.com/glasgow-events/bellahouston-park,b
Binks Yard,Nottingham,https://www.ents24.com/nottingham-events/binks-yard,b
Blackwood Miners' Institute,Blackwood,https://www.ents24.com/blackwood-events/blackwood-miners-institute,b
Black Frog Presents @ Chelmsford Social Club,Chelmsford,https://www.ents24.com/chelmsford-events/black-frog-presents-chelmsford-social-club,b
Bradford Live,Bradford,https://www.ents24.com/bradford-events/bradford-live,b
Beck Theatre,Hayes,https://www.ents24.com/hayes-events/beck-theatre,b
Banquet Records,Kingston Upon Thames,https://www.ents24.com/kingston-upon-thames-events/banquet-records,b
Blenheim Palace,Woodstock,https://www.ents24.com/woodstock-events/blenheim-palace,b
Bannerman's Bar (and The Underworld),Edinburgh,https://www.ents24.com/edinburgh-events/bannermans-bar-and-the-underworld,b
Bloomsbury Theatre,London,https://www.ents24.com/london-events/bloomsbury-theatre,b
Barnsley Civic,Barnsley,https://www.ents24.com/barnsley-events/barnsley-civic,b
Brooklands Museum,Weybridge,https://www.ents24.com/weybridge-events/brooklands-museum,b
Broadstairs Pavilion,Broadstairs,https://www.ents24.com/broadstairs-events/broadstairs-pavilion-1,b
Brixham Theatre,Brixham,https://www.ents24.com/brixham-events/brixham-theatre,b
Bacon Theatre,Cheltenham,https://www.ents24.com/cheltenham-events/bacon-theatre,b
Bedworth Civic Hall,Bedworth,https://www.ents24.com/bedworth-events/bedworth-civic-hall,b
Billy Bootleggers,Newcastle upon Tyne,https://www.ents24.com/newcastle-upon-tyne-events/billy-bootleggers-1,b
Beat Generator Live!,Dundee,https://www.ents24.com/dundee-events/beat-generator-live,b
Backyard Comedy Club,London,https://www.ents24.com/london-events/backyard-comedy-club-1,b
Bear's Bar & Venue,Bournemouth,https://www.ents24.com/bournemouth-events/bears-bar-and-venue,b
Bedgebury Pinetum & Forest,Goudhurst,https://www.ents24.com/goudhurst-events/bedgebury-pinetum-and-forest,b
British Airways ARC,London,https://www.ents24.com/london-events/british-airways-arc,b
Borough Theatre,Abergavenny,https://www.ents24.com/abergavenny-events/borough-theatre,b
Blues At The Bay,Stockton On Tees,https://www.ents24.com/stockton-on-tees-events/blues-at-the-bay,b
Burghley House,Stamford,https://www.ents24.com/stamford-events/burghley-house,b
Butlins,Skegness,https://www.ents24.com/skegness-events/butlins,b
Barn Theatre,Oxted,https://www.ents24.com/oxted-events/barn-theatre,b
Bodelwyddan Castle,Rhyl,https://www.ents24.com/rhyl-events/bodelwyddan-castle,b
Birmingham Cathedral,Birmingham,https://www.ents24.com/birmingham-events/birmingham-cathedral-1,b
Brewhouse Arts Centre,Burton-on-Trent,https://www.ents24.com/burton-on-trent-events/brewhouse-arts-centre,b
Broadway Theatre Catford,London,https://www.ents24.com/london-events/broadway-theatre-catford,b
Bangor Castle Walled Garden,Bangor,https://www.ents24.com/bangor-events/bangor-castle-walled-garden,b
Barras Art & Design Centre,Glasgow,https://www.ents24.com/glasgow-events/barras-art-and-design-centre,b
Beacon Arts Centre,Greenock,https://www.ents24.com/greenock-events/beacon-arts-centre,b
Brighton Racecourse,Brighton,https://www.ents24.com/brighton-events/brighton-racecourse,b
Bristol Cathedral,Bristol,https://www.ents24.com/bristol-events/bristol-cathedral,b
Bingley Arts Centre,Bingley,https://www.ents24.com/bingley-events/bingley-arts-centre,b
Belfast Cathedral,Belfast,https://www.ents24.com/belfast-events/belfast-cathedral,b
Blackweir Fields,Cardiff,https://www.ents24.com/cardiff-events/blackweir-fields,b
Butlins Minehead,Minehead,https://www.ents24.com/minehead-events/butlins-minehead,b
Brownsea Open Air Theatre,Wimborne,https://www.ents24.com/wimborne-events/brownsea-open-air-theatre,b
Blackheath Halls,London,https://www.ents24.com/london-events/blackheath-halls,b
Belton House,Grantham,https://www.ents24.com/grantham-events/belton-house,b
"Black Cat, Bridgend",Bridgend,https://www.ents24.com/bridgend-events/black-cat-bridgend,b
Bristol Folk House,Bristol,https://www.ents24.com/bristol-events/bristol-folk-house,b
Bath Racecourse,Bath,https://www.ents24.com/bath-events/bath-racecourse,b
Bridgwater Arts Centre,Bridgwater,https://www.ents24.com/bridgwater-events/bridgwater-arts-centre,b
Belfast Barge,Belfast,https://www.ents24.com/belfast-events/belfast-barge,b
Barbican Theatre,Plymouth,https://www.ents24.com/plymouth-events/barbican-theatre,b
Boucher Road Playing Fields,Belfast,https://www.ents24.com/belfast-events/boucher-road-playing-fields,b
Blackfriars,Glasgow,https://www.ents24.com/glasgow-events/blackfriars,b
Boardmasters Festival Site,Newquay,https://www.ents24.com/newquay-events/boardmasters-festival-site,b
Behind The Wall,Falkirk,https://www.ents24.com/falkirk-events/behind-the-wall,b
Bath Abbey,Bath,https://www.ents24.com/bath-events/bath-abbey,b
Bootleg Social,Blackpool,https://www.ents24.com/blackpool-events/bootleg-social,b
Battersea Barge,London,https://www.ents24.com/london-events/battersea-barge,b
Byre Theatre,St Andrews,https://www.ents24.com/st-andrews-events/byre-theatre,b
Benedictine Social Club,Cramlington,https://www.ents24.com/cramlington-events/benedictine-social-club,b
Bloomsbury Central Baptist Church,London,https://www.ents24.com/london-events/bloomsbury-central-baptist-church,b
Bolton Little Theatre,Bolton,https://www.ents24.com/bolton-events/bolton-little-theatre,b
Brighton Open Air Theatre (B.O.A.T.),Brighton,https://www.ents24.com/brighton-events/brighton-open-air-theatre,b
Bishops' House,Sheffield,https://www.ents24.com/sheffield-events/bishops-house,b
Bedford Park,Bedford,https://www.ents24.com/bedford-events/bedford-park,b
Badderley Green WMC,Stoke-On-Trent,https://www.ents24.com/stoke-on-trent-events/badderley-green-wmc,b
Bridewell Theatre,London,https://www.ents24.com/london-events/bridewell-theatre,b
Borde Hill Gardens,Haywards Heath,https://www.ents24.com/haywards-heath-events/borde-hill-gardens,b
Broadway Cinema & Theatre,Letchworth Garden City,https://www.ents24.com/letchworth-garden-city-events/broadway-cinema-and-theatre,b
Bowlers Exhibition Centre,Manchester,https://www.ents24.com/manchester-events/bowlers-exhibition-centre,b
Brookside Theatre,Romford,https://www.ents24.com/romford-events/brookside-theatre,b
Burton Town Hall,Burton-On-Trent,https://www.ents24.com/burton-on-trent-events/burton-town-hall,b
Bord Gáis Energy Theatre,Dublin,https://www.ents24.com/dublin-events/bord-gais-energy-theatre,b
Brighton Beach,Brighton,https://www.ents24.com/brighton-events/brighton-beach,b
Buckingham Palace,London,https://www.ents24.com/london-events/buckingham-palace,b
Burgess Hall,St Ives (near Cambridge),https://www.ents24.com/st-ives-near-cambridge-events/burgess-hall,b
Blaxhall Village Hall,Woodbridge,https://www.ents24.com/woodbridge-events/blaxhall-village-hall,b
Bourne Corn Exchange,Bourne,https://www.ents24.com/bourne-events/bourne-corn-exchange,b
Battersea Park,London,https://www.ents24.com/london-events/battersea-park,b
Broadway Cinema,Nottingham,https://www.ents24.com/nottingham-events/broadway-cinema,b
BAWA Club,Bristol,https://www.ents24.com/bristol-events/bawa-club,b
BLOC,Glasgow,https://www.ents24.com/glasgow-events/bloc,b
Bogbain Farm,Inverness,https://www.ents24.com/inshes-events/bogbain-farm,b
Belladrum Estate,Beauly,https://www.ents24.com/beauly-events/belladrum-estate,b
Bristol Packet Boat Trips,Bristol,https://www.ents24.com/bristol-events/bristol-packet-boat-trips,b
Bude Castle,Bude,https://www.ents24.com/bude-events/bude-castle,b
Bacup Royal Court Theatre,Bacup,https://www.ents24.com/bacup-events/bacup-royal-court-theatre,b
Bilston Town Hall,Bilston,https://www.ents24.com/bilston-events/bilston-town-hall,b
Blakeney Harbour Room,Holt,https://www.ents24.com/holt-events/blakeney-harbour-room,b
Beverley Racecourse,Beverley,https://www.ents24.com/beverley-events/beverley-racecourse,b
Barrow Hill Roundhouse,Chesterfield,https://www.ents24.com/chesterfield-events/barrow-hill-roundhouse,b
Boston Manor Park,Brentford,https://www.ents24.com/brentford-events/boston-manor-park,b
Bier Keller,Bracknell,https://www.ents24.com/bracknell-events/bier-keller,b
Brogdale Farm,Faversham,https://www.ents24.com/faversham-events/brogdale-farm,b
Brighouse Civic Hall,Brighouse,https://www.ents24.com/brighouse-events/brighouse-civic-hall,b
Barrow Town Hall,Barrow-in-Furness,https://www.ents24.com/barrow-in-furness-events/barrow-town-hall,b
Bawtry Phoenix Theatre,Bawtry,https://www.ents24.com/bawtry-events/bawtry-phoenix-theatre,b
Barrfields Theatre,Largs,https://www.ents24.com/largs-events/barrfields-theatre,b
Blackheath Common,London,https://www.ents24.com/london-events/blackheath-common,b
Bishop Auckland Town Hall,Bishop Auckland,https://www.ents24.com/bishop-auckland-events/bishop-auckland-town-hall,b
Blackfriars Arts Centre,Boston,https://www.ents24.com/boston-events/blackfriars-arts-centre,b
Between The Bridges,London,https://www.ents24.com/london-events/between-the-bridges,b
Burtonwood Community Centre,Warrington,https://www.ents24.com/warrington-events/burtonwood-community-centre,b
Brighton Hove Lawns,Brighton,https://www.ents24.com/brighton-events/brighton-hove-lawns-1,b
Bolehall Manor,Tamworth,https://www.ents24.com/tamworth-events/bolehall-manor,b
Backroads House Concerts,Hertford,https://www.ents24.com/hertford-events/backroads-house-concerts,b
Bromley Little Theatre,Bromley,https://www.ents24.com/bromley-events/bromley-little-theatre,b
Bar One,Derby,https://www.ents24.com/derby-events/bar-one,b
Bridgwater & Albion Rugby Football Club,Bridgwater,https://www.ents24.com/bridgwater-events/bridgwater-and-albion-rugby-football-club,b
Brecon Beacons,Brecon,https://www.ents24.com/brecon-events/brecon-beacons,b
Birnam Arts Centre,Dunkeld,https://www.ents24.com/dunkeld-events/birnam-arts-centre,b
Battersea Arts Centre (BAC),London,https://www.ents24.com/london-events/battersea-arts-centre-bac,b
Blue Funnel Cruises,Southampton,https://www.ents24.com/southampton-events/blue-funnel-cruises,b
Berkhamsted Civic Centre,Berkhamsted,https://www.ents24.com/berkhamsted-events/berkhamsted-civic-centre,b
Blundell Street,Liverpool,https://www.ents24.com/liverpool-events/blundell-street,b
Black Horse Hotel,Otley,https://www.ents24.com/otley-events/black-horse-hotel,b
Brymbo Sports & Social Club,Wrexham,https://www.ents24.com/wrexham-events/brymbo-sports-and-social-club,b
Blackstone Street Warehouse,Liverpool,https://www.ents24.com/liverpool-events/blackstone-street-warehouse,b
Bradford Cathedral,Bradford,https://www.ents24.com/bradford-events/bradford-cathedral,b
Balmoral Hotel,Belfast,https://www.ents24.com/belfast-events/balmoral-hotel,b
Bush Theatre at The Old Shepherd’s Bush Library,London,https://www.ents24.com/london-events/bush-theatre-at-the-old-shepherds-bush-library,b
Bibis Italianissimo,Leeds,https://www.ents24.com/leeds-events/bibis-italianissimo,b
Bramham Park,Leeds,https://www.ents24.com/leeds-events/bramham-park,b
"Beau Sejour, St Peter Port",Guernsey,https://www.ents24.com/st-peter-port-guernsey-events/beau-sejour,b
Bonington Theatre,Nottingham,https://www.ents24.com/nottingham-events/bonington-theatre,b
Boxmoor Playhouse,Hemel Hempstead,https://www.ents24.com/hemel-hempstead-events/boxmoor-playhouse,b
Breakneck Comedy Club,Aberdeen,https://www.ents24.com/aberdeen-events/breakneck-comedy-club,b
Birchmeadow Centre,Broseley,https://www.ents24.com/broseley-events/birchmeadow-centre,b
Bull & Gate,London,https://www.ents24.com/london-events/bull-and-gate,b
Bromley House Library,Nottingham,https://www.ents24.com/nottingham-events/bromley-house-library,b
Biddulph Town Hall,Biddulph,https://www.ents24.com/biddulph-events/biddulph-town-hall,b
Beverley Minster,Beverley,https://www.ents24.com/beverley-events/beverley-minster,b
Bakewell Town Hall,Bakewell,https://www.ents24.com/bakewell-events/bakewell-town-hall,b
Black Park Country Park,Slough,https://www.ents24.com/slough-events/black-park-country-park,b
Bolton Parish Church,Bolton,https://www.ents24.com/bolton-events/bolton-parish-church,b
Bermondsey Social Club,London,https://www.ents24.com/london-events/bermondsey-social-club,b
Bredy Farm,Burton Bradstock,https://www.ents24.com/burton-bradstock-events/bredy-farm,b
Beamish Hall Country House Hotel,Stanley,https://www.ents24.com/stanley-events/beamish-hall-country-house-hotel,b
Beaverworks,Leeds,https://www.ents24.com/leeds-events/beaverworks-1,b
Bolesworth Estate,Chester,https://www.ents24.com/chester-events/bolesworth-estate,b
Brighton Unitarian Church,Brighton,https://www.ents24.com/brighton-events/brighton-unitarian-church,b
Bradford Arts Centre,Bradford,https://www.ents24.com/bradford-events/bradford-arts-centre,b
Ballin Maidstone,Maidstone,https://www.ents24.com/maidstone-events/ballin-maidstone,b
Brynamman Public Hall Cinema,Ammanford,https://www.ents24.com/ammanford-events/brynamman-public-hall-cinema,b
By Our Hands We Make Our Way,Nottingham,https://www.ents24.com/nottingham-events/by-our-hands-we-make-our-way,b
Bromsgrove Arts,Bromsgrove,https://www.ents24.com/bromsgrove-events/bromsgrove-arts,b
Bagster House Club,Shepperton,https://www.ents24.com/shepperton-events/bagster-house-club,b
Battersea Evolution,London,https://www.ents24.com/london-events/battersea-evolution,b
Bacchus,Kingston Upon Thames,https://www.ents24.com/kingston-upon-thames-events/bacchus,b
Brunswick,Brighton,https://www.ents24.com/brighton-events/brunswick,b
Bessels Green Baptist Church,Sevenoaks,https://www.ents24.com/sevenoaks-events/bessels-green-baptist-church,b
Blackbox Hastings,Hastings,https://www.ents24.com/hastings-events/blackbox-hastings,b
Berkhamsted Jazz Club,Berkhamsted,https://www.ents24.com/berkhamsted-events/berkhamsted-jazz-club,b
BottleCraft,Stoke-on-Trent,https://www.ents24.com/stoke-on-trent-events/bottlecraft,b
Blackwood Miners' Institute,Blackwood,https://www.ents24.com/blackwood-events/blackwood-miners-institute-1,b
Bethel Convention Centre,West Bromwich,https://www.ents24.com/west-bromwich-events/bethel-convention-centre,b
Bicester Heritage,Bicester,https://www.ents24.com/bicester-events/bicester-heritage,b
Birkenhead Park,Birkenhead,https://www.ents24.com/birkenhead-events/birkenhead-park,b
Baltic Triangle,Liverpool,https://www.ents24.com/liverpool-events/baltic-triangle-1,b
Backwell Playhouse Theatre,Bristol,https://www.ents24.com/bristol-events/backwell-playhouse-theatre,b
Brechin City Hall,Brechin,https://www.ents24.com/brechin-events/brechin-city-hall,b
Blitz,Preston,https://www.ents24.com/preston-events/blitz,b
Beeston Victory Club,Nottingham,https://www.ents24.com/nottingham-events/beeston-victory-club,b
Brewery Tap,Doncaster,https://www.ents24.com/doncaster-events/brewery-tap,b
Biddle Bros (Builders),London,https://www.ents24.com/london-events/biddle-bros-builders,b
Bread & Roses,London,https://www.ents24.com/london-events/bread-and-roses,b
Britannia Pier Theatre,Great Yarmouth,https://www.ents24.com/great-yarmouth-events/britannia-pier-theatre,b
Bistrotheque,London,https://www.ents24.com/london-events/bistrotheque,b
Beat-Herder Festival,Lancashire,https://www.ents24.com/lancashire-events/beat-herder-festival,b
Bamber Bridge Catholic Club,Preston,https://www.ents24.com/preston-events/bamber-bridge-catholic-club,b
Bilton Working Men's Club,Harrogate,https://www.ents24.com/harrogate-events/bilton-working-mens-club,b
Brodick Hall,Brodick,https://www.ents24.com/brodick-events/brodick-hall,b
Burnham Park Hall,Burnham,https://www.ents24.com/burnham-events/burnham-park-hall,b
Barham Court,Barham,https://www.ents24.com/barham-events/barham-court-1,b
Barrow Golf Club,Barrow-in-Furness,https://www.ents24.com/barrow-in-furness-events/barrow-golf-club,b
Bolesworth Castle,Chester,https://www.ents24.com/chester-events/bolesworth-castle-1,b
Boat of Garten Community Hall,Boat of Garten,https://www.ents24.com/boat-of-garten-events/boat-of-garten-community-hall,b
Birkenhead Library,Birkenhead,https://www.ents24.com/birkenhead-events/birkenhead-library,b
Bramshaw Village Hall,Lyndhurst,https://www.ents24.com/lyndhurst-events/bramshaw-village-hall-1,b
Bricklayers Arms,Aylesford,https://www.ents24.com/aylesford-events/bricklayers-arms,b
Beechwalk Park,Crail,https://www.ents24.com/crail-events/beechwalk-park,b
Billy's Bar,Manchester,https://www.ents24.com/manchester-events/billys-bar,b
Braunstone Victoria Working Mens Club,Leicester,https://www.ents24.com/leicester-events/braunstone-victoria-working-mens-club,b
Beckenham Place Mansion,Beckenham,https://www.ents24.com/beckenham-events/beckenham-place-mansion,b
Beaver Inn,Appledore,https://www.ents24.com/appledore-events/beaver-inn,b
Balham Bowls Club,London,https://www.ents24.com/london-events/balham-bowls-club,b
Berkeley Suite,Glasgow,https://www.ents24.com/glasgow-events/berkeley-suite,b
Beoley Village Hall,Redditch,https://www.ents24.com/redditch-events/beoley-village-hall,b
Brackenfield Village Hall,Alfreton,https://www.ents24.com/alfreton-events/brackenfield-village-hall,b
Broadway Hotel,Letchworth,https://www.ents24.com/letchworth-events/broadway-hotel,b
Banks's Stadium,Walsall,https://www.ents24.com/walsall-events/bankss-stadium,b
Brighton Railway Club,Brighton,https://www.ents24.com/brighton-events/brighton-railway-club,b
Brighton College,Brighton,https://www.ents24.com/brighton-events/brighton-college,b
Bamber Bridge Conservative Club,Bamber Bridge,https://www.ents24.com/bamber-bridge-events/bamber-bridge-conservative-club,b
Boston Conservative Club,Boston,https://www.ents24.com/boston-events/boston-conservative-club,b
Betteshanger Country Park,Deal,https://www.ents24.com/deal-events/betteshanger-country-park,b
Brewery Tap Hall & Bar,Northfleet,https://www.ents24.com/northfleet-events/brewery-tap-hall-and-bar,b
Blairgowrie Town Hall,Blairgowrie,https://www.ents24.com/blairgowrie-events/blairgowrie-town-hall,b
Beal Farm,Beal,https://www.ents24.com/beal-events/beal-farm,b
Butt Field,Bingham,https://www.ents24.com/bingham-events/butt-field,b
Bull Inn,Shrewsbury,https://www.ents24.com/shrewsbury-events/bull-inn,b
Beehive Inn,Edinburgh,https://www.ents24.com/edinburgh-events/beehive-inn,b
Black Market Venue,Warsop,https://www.ents24.com/warsop-events/black-market-venue,b
Boxpark,Liverpool,https://www.ents24.com/liverpool-events/boxpark,b
Brompton Ralph Village Hall,Brompton Ralph,https://www.ents24.com/brompton-ralph-events/brompton-ralph-village-hall,b
Beldam Hall @ Repton School,Repton,https://www.ents24.com/repton-events/beldam-hall-repton-school,b
Brighton SEA LIFE,Brighton,https://www.ents24.com/brighton-events/brighton-sea-life,b
Blackpool Sandcastle Water Park,Blackpool,https://www.ents24.com/blackpool-events/blackpool-sandcastle-water-park,b
Braintree and Bocking Constitutional Club,Braintree,https://www.ents24.com/braintree-events/braintree-and-bocking-constitutional-club,b
Buckingham Community Centre,Buckingham,https://www.ents24.com/buckingham-events/buckingham-community-centre,b
Big Blue Hotel,Blackpool,https://www.ents24.com/blackpool-events/big-blue-hotel,b
Bell & Talbot,Bridgnorth,https://www.ents24.com/bridgnorth-events/bell-and-talbot,b
Belbroughton Scarecrow Festival Site,Stourbridge,https://www.ents24.com/stourbridge-events/belbroughton-scarecrow-festival-site,b
Burntwood Memorial Institute,Burntwood,https://www.ents24.com/burntwood-events/burntwood-memorial-institute,b
BAC/EE Social and Sports Association,Preston,https://www.ents24.com/preston-events/bacee-social-and-sports-association,b
Bradninch Guildhall,Bradninch,https://www.ents24.com/bradninch-events/bradninch-guildhall,b
Byfield Village Hall,Byfield,https://www.ents24.com/byfield-events/byfield-village-hall,b
Bottles,Worcester,https://www.ents24.com/worcester-events/bottles,b
Broseley Social Club,Broseley,https://www.ents24.com/broseley-events/broseley-social-club-1,b
Bowring Park,Telford,https://www.ents24.com/telford-events/bowring-park-3,b
Blondies Brewery,London,https://www.ents24.com/london-events/blondies-brewery,b
Belstead Arms,Ipswich,https://www.ents24.com/ipswich-events/belstead-arms,b
Baltonsborough Village Hall,Baltonsborough,https://www.ents24.com/baltonsborough-events/baltonsborough-village-hall,b
Brookfields Riding & Livery Centre,Wolverhampton,https://www.ents24.com/wolverhampton-events/brookfields-riding-and-livery-centre,b
Badminton Village Club,Badminton,https://www.ents24.com/badminton-events/badminton-village-club,b
Beverley Rugby Union Football Club,Beverley,https://www.ents24.com/beverley-events/beverley-rugby-union-football-club,b
Brighton Open Air Theatre,Hove,https://www.ents24.com/hove-events/brighton-open-air-theatre,b
Boy and Barrel,Mexborough,https://www.ents24.com/mexborough-events/boy-and-barrel,b
Blaengarw RFC,Bridgend,https://www.ents24.com/bridgend-events/blaengarw-rfc,b
Belle Livingstone's 58th Street Country Club,London,https://www.ents24.com/london-events/belle-livingstones-58th-street-country-club,b
Bar None,Nottingham,https://www.ents24.com/nottingham-events/bar-none,b
Baird Park,Stonehaven,https://www.ents24.com/stonehaven-events/baird-park,b
Bentley Country Estate,Brighton,https://www.ents24.com/brighton-events/bentley-country-estate,b
Blackfordby Village Hall,Swadlincote,https://www.ents24.com/swadlincote-events/blackfordby-village-hall,b
Buxton Brewery,Buxton,https://www.ents24.com/buxton-events/buxton-brewery,b
Bowleze Cove Holiday park,weymouth,https://www.ents24.com/weymouth-events/bowleze-cove-holiday-park,b
Bingham Folk Club at The Town Pavillion,Bingham,https://www.ents24.com/bingham-events/bingham-folk-club-at-the-town-pavillion,b
Brickwork,Londonderry,https://www.ents24.com/londonderry-events/brickwork,b
Bure Park Primary School,Bicester,https://www.ents24.com/bicester-events/bure-park-primary-school,b
Becket Primary School,Derby,https://www.ents24.com/derby-events/becket-primary-school,b
Brockworth Rugby Club,Gloucester,https://www.ents24.com/gloucester-events/brockworth-rugby-club,b
Barnstaple Social Club,Barnstaple,https://www.ents24.com/barnstaple-events/barnstaple-social-club,b
Butchers Arms,Stoke-on-Trent,https://www.ents24.com/stoke-on-trent-events/butchers-arms,b
Bugle House,Southampton,https://www.ents24.com/southampton-events/bugle-house,b
BBOB RFC,Northampton,https://www.ents24.com/northampton-events/bbob-rfc,b
Brixton Blend,London,https://www.ents24.com/london-events/brixton-blend,b
Beighton Welfare,Beighton,https://www.ents24.com/beighton-events/beighton-welfare,b
Banff Links,Banff,https://www.ents24.com/banff-events/banff-links-1,b
Bishop's Castle Town Hall,Bishop's Castle,https://www.ents24.com/bishops-castle-events/bishops-castle-town-hall,b
Biggin Hill Social & Sports Club,Westerham,https://www.ents24.com/westerham-events/biggin-hill-social-and-sports-club-1,b
Bodrhyddan Hall,Clwyd,https://www.ents24.com/clwyd-events/bodrhyddan-hall-1,b
Bitterley Village Hall,Ludlow,https://www.ents24.com/ludlow-events/bitterley-village-hall,b
Bennett Centre,Frome,https://www.ents24.com/frome-events/bennett-centre,b
Ball & Boot,Wigan,https://www.ents24.com/wigan-events/ball-and-boot,b
Bletchley Social Club,Milton Keynes,https://www.ents24.com/milton-keynes-events/bletchley-social-club,b
Bloomfield Square,Otley,https://www.ents24.com/otley-events/bloomfield-square,b
Binary,Derby,https://www.ents24.com/derby-events/binary,b
Beauvale Lodge camp site,Nottingham,https://www.ents24.com/nottingham-events/beauvale-lodge-camp-site,b
Brandesburton social club,Driffield,https://www.ents24.com/driffield-events/brandesburton-social-club-1,b
Belle Vue Leisure Centre,Manchester,https://www.ents24.com/manchester-events/belle-vue-leisure-centre,b
Berwick-upon-Tweed Castle & Ramparts,Berwick-upon-Tweed,https://www.ents24.com/berwick-upon-tweed-events/berwick-upon-tweed-castle-and-ramparts,b
Baldridgeburn Leisure Centre,Baldridgeburn,https://www.ents24.com/baldridgeburn-events/baldridgeburn-leisure-centre,b
Berwick Parish Church,Berwick upon Tweed,https://www.ents24.com/berwick-upon-tweed-events/berwick-parish-church,b
Bexhill Museum,Bexhill-on-Sea,https://www.ents24.com/bexhill-on-sea-events/bexhill-museum,b
Boughton Under Blean Village Hall,Faversham,https://www.ents24.com/faversham-events/boughton-under-blean-village-hall,b
Burnavon Arts & Cultural Centre,Cookstown,https://www.ents24.com/cookstown-events/burnavon-arts-and-cultural-centre,b
Boyce's Barrel,Colne,https://www.ents24.com/colne-events/boyces-barrel,b
Baypoint Sports Club,Sandwich,https://www.ents24.com/sandwich-events/baypoint-sports-club,b
Blackfordby Old School Room,Swadlincote,https://www.ents24.com/swadlincote-events/blackfordby-old-school-room,b
BLODS Hall,Bexhill-On-Sea,https://www.ents24.com/bexhill-on-sea-events/blods-hall,b
BOCS - Music Bar,Arberth,https://www.ents24.com/arberth-events/bocs-music-bar,b
Brodick Golf Club,Isle of Arran,https://www.ents24.com/isle-of-arran-events/brodick-golf-club,b
Beaminster Arts Festival,Beaminster,https://www.ents24.com/beaminster-events/beaminster-arts-festival,b
bishops court farm,"Dorchester-on-Thames,",https://www.ents24.com/dorchester-on-thames-events/bishops-court-farm,b
Brothership,Hertford,https://www.ents24.com/hertford-events/brothership,b
Ballykeeffe Amphitheatre,Kilkenny,https://www.ents24.com/kilkenny-events/ballykeeffe-amphitheatre,b
Cliffs Pavilion,Southend-on-Sea,https://www.ents24.com/southend-on-sea-events/cliffs-pavilion,c
Cambridge Corn Exchange,Cambridge,https://www.ents24.com/cambridge-events/cambridge-corn-exchange,c
Concorde 2,Brighton,https://www.ents24.com/brighton-events/concorde-2,c
"Cardiff University SU (The Great Hall, Solus, CF10, The Taf, Y Plas)",Cardiff,https://www.ents24.com/cardiff-events/cardiff-university-su-the-great-hall-solus-cf10-the-taf-y-plas,c
Cambridge Junction,Cambridge,https://www.ents24.com/cambridge-events/cambridge-junction,c
City Varieties Music Hall,Leeds,https://www.ents24.com/leeds-events/city-varieties-music-hall,c
Chelmsford Theatre,Chelmsford,https://www.ents24.com/chelmsford-events/chelmsford-theatre,c
Cardiff Castle,Cardiff,https://www.ents24.com/cardiff-events/cardiff-castle,c
Cheese & Grain,Frome,https://www.ents24.com/frome-events/cheese-and-grain,c
Clwb Ifor Bach,Cardiff,https://www.ents24.com/cardiff-events/clwb-ifor-bach,c
Chalk,Brighton,https://www.ents24.com/brighton-events/chalk,c
Cottingham Civic Hall,Cottingham,https://www.ents24.com/cottingham-events/cottingham-civic-hall,c
Cheltenham Town Hall,Cheltenham,https://www.ents24.com/cheltenham-events/cheltenham-town-hall,c
Co-op Live Arena,Manchester,https://www.ents24.com/manchester-events/co-op-live-arena,c
Corn Exchange,Ipswich,https://www.ents24.com/ipswich-events/corn-exchange,c
Congress Theatre,Eastbourne,https://www.ents24.com/eastbourne-events/congress-theatre,c
Connexin Live,Hull,https://www.ents24.com/hull-events/connexin-live,c
Chinnerys,Southend-on-Sea,https://www.ents24.com/southend-on-sea-events/chinnerys,c
Cadogan Hall,London,https://www.ents24.com/london-events/cadogan-hall,c
Cafe #9,Sheffield,https://www.ents24.com/sheffield-events/cafe-9,c
Colchester Arts Centre,Colchester,https://www.ents24.com/colchester-events/colchester-arts-centre,c
Chapel Arts Centre,Bath,https://www.ents24.com/bath-events/chapel-arts-centre,c
Castlefield Bowl,Manchester,https://www.ents24.com/manchester-events/castlefield-bowl,c
Caird Hall,Dundee,https://www.ents24.com/dundee-events/caird-hall,c
Churchill Theatre,Bromley,https://www.ents24.com/bromley-events/churchill-theatre,c
Curve,Leicester,https://www.ents24.com/leicester-events/curve,c
Crucible Theatre,Sheffield,https://www.ents24.com/sheffield-events/crucible-theatre,c
Chepstow Castle,Chepstow,https://www.ents24.com/chepstow-events/chepstow-castle-1,c
Charter Hall,Colchester,https://www.ents24.com/colchester-events/charter-hall,c
Camp & Furnace,Liverpool,https://www.ents24.com/liverpool-events/camp-and-furnace,c
Coventry Building Society Arena,Coventry,https://www.ents24.com/coventry-events/coventry-building-society-arena,c
Corporation,Sheffield,https://www.ents24.com/sheffield-events/corporation,c
Cast,Doncaster,https://www.ents24.com/doncaster-events/cast,c
Chichester Festival Theatre,Chichester,https://www.ents24.com/chichester-events/chichester-festival-theatre,c
Cheltenham Racecourse,Cheltenham,https://www.ents24.com/cheltenham-events/cheltenham-racecourse,c
Citizens Theatre,Glasgow,https://www.ents24.com/glasgow-events/citizens-theatre,c
Custom House Square,Belfast,https://www.ents24.com/belfast-events/custom-house-square,c
Circuit,Kingston Upon Thames,https://www.ents24.com/kingston-upon-thames-events/circuit,c
Citadel Arts Centre,St Helens,https://www.ents24.com/st-helens-events/citadel-arts-centre,c
Chantry Brewery Tap n Venue,Rotherham,https://www.ents24.com/rotherham-events/chantry-brewery-tap-n-venue,c
Corn Exchange,Newbury,https://www.ents24.com/newbury-events/corn-exchange,c
Cardiff City Stadium,Cardiff,https://www.ents24.com/cardiff-events/cardiff-city-stadium,c
Chorley Theatre,Chorley,https://www.ents24.com/chorley-events/chorley-theatre,c
Customs House,South Shields,https://www.ents24.com/south-shields-events/customs-house,c
Cafe Drummond,Aberdeen,https://www.ents24.com/aberdeen-events/cafe-drummond,c
Cottiers Theatre,Glasgow,https://www.ents24.com/glasgow-events/cottiers-theatre,c
Chapter Arts Centre,Cardiff,https://www.ents24.com/cardiff-events/chapter-arts-centre,c
Club 85,Hitchin,https://www.ents24.com/hitchin-events/club-85,c
Castle Theatre,Wellingborough,https://www.ents24.com/wellingborough-events/castle-theatre,c
Cheltenham Playhouse,Cheltenham,https://www.ents24.com/cheltenham-events/cheltenham-playhouse,c
Crookes Social Club,Sheffield,https://www.ents24.com/sheffield-events/crookes-social-club,c
Crystal Palace Park & Bowl,London,https://www.ents24.com/london-events/crystal-palace-park-and-bowl,c
Camberley Theatre,Camberley,https://www.ents24.com/camberley-events/camberley-theatre,c
Cart And Horses,London,https://www.ents24.com/london-events/cart-and-horses,c
Cathouse Nightclub,Glasgow,https://www.ents24.com/glasgow-events/cathouse-nightclub,c
Chepstow Racecourse,Chepstow,https://www.ents24.com/chepstow-events/chepstow-racecourse,c
City Halls,Glasgow,https://www.ents24.com/glasgow-events/city-halls,c
Connaught Theatre,Worthing,https://www.ents24.com/worthing-events/the-connaught-theatre,c
Cabaret Voltaire,Edinburgh,https://www.ents24.com/edinburgh-events/cabaret-voltaire,c
Calstock Arts,Calstock,https://www.ents24.com/calstock-events/the-old-chapel,c
Castle Howard,York,https://www.ents24.com/york-events/castle-howard,c
Carnegie Hall,Dunfermline,https://www.ents24.com/dunfermline-events/carnegie-hall,c
Cromer Pier Pavilion Theatre,Cromer,https://www.ents24.com/cromer-events/cromer-pier-pavilion-theatre,c
Campbell Park,Milton Keynes,https://www.ents24.com/milton-keynes-events/campbell-park,c
Chester Racecourse,Chester,https://www.ents24.com/chester-events/chester-racecourse,c
Colours,London,https://www.ents24.com/london-events/colours,c
Coliseum Theatre,Aberdare,https://www.ents24.com/aberdare-events/coliseum-theatre,c
Cannock Chase Forest,Rugeley,https://www.ents24.com/rugeley-events/cannock-chase-forest,c
Central Hall Westminster,London,https://www.ents24.com/london-events/central-hall-westminster,c
Caerphilly Workmen's Hall,Caerphilly,https://www.ents24.com/caerphilly-events/caerphilly-workmens-hall,c
Canalhouse,Nottingham,https://www.ents24.com/nottingham-events/canalhouse,c
Carnegie Theatre,Workington,https://www.ents24.com/workington-events/carnegie-theatre,c
Chequer Mead Theatre,East Grinstead,https://www.ents24.com/east-grinstead-events/chequer-mead-theatre-1,c
Cranleigh Arts,Cranleigh,https://www.ents24.com/cranleigh-events/cranleigh-arts,c
Corn Exchange,Newport,https://www.ents24.com/newport-events/corn-exchange,c
Claptrap,Stourbridge,https://www.ents24.com/stourbridge-events/claptrap,c
Carnglaze Caverns & The Rum Store,Liskeard,https://www.ents24.com/liskeard-events/carnglaze-caverns-and-the-rum-store,c
Colchester Castle Park & Gardens,Colchester,https://www.ents24.com/colchester-events/colchester-castle-park-and-gardens,c
Central Pier Show Bar,Blackpool,https://www.ents24.com/blackpool-events/central-pier-show-bar,c
Church Dundee,Dundee,https://www.ents24.com/dundee-events/deacon-brodies,c
Cococure Haus,London,https://www.ents24.com/london-events/cococure-haus,c
Corn Exchange,Devizes,https://www.ents24.com/devizes-events/corn-exchange,c
Central Park,Chelmsford,https://www.ents24.com/chelmsford-events/central-park,c
Copper Box Arena,London,https://www.ents24.com/london-events/copper-box-arena,c
Crescent Theatre,Birmingham,https://www.ents24.com/birmingham-events/crescent-theatre,c
Cambridge Theatre,London,https://www.ents24.com/london-events/cambridge-theatre,c
Cygnet Theatre,Exeter,https://www.ents24.com/exeter-events/cygnet-theatre,c
Cromer Community Centre,Cromer,https://www.ents24.com/cromer-events/cromer-community-centre,c
Cafe Oto,London,https://www.ents24.com/london-events/cafe-oto,c
Cafe INDIEpendent,Scunthorpe,https://www.ents24.com/scunthorpe-events/cafe-indiependent,c
Comedy Lounge,Kingston Upon Hull,https://www.ents24.com/kingston-upon-hull-events/comedy-lounge,c
Cecil Sharp House,London,https://www.ents24.com/london-events/cecil-sharp-house,c
Cornerstone Arts Centre,Didcot,https://www.ents24.com/didcot-events/cornerstone-arts-centre,c
Capesthorne Hall,Macclesfield,https://www.ents24.com/macclesfield-events/capesthorne-hall,c
Corran Halls,Oban,https://www.ents24.com/oban-events/corran-halls,c
Creatures of the Night Comedy Club,Manchester,https://www.ents24.com/manchester-events/creatures-of-the-night-comedy-club,c
Camden Head (Camden),London,https://www.ents24.com/london-events/camden-head-camden,c
City Park,Stirling,https://www.ents24.com/stirling-events/city-park,c
Colchester Town Hall,Colchester,https://www.ents24.com/colchester-events/colchester-town-hall,c
Canvas,Bournemouth,https://www.ents24.com/bournemouth-events/canvas,c
Cwrw,Carmarthen,https://www.ents24.com/carmarthen-events/cwrw,c
Common Ground,Oxford,https://www.ents24.com/oxford-events/common-ground,c
Cryer Arts Centre,Carshalton,https://www.ents24.com/carshalton-events/cryer-arts-centre,c
Central Hall,Southampton,https://www.ents24.com/southampton-events/central-hall,c
Coventry Cathedral,Coventry,https://www.ents24.com/coventry-events/coventry-cathedral,c
Chapelfield Gardens,Norwich,https://www.ents24.com/norwich-events/chapelfield-gardens-theatre-interlude,c
Chalkwell Park Rooms,Westcliff-on-Sea,https://www.ents24.com/westcliff-on-sea-events/chalkwell-park-rooms,c
Catton Hall (Catton Park),Walton On Trent,https://www.ents24.com/walton-on-trent-events/catton-hall-catton-park,c
Cecil Hepworth Playhouse,Walton-on-Thames,https://www.ents24.com/walton-on-thames-events/cecil-hepworth-playhouse,c
Civic Centre,Mansfield,https://www.ents24.com/mansfield-events/civic-centre,c
Chester Cathedral,Chester,https://www.ents24.com/chester-events/chester-cathedral-1,c
Cellar Arts Club,Worthing,https://www.ents24.com/worthing-events/cellar-arts-club,c
Caddies Comedy Club,Southend On Sea,https://www.ents24.com/southend-on-sea-events/caddies-comedy-club,c
Cubley Hall,Penistone,https://www.ents24.com/penistone-events/cubley-hall,c
Central Park Plymouth,Plymouth,https://www.ents24.com/plymouth-events/central-park-plymouth,c
Caryford Community Hall,Castle Cary,https://www.ents24.com/castle-cary-events/caryford-community-hall,c
Claypath Delicatessen,Durham,https://www.ents24.com/durham-events/claypath-delicatessen,c
Colour Factory,London,https://www.ents24.com/london-events/colour-factory,c
Clarks,Dundee,https://www.ents24.com/dundee-events/clarks,c
Cambridge Rugby Football Club,Cambridge,https://www.ents24.com/cambridge-events/cambridge-rugby-football-club,c
cinch Stadium at Franklin's Gardens,Northampton,https://www.ents24.com/northampton-events/cinch-stadium-at-franklins-gardens,c
Coppenhall Club,Crewe,https://www.ents24.com/crewe-events/coppenhall-club,c
Contact Theatre,Manchester,https://www.ents24.com/manchester-events/contact-theatre,c
Campus West,Welwyn Garden City,https://www.ents24.com/welwyn-garden-city-events/campus-west,c
Cheslyn Hay Community & Sports Club,Cheslyn Hay,https://www.ents24.com/cheslyn-hay-events/cheslyn-hay-community-and-sports-club,c
Charing Cross Theatre,London,https://www.ents24.com/london-events/charing-cross-theatre,c
Christ Church,Swindon,https://www.ents24.com/swindon-events/christ-church,c
Constantine Tolmen Centre,Falmouth,https://www.ents24.com/falmouth-events/constantine-tolmen-centre,c
Century Theatre,Coalville,https://www.ents24.com/coalville-events/century-theatre,c
Crown Pier,London,https://www.ents24.com/london-events/crown-pier,c
Cattows Farm,Coalville,https://www.ents24.com/coalville-events/cattows-farm,c
Charles Bradlaugh,Northampton,https://www.ents24.com/northampton-events/charles-bradlaugh,c
Chelsea Physic Garden,London,https://www.ents24.com/london-events/chelsea-physic-garden,c
Chaplin's Bar,Bournemouth,https://www.ents24.com/bournemouth-events/chaplins-bar,c
Coventry Central Library,Coventry,https://www.ents24.com/coventry-events/coventry-central-library,c
Cropredy Festival,Banbury,https://www.ents24.com/banbury-events/cropredy-festival,c
Club Cheek,London,https://www.ents24.com/london-events/club-cheek,c
Calstock Village Hall,Calstock,https://www.ents24.com/calstock-events/calstock-village-hall,c
Chillingham Arms,Newcastle upon Tyne,https://www.ents24.com/newcastle-upon-tyne-events/chillingham-arms,c
Cullercoats Crescent Club,North Shields,https://www.ents24.com/north-shields-events/cullercoats-crescent-club,c
Chipping Sodbury Town Hall,Chipping Sodbury,https://www.ents24.com/chipping-sodbury-events/chipping-sodbury-town-hall,c
Commemoration Hall,Huntingdon,https://www.ents24.com/huntingdon-events/commemoration-hall,c
CornerHouse Community Arts Centre,Surbiton,https://www.ents24.com/surbiton-events/cornerhouse-community-arts-centre,c
Coatham Memorial Hall,Redcar,https://www.ents24.com/redcar-events/coatham-memorial-hall,c
Claydon and Barham Community Centre,Ipswich,https://www.ents24.com/ipswich-events/claydon-and-barham-community-centre,c
Chichester Cathedral,Chichester,https://www.ents24.com/chichester-events/chichester-cathedral,c
Canolfan Ucheldre Centre,Holyhead,https://www.ents24.com/holyhead-events/canolfan-ucheldre-centre,c
Central Studio at Queen Mary's College,Basingstoke,https://www.ents24.com/basingstoke-events/central-studio-at-queen-marys-college,c
Cowley Workers Social Club,Cowley,https://www.ents24.com/cowley-events/cowley-workers-social-club,c
Cidermill Theatre,Chipping Campden,https://www.ents24.com/chipping-campden-events/cidermill-theatre,c
Cwmbran RFC,Cwmbran,https://www.ents24.com/cwmbran-events/cwmbran-rfc,c
Cranbrook School (Queens Hall Theatre),Cranbrook,https://www.ents24.com/cranbrook-events/cranbrook-school-queens-hall-theatre,c
Charlotte Street Hotel,London,https://www.ents24.com/london-events/charlotte-street-hotel,c
Castle Theatre,Wellingborough,https://www.ents24.com/wellingborough-events/castle-theatre-1,c
Chats Palace,London,https://www.ents24.com/london-events/chats-palace,c
Central Hall,Wymondham,https://www.ents24.com/wymondham-events/central-hall,c
Craven Arms & Cruck Barn,Skipton,https://www.ents24.com/skipton-events/craven-arms-and-cruck-barn,c
Canal Court Hotel,Newry,https://www.ents24.com/newry-events/canal-court-hotel,c
Cheltenham College,Cheltenham,https://www.ents24.com/cheltenham-events/cheltenham-college,c
Cubanas,Barry,https://www.ents24.com/barry-events/cubanas,c
Cumbernauld Theatre,Cumbernauld,https://www.ents24.com/cumbernauld-events/cumbernauld-theatre,c
Conquest Theatre,Bromyard,https://www.ents24.com/bromyard-events/conquest-theatre,c
Charlton Park,Malmesbury,https://www.ents24.com/malmesbury-events/charlton-park,c
Chiswick House & Gardens,London,https://www.ents24.com/london-events/chiswick-house-and-gardens,c
Cleveleys Working Mens Club,Thornton-Cleveleys,https://www.ents24.com/thornton-cleveleys-events/cleveleys-working-mens-club,c
Clarence Hall,Crickhowell,https://www.ents24.com/crickhowell-events/clarence-hall,c
Cultplex,Manchester,https://www.ents24.com/manchester-events/cultplex,c
Cutty Wren Folk Club,Redcar,https://www.ents24.com/redcar-events/cutty-wren-folk-club,c
Cheltenham Ladies' College,Cheltenham,https://www.ents24.com/cheltenham-events/cheltenham-ladies-college,c
Carlisle Cathedral,Carlisle,https://www.ents24.com/carlisle-events/carlisle-cathedral,c
Clwb Crown,Merthyr Tydfil,https://www.ents24.com/merthyr-tydfil-events/clwb-crown,c
Cleveland Bay,Stockton On Tees,https://www.ents24.com/stockton-on-tees-events/cleveland-bay,c
Cork Opera House,Cork City,https://www.ents24.com/cork-city-events/cork-opera-house,c
Cuts,Soho,https://www.ents24.com/soho-events/cuts,c
Castell Deudraeth Fields,Portmeirion,https://www.ents24.com/portmeirion-events/castell-deudraeth-fields,c
Criterion Theatre,London,https://www.ents24.com/london-events/criterion-theatre,c
Chessington World Of Adventures,Chessington,https://www.ents24.com/chessington-events/chessington-world-of-adventures,c
Colwick Country Park,Nottingham,https://www.ents24.com/nottingham-events/colwick-country-park,c
Cartmel Racecourse,Cartmel,https://www.ents24.com/cartmel-events/cartmel-racecourse,c
California Social Club,Ipswich,https://www.ents24.com/ipswich-events/california-social-club,c
Chichester College (Westgate Fields),Chichester,https://www.ents24.com/chichester-events/chichester-college-westgate-fields,c
Comedy Carnival Covent Garden,London,https://www.ents24.com/london-events/comedy-carnival-covent-garden-2,c
Creative Innovation Centre CIC,Taunton,https://www.ents24.com/taunton-events/creative-innovation-centre-cic,c
Cardigan Castle,Cardigan,https://www.ents24.com/cardigan-events/cardigan-castle,c
Creswell Events Centre,Worksop,https://www.ents24.com/worksop-events/creswell-events-centre-1,c
Cheadle Social Club,Stockport,https://www.ents24.com/stockport-events/cheadle-social-club-1,c
Cheam Park,Sutton,https://www.ents24.com/sutton-events/cheam-park,c
Crown Inn,Telford,https://www.ents24.com/telford-events/crown-inn-1,c
Compass Cafe Bar,Blackpool,https://www.ents24.com/blackpool-events/compass-cafe-bar,c
College Green,Bristol,https://www.ents24.com/bristol-events/college-green,c
Café Momus,Plymouth,https://www.ents24.com/plymouth-events/cafe-momus,c
Castle Hotel,Neath,https://www.ents24.com/neath-events/castle-hotel,c
Canolfan Arad Goch,Aberystwyth,https://www.ents24.com/aberystwyth-events/canolfan-arad-goch,c
Cornbury Park,Charlbury,https://www.ents24.com/charlbury-events/cornbury-park,c
Church House Sheffield,Sheffield,https://www.ents24.com/sheffield-events/church-house-sheffield,c
Cafe Blah,Manchester,https://www.ents24.com/manchester-events/cafe-blah,c
Coal Orchard,Taunton,https://www.ents24.com/taunton-events/coal-orchard,c
Cromwell Manor,Basildon,https://www.ents24.com/pitsea-events/cromwell-manor-1,c
Cherry Hinton Hall,Cambridge,https://www.ents24.com/cambridge-events/cherry-hinton-hall,c
Clevedon Community Centre,Clevedon,https://www.ents24.com/clevedon-events/clevedon-community-centre,c
Cowboy & Co,Blackpool,https://www.ents24.com/blackpool-events/cowboy-and-co,c
Crail Community Hall,Crail,https://www.ents24.com/crail-events/crail-community-hall,c
Corn Exchange,Blandford Forum,https://www.ents24.com/blandford-forum-events/corn-exchange,c
Cantley Park,Wokingham,https://www.ents24.com/wokingham-events/cantley-park,c
Croft Hall,Hungerford,https://www.ents24.com/hungerford-events/croft-hall,c
County Hall,London,https://www.ents24.com/london-events/county-hall,c
Central Library,Blackpool,https://www.ents24.com/blackpool-events/central-library,c
Chester Town Hall,Chester,https://www.ents24.com/chester-events/chester-town-hall,c
Conway Hall,London,https://www.ents24.com/london-events/conway-hall,c
Chiddingstone Castle,Edenbridge,https://www.ents24.com/edenbridge-events/chiddingstone-castle,c
Cordes Hall,Ascot,https://www.ents24.com/ascot-events/cordes-hall,c
Coachworks,Ashford,https://www.ents24.com/ashford-events/coachworks,c
Croston Sports Club,Leyland,https://www.ents24.com/leyland-events/croston-sports-club,c
Cafe Etch,Middlesbrough,https://www.ents24.com/middlesbrough-events/cafe-etch,c
Corn Exchange,Ross-on-Wye,https://www.ents24.com/ross-on-wye-events/corn-exchange,c
Canal Cafe Theatre,London,https://www.ents24.com/london-events/canal-cafe-theatre,c
Cassiobury Park,Watford,https://www.ents24.com/watford-events/cassiobury-park,c
Chapel FM Arts Centre,Leeds,https://www.ents24.com/leeds-events/chapel-fm-arts-centre,c
Cumbernauld Theatre At Lanternhouse,Cumbernauld,https://www.ents24.com/cumbernauld-events/cumbernauld-theatre-at-lanternhouse,c
Charlie's Loft,Milngavie,https://www.ents24.com/milngavie-events/charlies-loft,c
Canons' Gait Bar,Edinburgh,https://www.ents24.com/edinburgh-events/canons-gait-bar,c
Coventry Methodist Central Hall,Coventry,https://www.ents24.com/coventry-events/coventry-methodist-central-hall,c
Camperdown Country Park,Dundee,https://www.ents24.com/dundee-events/camperdown-country-park,c
Chatsworth Arts Centre & Duchess Theatre,Long Eaton,https://www.ents24.com/long-eaton-events/chatsworth-arts-centre-and-duchess-theatre,c
Cabot Square Canary Wharf,London,https://www.ents24.com/london-events/cabot-square-canary-wharf-1,c
Camden Courtyard,London,https://www.ents24.com/london-events/camden-courtyard,c
Champers Bar,Eastcote,https://www.ents24.com/eastcote-events/champers-bar,c
Curzon Cinema and Arts,Clevedon,https://www.ents24.com/clevedon-events/curzon-cinema-and-arts,c
Comedy Freaks - Kings Cross,London,https://www.ents24.com/london-events/comedy-freaks-kings-cross,c
Cawsand Congregational Church,Torpoint,https://www.ents24.com/torpoint-events/cawsand-congregational-church,c
Central Park Brighton Seafront,Brighton,https://www.ents24.com/brighton-events/central-park-brighton-seafront,c
Crab & Beacon,East Grinstead,https://www.ents24.com/east-grinstead-events/crab-and-beacon,c
Croston Old School,Leyland,https://www.ents24.com/leyland-events/croston-old-school,c
"Centenary Theatre, Berkhamsted, Berkhamsted",Herts,https://www.ents24.com/berkhamsted-herts-events/centenary-theatre-berkhamsted,c
Church of St Mary the Virgin,Sheffield,https://www.ents24.com/sheffield-events/church-of-st-mary-the-virgin,c
Civic Theatre,Tallaght,https://www.ents24.com/tallaght-events/civic-theatre,c
Claydon Estate,Middle Claydon,https://www.ents24.com/middle-claydon-events/claydon-estate,c
Centenary Hall,Berkhamsted,https://www.ents24.com/berkhamsted-events/centenary-hall,c
Canada Square Park,London,https://www.ents24.com/london-events/canada-square-park,c
Clovelly Court Gardens,Clovelly,https://www.ents24.com/clovelly-events/clovelly-court-gardens,c
Cefn Mably Hotel,Penarth,https://www.ents24.com/penarth-events/cefn-mably-hotel,c
Charisworth Farm,Blandford,https://www.ents24.com/blandford-events/charisworth-farm,c
Café Kino,Bristol,https://www.ents24.com/bristol-events/cafe-kino,c
Cathedral Square,Peterborough,https://www.ents24.com/peterborough-events/cathedral-square,c
Crown & Mitre Hotel,Carlisle,https://www.ents24.com/carlisle-events/crown-and-mitre-hotel-1,c
Corfe Castle,Corfe Castle,https://www.ents24.com/corfe-castle-events/corfe-castle,c
Cardross Estate,Stirling,https://www.ents24.com/stirling-events/cardross-estate,c
Connahs Quay Civic Hall,Connahs Quay,https://www.ents24.com/connahs-quay-events/connahs-quay-civic-hall,c
Cholmondeley Castle,Malpas,https://www.ents24.com/malpas-events/cholmondeley-castle,c
Crowborough Community Centre,Crowborough,https://www.ents24.com/crowborough-events/crowborough-community-centre,c
Crawley Rugby Club,Crawley,https://www.ents24.com/crawley-events/crawley-rugby-club,c
Cinque Ports Club,Uckfield,https://www.ents24.com/uckfield-events/cinque-ports-club,c
Crossgates Recreational Club,Leeds,https://www.ents24.com/leeds-events/crossgates-recreational-club,c
City Wall Wine Bar,Rochester,https://www.ents24.com/rochester-events/city-wall-wine-bar,c
Curve Venue,Slough,https://www.ents24.com/slough-events/curve-venue,c
Canongate Kirk,Edinburgh,https://www.ents24.com/edinburgh-events/canongate-kirk,c
Compton Verney House,Compton Verney,https://www.ents24.com/compton-verney-events/compton-verney-house,c
Cardiff Mela,Cardiff,https://www.ents24.com/cardiff-events/cardiff-mela,c
Conford Village Hall,Nr Liphook,https://www.ents24.com/nr-liphook-events/conford-village-hall,c
Central Hall,Edinburgh,https://www.ents24.com/edinburgh-events/central-hall,c
Christ Church,Great Ayton Nr Middlesbrough,https://www.ents24.com/great-ayton-nr-middlesbrough-events/christ-church,c
Cyprus Avenue,Cork,https://www.ents24.com/cork-events/cyprus-avenue,c
Club 83,Dundee,https://www.ents24.com/dundee-events/club-83-1,c
Cambridge United Supporters Club,Cambridge,https://www.ents24.com/cambridge-events/cambridge-united-supporters-club,c
Caroline Street Social Club,SHIPLEY,https://www.ents24.com/shipley-events/caroline-street-social-club,c
Cherry Reds Cafe Bar,Birmingham,https://www.ents24.com/birmingham-events/cherry-reds-cafe-bar,c
Cromford Mills,Matlock,https://www.ents24.com/matlock-events/cromford-mills,c
Culturlann Ui Chanain,Derry,https://www.ents24.com/derry-events/culturlann-ui-chanain,c
Cambourne Village College,Cambridge,https://www.ents24.com/cambridge-events/cambourne-village-college,c
Cleeve Village Hall,Bristol,https://www.ents24.com/bristol-events/cleeve-village-hall,c
Canvas,Dundee,https://www.ents24.com/dundee-events/canvas,c
Caper,Oxford,https://www.ents24.com/oxford-events/caper,c
Cyril Gerber Fine Art,Glasgow,https://www.ents24.com/glasgow-events/cyril-gerber-fine-art,c
Coopers Arms (Y Cwps),Aberystwyth,https://www.ents24.com/aberystwyth-events/coopers-arms-y-cwps,c
Chesil Beach Holiday Park,Weymouth,https://www.ents24.com/weymouth-events/chesil-beach-holiday-park,c
Cwmcarn Hotel,Cwmcarn,https://www.ents24.com/cwmcarn-events/cwmcarn-hotel,c
Convene 133 Houndsditch,London,https://www.ents24.com/london-events/convene-133-houndsditch,c
Curtis Mayfield House,Newcastle Upon Tyne,https://www.ents24.com/newcastle-upon-tyne-events/curtis-mayfield-house,c
Casablanca,Grimsby,https://www.ents24.com/grimsby-events/casablanca,c
Canterbury Cathedral Lodge & International Study Centre,Canterbury,https://www.ents24.com/canterbury-events/canterbury-cathedral-lodge-and-international-study-centre,c
Clun Memorial Hall,Craven Arms,https://www.ents24.com/craven-arms-events/clun-memorial-hall,c
Chelsea Theatre,London,https://www.ents24.com/london-events/chelsea-theatre,c
Carr Vale FC,Bolsover,https://www.ents24.com/bolsover-events/carr-vale-fc,c
Casemates Studios and Cafe,Portsmouth,https://www.ents24.com/portsmouth-events/casemates-studios-and-cafe,c
Corrie Hall,Isle of Arran,https://www.ents24.com/isle-of-arran-events/corrie-hall,c
Central Methodist Church,Bude,https://www.ents24.com/bude-events/central-methodist-church,c
Cowpen Sports & Leisure,Billingham,https://www.ents24.com/billingham-events/cowpen-sports-and-leisure,c
Christ The King Parish Centre,Coventry,https://www.ents24.com/coventry-events/christ-the-king-parish-centre,c
"Chancellors Hall, University Of Wolverhampton",Wolverhampton,https://www.ents24.com/wolverhampton-events/chancellors-hall-university-of-wolverhampton,c
club crown venue,merthr tydfil,https://www.ents24.com/merthr-tydfil-events/club-crown-venue,c
Chacewater Hall,Truro,https://www.ents24.com/truro-events/chacewater-hall,c
Cabaret,Cardiff,https://www.ents24.com/cardiff-events/cabaret,c
Chapters Coffee and Books,Canterbury,https://www.ents24.com/canterbury-events/chapters-coffee-and-books,c
Craignish Village Hall,Ardfern,https://www.ents24.com/ardfern-events/craignish-village-hall,c
Crawfordjohn Hall,Crawfordjohn,https://www.ents24.com/crawfordjohn-events/crawfordjohn-hall,c
Christ Church Highbury,London,https://www.ents24.com/london-events/christ-church-highbury,c
County Hotel,Chelmsford,https://www.ents24.com/chelmsford-events/county-hotel,c
Croydon Minster,Croydon,https://www.ents24.com/croydon-events/croydon-minster,c
Cartlands Tea Rooms @ Kings Heath Park House,Birmingham,https://www.ents24.com/birmingham-events/cartlands-tea-rooms-kings-heath-park-house,c
Church of St Philip & St James,Bath,https://www.ents24.com/bath-events/church-of-st-philip-and-st-james,c
Central Park,Brighton,https://www.ents24.com/brighton-events/central-park,c
Clifton Street,London,https://www.ents24.com/london-events/clifton-street,c
Central Conservative Club,Ipswich,https://www.ents24.com/ipswich-events/central-conservative-club,c
Circle Of Swords,Worcester,https://www.ents24.com/worcester-events/circle-of-swords,c
Carriages Bar,Oswestry,https://www.ents24.com/oswestry-events/carriages-bar,c
Charnock Richard Football Club,Chorley,https://www.ents24.com/chorley-events/charnock-richard-football-club,c
Coedely Con Club,Porth,https://www.ents24.com/porth-events/coedely-con-club,c
Crescent Moon,Colchester,https://www.ents24.com/colchester-events/crescent-moon,c
cre8iv little theatre,Thornton-Cleveleys,https://www.ents24.com/thornton-cleveleys-events/cre8iv-little-theatre,c
"Chalkwell Park Rooms, Southend-on-Sea",Southend-on-Sea,https://www.ents24.com/southend-on-sea-events/chalkwell-park-rooms-southend-on-sea,c
Carters Bar,Doncaster,https://www.ents24.com/doncaster-events/carters-bar,c
Comedy Freaks - Camden,London,https://www.ents24.com/london-events/comedy-freaks-camden,c
Civic Hall & Council Chambers,Perth,https://www.ents24.com/perth-events/civic-hall-and-council-chambers,c
"Church of the Sacred Heart, Edinburgh, EH3 9DJ",Edinburgh,https://www.ents24.com/edinburgh-events/church-of-the-sacred-heart-edinburgh-eh3-9dj,c
Commune,Liverpool,https://www.ents24.com/liverpool-events/commune,c
Curio Bookshop,Oxford,https://www.ents24.com/oxford-events/curio-bookshop,c
Club 360,London,https://www.ents24.com/london-events/club-360,c
Clays Soho,London,https://www.ents24.com/london-events/clays-soho,c
Cambridge Community Church,Cambridge,https://www.ents24.com/cambridge-events/cambridge-community-church,c
Campbeltown Town Hall,Campbeltown,https://www.ents24.com/campbeltown-events/campbeltown-town-hall,c
Cheyne Walk Club,Northampton,https://www.ents24.com/northampton-events/cheyne-walk-club,c
Chapel House,Manchester,https://www.ents24.com/manchester-events/chapel-house,c
Cheddleton Flint Mill,Leek,https://www.ents24.com/leek-events/cheddleton-flint-mill,c
Cambridge Street Collective,Sheffield,https://www.ents24.com/sheffield-events/cambridge-street-collective,c
Capital Theatre,London,https://www.ents24.com/london-events/capital-theatre,c
Culcheth Village Club,Warrington,https://www.ents24.com/warrington-events/culcheth-village-club,c
Charlton Down Village Hall,Dorchester,https://www.ents24.com/dorchester-events/charlton-down-village-hall,c
Condover Village Hall,Shrewsbury,https://www.ents24.com/shrewsbury-events/condover-village-hall,c
Chichester City Arts Centre,Chichester,https://www.ents24.com/chichester-events/chichester-city-arts-centre,c
Carterton Community Centre,Carterton,https://www.ents24.com/carterton-events/carterton-community-centre,c
Crosshands Workingmans Club,"Llanelli,",https://www.ents24.com/llanelli-events/crosshands-workingmans-club,c
chelmer valley school,chelmsford,https://www.ents24.com/chelmsford-events/chelmer-valley-school,c
Colne Town Hall,Colne,https://www.ents24.com/colne-events/colne-town-hall,c
Christ Church,Swindon,https://www.ents24.com/swindon-events/christ-church-1,c
Cuckoo,Manchester,https://www.ents24.com/manchester-events/cuckoo,c
Corkk Ltd,Canterbury,https://www.ents24.com/canterbury-events/corkk-ltd,c
Church and Chetwynd Aston Village Hall,Newport,https://www.ents24.com/newport-events/church-and-chetwynd-aston-village-hall,c
Comedy Freaks - Kings Cross (East Side),London,https://www.ents24.com/london-events/comedy-freaks-kings-cross-east-side,c
Coxleigh Barton,Barnstaple,https://www.ents24.com/barnstaple-events/coxleigh-barton,c
Cwmtwrch Miners Welfare Hall,Ystradgynlais,https://www.ents24.com/ystradgynlais-events/cwmtwrch-miners-welfare-hall,c
Cafebar 1912,Bathgate,https://www.ents24.com/bathgate-events/cafebar-1912,c
Clovelly Pottery,Bideford,https://www.ents24.com/bideford-events/clovelly-pottery,c
Clacton Golf Club,Clacton On Sea,https://www.ents24.com/clacton-on-sea-events/clacton-golf-club-1,c
"Central Methodist Church, Brighouse",Brighouse,https://www.ents24.com/brighouse-events/central-methodist-church-brighouse,c
Calne Football Club,Calne,https://www.ents24.com/calne-events/calne-football-club,c
Colne Cricket Club,Colne,https://www.ents24.com/colne-events/colne-cricket-club,c
Charlie's Bar,Strabane,https://www.ents24.com/strabane-events/charlies-bar,c
Coalville Comedy Club,Coalville,https://www.ents24.com/coalville-events/coalville-comedy-club,c
Cleveleys Citizens Hall,Cleveleys,https://www.ents24.com/cleveleys-events/cleveleys-citizens-hall,c
Colin Nash Restaurant,Christchurch,https://www.ents24.com/christchurch-events/colin-nash-restaurant,c
De Montfort Hall,Leicester,https://www.ents24.com/leicester-events/de-montfort-hall,d
Darlington Hippodrome,Darlington,https://www.ents24.com/darlington-events/darlington-hippodrome,d
Dreamland,Margate,https://www.ents24.com/margate-events/dreamland,d
Dingwalls,London,https://www.ents24.com/london-events/dingwalls,d
De La Warr Pavilion,Bexhill-on-Sea,https://www.ents24.com/bexhill-on-sea-events/de-la-warr-pavilion,d
Devonshire Park Theatre,Eastbourne,https://www.ents24.com/eastbourne-events/devonshire-park-theatre,d
Dudley Town Hall,Dudley,https://www.ents24.com/dudley-events/dudley-town-hall,d
DYSCO Liverpool,Liverpool,https://www.ents24.com/liverpool-events/dysco-liverpool,d
Digital,Newcastle Upon Tyne,https://www.ents24.com/newcastle-upon-tyne-events/digital,d
Doncaster Racecourse,Doncaster,https://www.ents24.com/doncaster-events/doncaster-racecourse,d
Delamere Forest,Northwich,https://www.ents24.com/northwich-events/delamere-forest,d
Docks Academy,Grimsby,https://www.ents24.com/grimsby-events/docks-academy,d
Derby Theatre,Derby,https://www.ents24.com/derby-events/derby-theatre,d
Dreadnought Rock,Bathgate,https://www.ents24.com/bathgate-events/dreadnought-rock,d
Downstairs at The Dome,London,https://www.ents24.com/london-events/downstairs-at-the-dome,d
Dorking Halls,Dorking,https://www.ents24.com/dorking-events/dorking-halls,d
Derby Arena,Derby,https://www.ents24.com/derby-events/derby-arena,d
District,Liverpool,https://www.ents24.com/liverpool-events/district-1,d
Dundee Rep Theatre,Dundee,https://www.ents24.com/dundee-events/dundee-rep-theatre,d
Diamond Rock Club,Ballymena,https://www.ents24.com/ballymena-events/diamond-rock-club,d
Darwen Library Theatre,Darwen,https://www.ents24.com/darwen-events/darwen-library-theatre,d
DUST,Brighton,https://www.ents24.com/brighton-events/dust,d
Don Valley Bowl,Sheffield,https://www.ents24.com/sheffield-events/don-valley-bowl,d
Duffy's Bar,Leicester,https://www.ents24.com/leicester-events/duffys-bar,d
De Valence Pavilion,Tenby,https://www.ents24.com/tenby-events/de-valence-pavilion,d
Dead Wax,Birmingham,https://www.ents24.com/birmingham-events/dead-wax,d
Duke of York's Theatre,London,https://www.ents24.com/london-events/duke-of-yorks-theatre,d
Duchess Theatre,London,https://www.ents24.com/london-events/duchess-theatre,d
Daltons,Brighton,https://www.ents24.com/brighton-events/daltons,d
Dorchester Corn Exchange & Town Hall,Dorchester,https://www.ents24.com/dorchester-events/dorchester-corn-exchange-and-town-hall,d
Donmar Warehouse,London,https://www.ents24.com/london-events/donmar-warehouse,d
Dembe Theatre,Tring,https://www.ents24.com/tring-events/dembe-theatre-1,d
Duke Of York,Belfast,https://www.ents24.com/belfast-events/duke-of-york,d
Dominion Theatre,London,https://www.ents24.com/london-events/dominion-theatre,d
Durham Cathedral,Durham,https://www.ents24.com/durham-events/durham-cathedral,d
Donington Park,Derby,https://www.ents24.com/derby-events/donington-park,d
Dunham Massey,Altrincham,https://www.ents24.com/altrincham-events/dunham-massey,d
Derby Cathedral,Derby,https://www.ents24.com/derby-events/derby-cathedral,d
Dereham Memorial Hall,Dereham,https://www.ents24.com/dereham-events/dereham-memorial-hall,d
Dubrek Studios,Derby,https://www.ents24.com/derby-events/dubrek-studios,d
Document,Bristol,https://www.ents24.com/bristol-events/document,d
Drummonds Bar,Worcester,https://www.ents24.com/worcester-events/drummonds-bar,d
Durham Town Hall,Durham,https://www.ents24.com/durham-events/durham-town-hall,d
Dovehouse Theatre,Solihull,https://www.ents24.com/solihull-events/dovehouse-theatre,d
Duck & Drake,Leeds,https://www.ents24.com/leeds-events/duck-and-drake,d
Davenham Players Theatre,Northwich,https://www.ents24.com/northwich-events/davenham-players-theatre,d
Dunstable Conference Centre,Dunstable,https://www.ents24.com/dunstable-events/dunstable-conference-centre,d
De Koffie Pot,Hereford,https://www.ents24.com/hereford-events/de-koffie-pot,d
Deepdale Camping & Rooms,Burnham Deepdale,https://www.ents24.com/burnham-deepdale-events/deepdale-camping-and-rooms,d
Dukeries Brewery Tap,Worksop,https://www.ents24.com/worksop-events/dukeries-brewery-tap,d
Duke Of Cornwall Hotel,Plymouth,https://www.ents24.com/plymouth-events/duke-of-cornwall-hotel,d
Dive,Wolverhampton,https://www.ents24.com/wolverhampton-events/dive,d
Diecast,Manchester,https://www.ents24.com/manchester-events/diecast,d
Dixie Queen Steam Paddler,London,https://www.ents24.com/london-events/dixie-queen-steam-paddler,d
Dryad Works,Sheffield,https://www.ents24.com/sheffield-events/dryad-works,d
Darley Park,Derby,https://www.ents24.com/derby-events/darley-park,d
DUO Clapham,London,https://www.ents24.com/london-events/duo-clapham,d
Deptford Junction,London,https://www.ents24.com/london-events/deptford-junction,d
Dartford Working Mens Club,Dartford,https://www.ents24.com/dartford-events/dartford-working-mens-club,d
Daydreams Bookshop,Milngavie,https://www.ents24.com/milngavie-events/daydreams-bookshop,d
Divers Arms,Herne Bay,https://www.ents24.com/herne-bay-events/divers-arms,d
Derry Guildhall,Derry,https://www.ents24.com/derry-events/derry-guildhall,d
Delapre Abbey,Northampton,https://www.ents24.com/northampton-events/delapre-abbey,d
Dominion Centre,London,https://www.ents24.com/london-events/dominion-centre,d
Dover Marina Curve,Dover,https://www.ents24.com/dover-events/dover-marina-curve,d
Denton Music Club,DENTON,https://www.ents24.com/denton-events/denton-music-club,d
Dacre Hall,Brampton,https://www.ents24.com/brampton-events/dacre-hall,d
Daresbury Estate,Halton,https://www.ents24.com/halton-events/daresbury-estate,d
Dunton Green Social Club,Sevenoaks,https://www.ents24.com/sevenoaks-events/dunton-green-social-club,d
Dorchester Arts,Dorchester,https://www.ents24.com/dorchester-events/dorchester-arts-1,d
Didsbury Cricket Club,Manchester,https://www.ents24.com/manchester-events/didsbury-cricket-club,d
Devoran Village Hall,Devoran,https://www.ents24.com/devoran-events/devoran-village-hall,d
Dalegate Market,Burnham Deepdale,https://www.ents24.com/burnham-deepdale-events/dalegate-market,d
Dash The Henge Store,London,https://www.ents24.com/london-events/dash-the-henge-store,d
Dead Wax,Norwich,https://www.ents24.com/norwich-events/dead-wax,d
Devizes Town Hall,Devizes,https://www.ents24.com/devizes-events/devizes-town-hall,d
Doveridge Village Club,Ashbourne,https://www.ents24.com/ashbourne-events/doveridge-village-club,d
Dukestown Club,Tredegar,https://www.ents24.com/tredegar-events/dukestown-club,d
Daventry Comedy Club,Daventry,https://www.ents24.com/daventry-events/daventry-comedy-club,d
Dougarie Boathouse,Isle of Arran,https://www.ents24.com/isle-of-arran-events/dougarie-boathouse,d
David Lloyd,Lincoln,https://www.ents24.com/lincoln-events/david-lloyd,d
Dinham House,Wadebridge,https://www.ents24.com/wadebridge-events/dinham-house,d
DiveHu5/Higher Ground Coffee,Hull,https://www.ents24.com/hull-events/divehu5higher-ground-coffee,d
Durdham downs,Bristol,https://www.ents24.com/bristol-events/durdham-downs,d
Daxtonbury Festival Site,Wellingborough,https://www.ents24.com/wellingborough-events/daxtonbury-festival-site,d
Drayton Court,London,https://www.ents24.com/london-events/drayton-court,d
Driffield Community Centre,Driffield,https://www.ents24.com/driffield-events/driffield-community-centre,d
DoubleTree by Hilton Hotel Swindon,Swindon,https://www.ents24.com/swindon-events/doubletree-by-hilton-hotel-swindon,d
Duck Slattery's Showbar,Dundee,https://www.ents24.com/dundee-events/duck-slatterys-showbar,d
Dean Crowe Theatre,Westmeath,https://www.ents24.com/westmeath-events/dean-crowe-theatre,d
Dunchurch Village Hall,Rugby,https://www.ents24.com/rugby-events/dunchurch-village-hall,d
Doncaster Little Theatre,Doncaster,https://www.ents24.com/doncaster-events/doncaster-little-theatre,d
Draycott Memorial Hall,Cheddar,https://www.ents24.com/cheddar-events/draycott-memorial-hall,d
Denbigh Hall Sports and Social Club,Milton Keynes,https://www.ents24.com/milton-keynes-events/denbigh-hall-sports-and-social-club,d
Dinton Pastures,Wokingham,https://www.ents24.com/wokingham-events/dinton-pastures,d
Dogs Head,Bishop's Stortford,https://www.ents24.com/bishops-stortford-events/dogs-head,d
Deddington Arms,Banbury,https://www.ents24.com/banbury-events/deddington-arms,d
Dhillon's Brewery,Coventry,https://www.ents24.com/coventry-events/dhillons-brewery,d
Dial Post Village Green,Dial Post,https://www.ents24.com/dial-post-events/dial-post-village-green,d
Druitt Hall,Christchurch,https://www.ents24.com/christchurch-events/druitt-hall,d
Dragonfly Farm,Tunbridge Wells,https://www.ents24.com/tunbridge-wells-events/dragonfly-farm,d
De Luca Cucina & Bar,Cambridge,https://www.ents24.com/cambridge-events/de-luca-cucina-and-bar,d
Dry Water Arts Centre,Northumberland,https://www.ents24.com/northumberland-events/dry-water-arts-centre,d
DB Music London,London,https://www.ents24.com/london-events/db-music-london,d
Dolan's Live Music Venue,Limerick,https://www.ents24.com/limerick-events/dolans-live-music-venue,d
DedBest Distillery,Lewes,https://www.ents24.com/lewes-events/dedbest-distillery,d
Downside Abbey,Bath,https://www.ents24.com/bath-events/downside-abbey,d
Denham Grove Hotel,Uxbridge,https://www.ents24.com/uxbridge-events/denham-grove-hotel,d
Dales Centre Library,Nottingham,https://www.ents24.com/nottingham-events/dales-centre-library,d
Distillery N17,London,https://www.ents24.com/london-events/distillery-n17,d
"Duncton Village Hall, Duncton",Petworth,https://www.ents24.com/duncton-petworth-events/duncton-village-hall,d
Devizes CMC,Devizes,https://www.ents24.com/devizes-events/devizes-cmc,d
Dunham on Trent & District Village Hall,Newark,https://www.ents24.com/newark-events/dunham-on-trent-and-district-village-hall,d
Dilkhusa Grand Hotel,Ilfracombe,https://www.ents24.com/ilfracombe-events/dilkhusa-grand-hotel,d
Eventim Apollo,London,https://www.ents24.com/london-events/eventim-apollo,e
Edinburgh Playhouse Theatre,Edinburgh,https://www.ents24.com/edinburgh-events/edinburgh-playhouse-theatre,e
Exeter Phoenix,Exeter,https://www.ents24.com/exeter-events/exeter-phoenix,e
Electric Ballroom,London,https://www.ents24.com/london-events/electric-ballroom,e
Exeter Corn Exchange,Exeter,https://www.ents24.com/exeter-events/exeter-corn-exchange,e
Exeter University (The Great Hall),Exeter,https://www.ents24.com/exeter-events/exeter-university-the-great-hall,e
Exmouth Pavilion,Exmouth,https://www.ents24.com/exmouth-events/exmouth-pavilion,e
Electric Studios,Sheffield,https://www.ents24.com/sheffield-events/electric-studios,e
Electric Bristol,Bristol,https://www.ents24.com/bristol-events/electric-bristol,e
Esquires,Bedford,https://www.ents24.com/bedford-events/esquires,e
Epic Studios,Norwich,https://www.ents24.com/norwich-events/epic-studios,e
Edinburgh Corn Exchange,Edinburgh,https://www.ents24.com/edinburgh-events/edinburgh-corn-exchange,e
Exchange,Bristol,https://www.ents24.com/bristol-events/exchange,e
Electric Brixton,London,https://www.ents24.com/london-events/electric-brixton,e
Exeter University (The Lemon Grove),Exeter,https://www.ents24.com/exeter-events/exeter-university-the-lemon-grove,e
EngineRooms,Southampton,https://www.ents24.com/southampton-events/enginerooms,e
Exeter Northcott Theatre,Exeter,https://www.ents24.com/exeter-events/exeter-northcott-theatre,e
Edinburgh Castle,Edinburgh,https://www.ents24.com/edinburgh-events/edinburgh-castle,e
Everyman Theatre,Cheltenham,https://www.ents24.com/cheltenham-events/everyman-theatre,e
Earlham Park,Norwich,https://www.ents24.com/norwich-events/earlham-park,e
Eden Court,Inverness,https://www.ents24.com/inverness-events/eden-court,e
Etihad Stadium,Manchester,https://www.ents24.com/manchester-events/etihad-stadium,e
EartH (Hackney Arts Centre),London,https://www.ents24.com/london-events/earth-hackney-arts-centre,e
Eric Morecambe Centre,Harpenden,https://www.ents24.com/harpenden-events/eric-morecambe-centre,e
Epsom Playhouse,Epsom,https://www.ents24.com/epsom-events/epsom-playhouse,e
Emirates Old Trafford,Manchester,https://www.ents24.com/manchester-events/emirates-old-trafford,e
Embassy Theatre,Skegness,https://www.ents24.com/skegness-events/embassy-theatre,e
Eastbourne Winter Gardens,Eastbourne,https://www.ents24.com/eastbourne-events/eastbourne-winter-gardens,e
Eleven,Stoke On Trent,https://www.ents24.com/stoke-on-trent-events/eleven,e
Edinburgh International Conference Centre (EICC),Edinburgh,https://www.ents24.com/edinburgh-events/edinburgh-international-conference-centre-eicc,e
Eastbourne Bandstand,Eastbourne,https://www.ents24.com/eastbourne-events/eastbourne-bandstand,e
East Riding Theatre,Beverley,https://www.ents24.com/beverley-events/east-riding-theatre,e
Empire Theatre,Consett,https://www.ents24.com/consett-events/empire-theatre,e
Exeter Cathedral,Exeter,https://www.ents24.com/exeter-events/exeter-cathedral,e
ExCeL,London,https://www.ents24.com/london-events/excel,e
Edgbaston Stadium (Warwickshire County Cricket Club),Birmingham,https://www.ents24.com/birmingham-events/edgbaston-stadium-warwickshire-county-cricket-club,e
Ebbingford Manor,Bude,https://www.ents24.com/bude-events/ebbingford-manor,e
Englefield House & Estate,Reading,https://www.ents24.com/reading-events/englefield-house-and-estate,e
Exhibition Park,Newcastle,https://www.ents24.com/newcastle-events/exhibition-park,e
Ellesmere Port Civic Hall,Ellesmere Port,https://www.ents24.com/ellesmere-port-events/ellesmere-port-civic-hall,e
Esher Theatre,Esher,https://www.ents24.com/esher-events/esher-theatre-1,e
Escot House at Escot Park,Ottery St Mary,https://www.ents24.com/ottery-st-mary-events/escot-house-at-escot-park,e
Easterbrook Hall,Dumfries,https://www.ents24.com/dumfries-events/easterbrook-hall,e
Electrowerkz,London,https://www.ents24.com/london-events/electrowerkz,e
Egg,London,https://www.ents24.com/london-events/egg,e
Ely Cathedral,Ely,https://www.ents24.com/ely-events/ely-cathedral,e
Eastnor Castle,Ledbury,https://www.ents24.com/ledbury-events/eastnor-castle,e
Eastbourne College Theatre,Eastbourne,https://www.ents24.com/eastbourne-events/eastbourne-college-theatre,e
EM Forster Theatre,Tonbridge,https://www.ents24.com/tonbridge-events/em-forster-theatre,e
Empire Rochdale,Rochdale,https://www.ents24.com/rochdale-events/empire-rochdale,e
Egerton Hall,Brackley,https://www.ents24.com/brackley-events/egerton-hall,e
Eastville Park,Bristol,https://www.ents24.com/bristol-events/eastville-park,e
Evesham Town Hall,Evesham,https://www.ents24.com/evesham-events/evesham-town-hall,e
Eastwood Park Theatre,Glasgow,https://www.ents24.com/glasgow-events/eastwood-park-theatre,e
Elvaston Castle,Derby,https://www.ents24.com/derby-events/elvaston-castle,e
Edinburgh New Town Church,Edinburgh,https://www.ents24.com/edinburgh-events/edinburgh-new-town-church,e
Etchingham Church,Etchingham,https://www.ents24.com/etchingham-events/etchingham-church,e
Ebrington Square,Derry,https://www.ents24.com/derry-events/ebrington-square,e
East Grange Loft,Forres,https://www.ents24.com/forres-events/east-grange-loft,e
Emsworth Sports & Social Club,Emsworth,https://www.ents24.com/emsworth-events/emsworth-sports-and-social-club,e
Escape to Freight Island,Manchester,https://www.ents24.com/manchester-events/escape-to-freight-island,e
"Empress Building, Mexborough",Doncaster,https://www.ents24.com/mexborough-doncaster-events/empress-building,e
E1 London,London,https://www.ents24.com/london-events/e1-london,e
Elm Farm,Swannington,https://www.ents24.com/swannington-events/elm-farm,e
English Lounge,Manchester,https://www.ents24.com/manchester-events/english-lounge,e
Eagle Sports & Social Club,Warrington,https://www.ents24.com/warrington-events/eagle-sports-and-social-club,e
Europa Hotel,Belfast,https://www.ents24.com/belfast-events/europa-hotel,e
El Rincon,Bristol,https://www.ents24.com/bristol-events/el-rincon,e
Emerald Theatre,London,https://www.ents24.com/london-events/emerald-theatre-1,e
Elysium Gallery,Swansea,https://www.ents24.com/swansea-events/elysium-gallery,e
Ecgwins Club,Evesham,https://www.ents24.com/evesham-events/ecgwins-club,e
Edmiston House | Clyde Rooms,Glasgow,https://www.ents24.com/glasgow-events/edmiston-house-clyde-rooms,e
Eccleshall Parish Church (All Saints),Sheffield,https://www.ents24.com/sheffield-events/eccleshall-parish-church-all-saints,e
Exhibition London,London,https://www.ents24.com/london-events/exhibition-london,e
Eiger Music Studios,Leeds,https://www.ents24.com/leeds-events/eiger-music-studios,e
East Oxford Community Centre,Oxford,https://www.ents24.com/oxford-events/east-oxford-community-centre,e
Electrik Warehouse,Liverpool,https://www.ents24.com/liverpool-events/electrik-warehouse,e
Ekco Social & Sports Club,Southend On Sea,https://www.ents24.com/southend-on-sea-events/ekco-social-and-sports-club,e
Empire Warrington,Warrington,https://www.ents24.com/warrington-events/empire-warrington,e
Eastgate Theatre & Arts Centre,Peebles,https://www.ents24.com/peebles-events/eastgate-theatre-and-arts-centre,e
Electric,Brighton,https://www.ents24.com/brighton-events/electric,e
Elvington Village Hall,York,https://www.ents24.com/york-events/elvington-village-hall,e
Emsworth Community Centre,Emsworth,https://www.ents24.com/emsworth-events/emsworth-community-centre,e
Edgbarrow School,Crowthorne,https://www.ents24.com/crowthorne-events/edgbarrow-school,e
Ewood Park,Blackburn,https://www.ents24.com/blackburn-events/ewood-park,e
Embassy of the Czech Republic,London,https://www.ents24.com/london-events/embassy-of-the-czech-republic,e
East Christchurch Sports & Social Club,Christchurch,https://www.ents24.com/christchurch-events/east-christchurch-sports-and-social-club,e
Elizabeth Hall,Hook,https://www.ents24.com/hook-events/elizabeth-hall,e
Earls Barton Working Men's Club,Earls Barton,https://www.ents24.com/earls-barton-events/earls-barton-working-mens-club,e
Establishment Music Hall,Wakefield,https://www.ents24.com/wakefield-events/establishment-music-hall,e
Ebbw Vale Ex-Servicemens Club,Ebbw Vale,https://www.ents24.com/ebbw-vale-events/ebbw-vale-ex-servicemens-club,e
Eastwood Theatre,Eastwood,https://www.ents24.com/eastwood-events/eastwood-theatre,e
Electric Palace,Harwich,https://www.ents24.com/harwich-events/electric-palace,e
Effra Social Club,London,https://www.ents24.com/london-events/effra-social-club,e
Easton Farm Park,Easton Woodbridge,https://www.ents24.com/easton-woodbridge-events/easton-farm-park,e
Endeavour,London,https://www.ents24.com/london-events/endeavour,e
Elephant Inn,London,https://www.ents24.com/london-events/elephant-inn,e
Easington Colliery,Peterlee,https://www.ents24.com/peterlee-events/easington-colliery,e
Empire Theatre and Cinema,Consett,https://www.ents24.com/consett-events/empire-theatre-and-cinema,e
"Ebenezer Chapel, Dunvant",Swansea,https://www.ents24.com/swansea-events/ebenezer-chapel-dunvant,e
Emersons Green Village Hall,Bristol,https://www.ents24.com/bristol-events/emersons-green-village-hall,e
East Kilbride Sports Club,East Kilbride,https://www.ents24.com/east-kilbride-events/east-kilbride-sports-club,e
Eston Events Centre,Middlesbrough,https://www.ents24.com/middlesbrough-events/eston-events-centre,e
East Looe Beach,Looe,https://www.ents24.com/looe-events/east-looe-beach,e
Event30Six,Manchester,https://www.ents24.com/manchester-events/event30six,e
Elgin Auction Centre,Elgin,https://www.ents24.com/elgin-events/elgin-auction-centre,e
"Eikon Exhibition Centre, Lisburn",Lisburn,https://www.ents24.com/lisburn-events/eikon-exhibition-centre-lisburn,e
Empress Museum,London,https://www.ents24.com/london-events/empress-museum-1,e
Eden Bar,Birmingham,https://www.ents24.com/birmingham-events/eden-bar-1,e
Ellesmere Rangers Football Ground,Ellesmere,https://www.ents24.com/ellesmere-events/ellesmere-rangers-football-ground,e
Ellimatta,Cambridge,https://www.ents24.com/cambridge-events/ellimatta,e
East Hastings Sea Angling Association,Hastings,https://www.ents24.com/hastings-events/east-hastings-sea-angling-association,e
Exchange Place Studios,Sheffield,https://www.ents24.com/sheffield-events/exchange-place-studios,e
Ely Folk Club,Ely,https://www.ents24.com/ely-events/ely-folk-club,e
Edinburgh Centre For Carbon Innovations,Edinburgh,https://www.ents24.com/edinburgh-events/edinburgh-centre-for-carbon-innovations,e
Ebbw Vale Sports,Ebbw Vale,https://www.ents24.com/ebbw-vale-events/ebbw-vale-sports,e
EDGE Venue,Egham,https://www.ents24.com/egham-events/edge-venue,e
Enderby Mill Hill Cask & Coffee,Leicester,https://www.ents24.com/leicester-events/enderby-mill-hill-cask-and-coffee,e
Edenbridge & Oxted Show,Lingfield,https://www.ents24.com/lingfield-events/edenbridge-and-oxted-show,e
Egerton Park Indoor Bowls Club,Bexhill-on-Sea,https://www.ents24.com/bexhill-on-sea-events/egerton-park-indoor-bowls-club,e
first direct bank arena,Leeds,https://www.ents24.com/leeds-events/first-direct-bank-arena,f
Festival Theatre,Edinburgh,https://www.ents24.com/edinburgh-events/festival-theatre,f
Floral Pavilion Theatre & Blue Lounge,New Brighton,https://www.ents24.com/new-brighton-events/floral-pavilion-theatre-and-blue-lounge,f
Fareham Live,Fareham,https://www.ents24.com/fareham-events/fareham-live,f
Foundry,Sheffield,https://www.ents24.com/sheffield-events/foundry,f
Farnham Maltings,Farnham,https://www.ents24.com/farnham-events/farnham-maltings,f
Future Yard,Birkenhead,https://www.ents24.com/birkenhead-events/future-yard,f
Fairfield Halls,Croydon,https://www.ents24.com/croydon-events/fairfield-halls,f
Fuel Rock Club,Cardiff,https://www.ents24.com/cardiff-events/fuel-rock-club,f
Festival Theatre (Malvern Theatres),Malvern,https://www.ents24.com/malvern-events/festival-theatre-malvern-theatres,f
Foxlowe Arts Centre,Leek,https://www.ents24.com/leek-events/foxlowe-arts-centre,f
Finsbury Park,London,https://www.ents24.com/london-events/finsbury-park,f
Fairfield Social Club,Manchester,https://www.ents24.com/manchester-events/fairfield-social-club,f
Frog and Bucket Comedy Club,Manchester,https://www.ents24.com/manchester-events/frog-and-bucket-comedy-club,f
Fox & Firkin,London,https://www.ents24.com/london-events/fox-and-firkin,f
Fat Lil's,Witney,https://www.ents24.com/witney-events/fat-lils,f
Factory 251,Manchester,https://www.ents24.com/manchester-events/factory-251,f
Forum Theatre (Malvern Theatres),Malvern,https://www.ents24.com/malvern-events/forum-theatre-malvern-theatres,f
Falmouth Events Square,Falmouth,https://www.ents24.com/falmouth-events/falmouth-events-square,f
Fitzwilliam College,Cambridge,https://www.ents24.com/cambridge-events/fitzwilliam-college,f
Fabric,London,https://www.ents24.com/london-events/fabric,f
Frome Memorial Theatre,Frome,https://www.ents24.com/frome-events/frome-memorial-theatre,f
Ffos Las Racecourse & Conference Centre,Kidwelly,https://www.ents24.com/kidwelly-events/ffos-las-racecourse-and-conference-centre,f
Forest Arts Centre,New Milton,https://www.ents24.com/new-milton-events/forest-arts-centre,f
Festival Drayton Centre,Market Drayton,https://www.ents24.com/market-drayton-events/festival-drayton-centre,f
Firth Hall,Sheffield,https://www.ents24.com/sheffield-events/firth-hall,f
Fisher Theatre,Bungay,https://www.ents24.com/bungay-events/fisher-theatre,f
Fortune Theatre,London,https://www.ents24.com/london-events/fortune-theatre,f
Forfar Reid Hall,Forfar,https://www.ents24.com/forfar-events/forfar-reid-hall,f
Flying Duck,Glasgow,https://www.ents24.com/glasgow-events/flying-duck,f
Falls Park,Belfast,https://www.ents24.com/belfast-events/falls-park,f
Festival Site,Newport,https://www.ents24.com/newport-events/festival-site,f
Fontwell Park Racecourse,Arundel,https://www.ents24.com/arundel-events/fontwell-park-racecourse,f
Fishermen's Club,Eastbourne,https://www.ents24.com/eastbourne-events/fishermens-club,f
Florence Park Community Centre,Oxford,https://www.ents24.com/oxford-events/florence-park-community-centre,f
Falcon Hotel,Bude,https://www.ents24.com/bude-events/falcon-hotel,f
Fletchers Bar,Birmingham,https://www.ents24.com/birmingham-events/fletchers-bar,f
Frankie's Bar @ The Malt Shovel,Pontefract,https://www.ents24.com/pontefract-events/frankies-bar-the-malt-shovel,f
Foakes Hall,Dunmow,https://www.ents24.com/dunmow-events/foakes-hall-1,f
Frazer Theatre,Knaresborough,https://www.ents24.com/knaresborough-events/frazer-theatre,f
Folklore,London,https://www.ents24.com/london-events/folklore,f
Floral Hall,Hornsea,https://www.ents24.com/hornsea-events/floral-hall,f
Friargate Theatre,York,https://www.ents24.com/york-events/friargate-theatre,f
Fishery Wharf Cafe,Boxmoor,https://www.ents24.com/boxmoor-events/fishery-wharf-cafe,f
Fidel Gastro Social Club & Bar,Luton,https://www.ents24.com/luton-events/fidel-gastro-social-club-and-bar,f
Fuel Cafe Bar,Manchester,https://www.ents24.com/manchester-events/fuel-cafe-bar,f
Festival Hall,Market Rasen,https://www.ents24.com/market-rasen-events/festival-hall,f
Fulham Palace,London,https://www.ents24.com/london-events/fulham-palace,f
Fleetwood Conservative Club,Fleetwood,https://www.ents24.com/fleetwood-events/fleetwood-conservative-club,f
Funnyboyz,Liverpool,https://www.ents24.com/liverpool-events/funnyboyz,f
Furzey Gardens,Nr Lyndhurst,https://www.ents24.com/nr-lyndhurst-events/furzey-gardens,f
Festival Hall,Alderley Edge,https://www.ents24.com/alderley-edge-events/festival-hall,f
Fairfield Working Men's Club,Glasgow,https://www.ents24.com/glasgow-events/fairfield-working-mens-club,f
Forres Town Hall,Forres,https://www.ents24.com/forres-events/forres-town-hall,f
Fanny Hatstand HQ,Langport,https://www.ents24.com/langport-events/fanny-hatstand-hq,f
Fairycroft House Media & Arts Centre,Saffron Walden,https://www.ents24.com/saffron-walden-events/fairycroft-house-media-and-arts-centre,f
Fernhill Farm,Compton Martin,https://www.ents24.com/compton-martin-events/fernhill-farm,f
Folkestone Harbour Arm,Folkestone,https://www.ents24.com/folkestone-events/folkestone-harbour-arm,f
Full Moon & Attic Bar,Bristol,https://www.ents24.com/bristol-events/full-moon-and-attic-bar,f
Fold,London,https://www.ents24.com/london-events/fold,f
Flitwick Lodge,Bedford,https://www.ents24.com/bedford-events/flitwick-lodge,f
Freedom Bar,London,https://www.ents24.com/london-events/freedom-bar,f
Fox Lane Sports Club,Leyland,https://www.ents24.com/leyland-events/fox-lane-sports-club,f
Firbeck Village Hall,Firbeck,https://www.ents24.com/firbeck-events/firbeck-village-hall,f
Fell Foot Wood,Ulverston,https://www.ents24.com/ulverston-events/fell-foot-wood,f
Fulford Village Hall,Stoke-on-Trent,https://www.ents24.com/stoke-on-trent-events/fulford-village-hall,f
Fishergate Point Centre For The Arts,Nottingham,https://www.ents24.com/nottingham-events/fishergate-point-centre-for-the-arts,f
Freckleton Sports & Social Club,Preston,https://www.ents24.com/preston-events/freckleton-sports-and-social-club,f
Fakenham Community Centre,Fakenham,https://www.ents24.com/fakenham-events/fakenham-community-centre,f
Front Room & Late Lounge,Rhyl,https://www.ents24.com/rhyl-events/front-room-and-late-lounge,f
FORGE Warehouse,Sheffield,https://www.ents24.com/sheffield-events/forge-warehouse,f
Fratton Park (Portsmouth FC),Portsmouth,https://www.ents24.com/portsmouth-events/fratton-park-portsmouth-fc,f
Faith In Strangers,Margate,https://www.ents24.com/margate-events/faith-in-strangers,f
Fulfordgate Club,York,https://www.ents24.com/york-events/fulfordgate-club,f
Fauldhouse Miners Welfare Society,Bathgate,https://www.ents24.com/bathgate-events/fauldhouse-miners-welfare-society,f
Field System,Ashburton,https://www.ents24.com/ashburton-events/field-system,f
Fratry Hall at Carlisle Cathedral,Carlisle,https://www.ents24.com/carlisle-events/fratry-hall-at-carlisle-cathedral,f
Finborough Theatre at The Finborough,London,https://www.ents24.com/london-events/finborough-theatre-at-the-finborough,f
Fornighty Hall,Nairn,https://www.ents24.com/nairn-events/fornighty-hall-1,f
Fountainhall Church at the Cross,Aberdeen,https://www.ents24.com/aberdeen-events/fountainhall-church-at-the-cross,f
Fatbird Live Lounge,Wigan,https://www.ents24.com/wigan-events/fatbird-live-lounge,f
Florence Park,Oxford,https://www.ents24.com/oxford-events/florence-park,f
Foresters Arms,Melksham,https://www.ents24.com/melksham-events/foresters-arms,f
First Light Festival,Lowestoft,https://www.ents24.com/lowestoft-events/first-light-festival-1,f
Foyles Bookshop,London,https://www.ents24.com/london-events/foyles-bookshop,f
Festival Site,Upton upon Severn,https://www.ents24.com/upton-upon-severn-events/festival-site,f
Forum Theatre,Stoke-On-Trent,https://www.ents24.com/stoke-on-trent-events/forum-theatre,f
Friskney Village Hall,Friskney,https://www.ents24.com/friskney-events/friskney-village-hall,f
Farl,Folkestone,https://www.ents24.com/folkestone-events/farl,f
First In Last Out,Hastings,https://www.ents24.com/hastings-events/first-in-last-out,f
Fulltone Festival 26,Devizes,https://www.ents24.com/devizes-events/fulltone-festival-26,f
Fibre,Leeds,https://www.ents24.com/leeds-events/fibre,f
Forde Hall Social Club,Newton Abbot,https://www.ents24.com/newton-abbot-events/forde-hall-social-club,f
Framlingham College,Framlingham,https://www.ents24.com/framlingham-events/framlingham-college-1,f
Farmers Field,Morpeth,https://www.ents24.com/morpeth-events/farmers-field,f
Fitzroy Church,Belfast,https://www.ents24.com/belfast-events/fitzroy-church,f
Fort Cumberland,Portsmouth,https://www.ents24.com/portsmouth-events/fort-cumberland-2,f
Fibre Studio,Leicester,https://www.ents24.com/leicester-events/fibre-studio,f
Frome Library,Frome,https://www.ents24.com/frome-events/frome-library,f
Flatford National Trust,East Bergholt,https://www.ents24.com/east-bergholt-events/flatford-national-trust,f
Fife Ice Arena,Kircaldy,https://www.ents24.com/kircaldy-events/fife-ice-arena,f
"Fairfield House, Stogursey",Somerset,https://www.ents24.com/stogursey-somerset-events/fairfield-house,f
Fulham Pier,London,https://www.ents24.com/london-events/fulham-pier,f
Figheldean Recreation Ground,SALiSBURY,https://www.ents24.com/salisbury-events/figheldean-recreation-ground,f
French Horn,Alton,https://www.ents24.com/alton-events/french-horn,f
"Free2Learn, Hackney",London,https://www.ents24.com/hackney-london-events/free2learn,f
Fladbury Social Club,Pershore,https://www.ents24.com/pershore-events/fladbury-social-club,f
"Fairseat Village Hall, Fairseat",Sevenoaks TN15 7LU,https://www.ents24.com/fairseat-sevenoaks-tn15-7lu-events/fairseat-village-hall,f
FitzWimarc School Hockley,Rayleigh,https://www.ents24.com/rayleigh-events/fitzwimarc-school-hockley,f
Fakenham Parish Church,Fakenham,https://www.ents24.com/fakenham-events/fakenham-parish-church,f
Frances Bardsley School,Romford,https://www.ents24.com/romford-events/frances-bardsley-school,f
Frensham Heights School,Rowledge,https://www.ents24.com/rowledge-events/frensham-heights-school,f
Grand Opera House,York,https://www.ents24.com/york-events/grand-opera-house,g
Green Note,London,https://www.ents24.com/london-events/green-note,g
Gorilla,Manchester,https://www.ents24.com/manchester-events/gorilla,g
G Live,Guildford,https://www.ents24.com/guildford-events/g-live,g
Grand Theatre,Blackpool,https://www.ents24.com/blackpool-events/grand-theatre,g
Grand Opera House,Belfast,https://www.ents24.com/belfast-events/grand-opera-house,g
Grimsby Auditorium,Grimsby,https://www.ents24.com/grimsby-events/grimsby-auditorium,g
Gloucester Guildhall,Gloucester,https://www.ents24.com/gloucester-events/gloucester-guildhall,g
Gala Theatre and Cinema,Durham,https://www.ents24.com/durham-events/gala-theatre-and-cinema-picturehouse,g
Grand Theatre,Lancaster,https://www.ents24.com/lancaster-events/grand-theatre,g
Grove Theatre,Dunstable,https://www.ents24.com/dunstable-events/grove-theatre,g
Gullivers,Manchester,https://www.ents24.com/manchester-events/gullivers,g
Guildhall and Brangwyn Hall,Swansea,https://www.ents24.com/swansea-events/guildhall-and-brangwyn-hall,g
Gatehouse Theatre,Stafford,https://www.ents24.com/stafford-events/gatehouse-theatre,g
Gawsworth Hall,Macclesfield,https://www.ents24.com/macclesfield-events/gawsworth-hall,g
Gaiety Theatre,Ayr,https://www.ents24.com/ayr-events/gaiety-theatre,g
Grand Central Hall,Liverpool,https://www.ents24.com/liverpool-events/grand-central-hall,g
Gwyn Hall,Neath,https://www.ents24.com/neath-events/gwyn-hall,g
Glasgow Green,Glasgow,https://www.ents24.com/glasgow-events/glasgow-green,g
Gosforth Civic Theatre,Newcastle-upon-Tyne,https://www.ents24.com/newcastle-upon-tyne-events/gosforth-civic-theatre,g
Gladstone Theatre,Wirral,https://www.ents24.com/wirral-events/gladstone-theatre,g
Grove Theatre,Eastbourne,https://www.ents24.com/eastbourne-events/grove-theatre,g
Gloucester Cathedral,Gloucester,https://www.ents24.com/gloucester-events/gloucester-cathedral,g
Goodwood Motor Circuit,Chichester,https://www.ents24.com/chichester-events/goodwood-motor-circuit,g
Guildhall Square,Southampton,https://www.ents24.com/southampton-events/guildhall-square,g
Gloucestershire County Cricket Club,Bristol,https://www.ents24.com/bristol-events/gloucestershire-county-cricket-club,g
Garrick Theatre,London,https://www.ents24.com/london-events/garrick-theatre,g
George Lawton Hall,Mossley,https://www.ents24.com/ashton-under-lyne-events/george-lawton-hall,g
Grand Pier,Weston-super-Mare,https://www.ents24.com/weston-super-mare-events/grand-pier,g
Great Yarmouth Racecourse,Great Yarmouth,https://www.ents24.com/great-yarmouth-events/great-yarmouth-racecourse,g
Garden Square,Kirkwall,https://www.ents24.com/kirkwall-events/garden-square,g
Greenwich Theatre,London,https://www.ents24.com/london-events/greenwich-theatre,g
Grey Horse,Kingston Upon Thames,https://www.ents24.com/kingston-upon-thames-events/grey-horse,g
Gorilla Brewing Co.,Mexborough,https://www.ents24.com/mexborough-events/gorilla-brewing-co,g
Garrick Theatre,Stockport,https://www.ents24.com/stockport-events/garrick-theatre,g
Greenock Town Hall,Greenock,https://www.ents24.com/greenock-events/greenock-town-hall,g
Georgian Theatre Royal,Richmond,https://www.ents24.com/richmond-events/georgian-theatre-royal,g
Guiseley Theatre,Guiseley,https://www.ents24.com/guiseley-events/guiseley-theatre,g
Guildhall Arts Centre,Grantham,https://www.ents24.com/grantham-events/guildhall-arts-centre,g
Guildford Institute,Guildford,https://www.ents24.com/guildford-events/guildford-institute,g
Gunnersbury Park,London,https://www.ents24.com/london-events/gunnersbury-park,g
Gillian Lynne Theatre,London,https://www.ents24.com/london-events/gillian-lynne-theatre,g
Giffard Arms,Wolverhampton,https://www.ents24.com/wolverhampton-events/giffard-arms,g
Garon Park,Southend-On-Sea,https://www.ents24.com/southend-on-sea-events/garon-park,g
Glyndebourne Opera House,Lewes,https://www.ents24.com/lewes-events/glyndebourne-opera-house,g
Goldfinch Books,Alton,https://www.ents24.com/alton-events/goldfinch-books,g
Gorton Monastery,Manchester,https://www.ents24.com/manchester-events/gorton-monastery,g
Grangemouth Town Hall,Grangemouth,https://www.ents24.com/grangemouth-events/grangemouth-town-hall-1,g
George IV,London,https://www.ents24.com/london-events/george-iv,g
Grand Ole Opry,Glasgow,https://www.ents24.com/glasgow-events/grand-ole-opry,g
Grosvenor Park Open Air Theatre,Chester,https://www.ents24.com/chester-events/grosvenor-park-open-air-theatre,g
Greenwood Theatre,London,https://www.ents24.com/london-events/greenwood-theatre,g
Glasgow Cathedral,Glasgow,https://www.ents24.com/glasgow-events/glasgow-cathedral,g
Guildford Cathedral,Guildford,https://www.ents24.com/guildford-events/guildford-cathedral,g
Grassmoor WMC,Grassmoor,https://www.ents24.com/grassmoor-events/grassmoor-wmc,g
Glynde Place,Glynde,https://www.ents24.com/glynde-events/glynde-place,g
Grosvenor House Hotel,London,https://www.ents24.com/london-events/grosvenor-house-hotel,g
Grand Junction,London,https://www.ents24.com/london-events/grand-junction,g
Ghillie Dhu,Edinburgh,https://www.ents24.com/edinburgh-events/ghillie-dhu,g
Grayshott Village Hall,Hindhead,https://www.ents24.com/hindhead-events/grayshott-village-hall,g
Green Routes,Oxford,https://www.ents24.com/oxford-events/green-routes,g
Grewelthorpe Village Hall,Ripon,https://www.ents24.com/ripon-events/grewelthorpe-village-hall,g
Godmersham & Crundale Village Hall,Godmersham,https://www.ents24.com/godmersham-events/godmersham-and-crundale-village-hall,g
Grassington Town Hall,Grassington,https://www.ents24.com/grassington-events/grassington-town-hall,g
Great Easton Village Hall,Great Easton,https://www.ents24.com/great-easton-events/great-easton-village-hall,g
George Watson Memorial Hall,Tewkesbury,https://www.ents24.com/tewkesbury-events/george-watson-memorial-hall,g
Glór Ennis,Ennis,https://www.ents24.com/ennis-events/glor-ennis,g
GL1 (Gloucester Leisure Centre),Gloucester,https://www.ents24.com/gloucester-events/gl1-gloucester-leisure-centre,g
Gilded Balloon Teviot,Edinburgh,https://www.ents24.com/edinburgh-events/gilded-balloon,g
Gainsborough Labour Club,Ipswich,https://www.ents24.com/suffolk-events/gainsborough-labour-club,g
"Glasgow University Union (GUU, Debating Chamber, Hive, Deep 6)",Glasgow,https://www.ents24.com/glasgow-events/glasgow-university-union-guu-debating-chamber-hive-deep-6,g
Glaziers Hall,London,https://www.ents24.com/london-events/glaziers-hall,g
Glenuig Hall,Lochailort,https://www.ents24.com/lochailort-events/glenuig-hall,g
Gut Level,Sheffield,https://www.ents24.com/sheffield-events/gut-level,g
Guildford Pavilion,Guildford,https://www.ents24.com/guildford-events/guildford-pavilion,g
Galway Town Hall Theatre,Galway,https://www.ents24.com/galway-events/galway-town-hall-theatre,g
Gunness Village Hall,Scunthorpe,https://www.ents24.com/scunthorpe-events/gunness-village-hall,g
Gilsland Village Hall,Gilsland,https://www.ents24.com/gilsland-events/gilsland-village-hall,g
Greenwich Borough Hall,London,https://www.ents24.com/london-events/greenwich-borough-hall,g
Glusburn Community & Arts Centre,Glusburn,https://www.ents24.com/glusburn-events/glusburn-community-and-arts-centre,g
Goffs Park,Crawley,https://www.ents24.com/crawley-events/goffs-park,g
Greenoaks Gathering,Ely,https://www.ents24.com/ely-events/greenoaks-gathering,g
Groby Ex-Servicemen's Social Club,Leicester,https://www.ents24.com/leicester-events/groby-ex-servicemens-social-club,g
Glenavon House Hotel,Cookstown,https://www.ents24.com/cookstown-events/glenavon-house-hotel,g
Grimsthorpe Castle & Park,Bourne,https://www.ents24.com/bourne-events/grimsthorpe-castle-and-park,g
George's Tea Room,Northampton,https://www.ents24.com/northampton-events/georges-tea-room,g
Greyfriars Tolbooth and Highland Kirk,Edinburgh,https://www.ents24.com/edinburgh-events/greyfriars-tolbooth-and-highland-kirk,g
Glaxo Sports & Social Club,Barnard Castle,https://www.ents24.com/barnard-castle-events/glaxo-sports-and-social-club,g
Gilded Balloon Patter House,Edinburgh,https://www.ents24.com/edinburgh-events/gilded-balloon-patter-house,g
Guildford Spectrum Leisure Complex,Guildford,https://www.ents24.com/guildford-events/guildford-spectrum-leisure-complex,g
Gairloch Community Hall,Gairloch,https://www.ents24.com/gairloch-events/gairloch-community-hall,g
God's House Tower,Southampton,https://www.ents24.com/southampton-events/gods-house-tower,g
Grace's Irish Sports Bar,Glasgow,https://www.ents24.com/glasgow-events/graces-irish-sports-bar,g
Gulberwick Hall,Shetland,https://www.ents24.com/shetland-events/gulberwick-hall,g
Grafton Underwood Village Hall,Kettering,https://www.ents24.com/kettering-events/grafton-underwood-village-hall,g
Garon Park Cricket Ground,Southend on Sea,https://www.ents24.com/southend-on-sea-events/garon-park-cricket-ground,g
Garthorpe Village Hall,Scunthorpe,https://www.ents24.com/scunthorpe-events/garthorpe-village-hall,g
Gravesend Rugby Club,Gravesend,https://www.ents24.com/gravesend-events/gravesend-rugby-club,g
Golden Sands Holiday Park,Dawlish,https://www.ents24.com/dawlish-events/golden-sands-holiday-park,g
"Greyfriars Kirk, Edinburgh",Edinburgh,https://www.ents24.com/edinburgh-events/greyfriars-kirk-edinburgh,g
Gainford Academy Theatre,Darlington,https://www.ents24.com/darlington-events/gainford-academy-theatre,g
Garioch Community Centre,Inverurie,https://www.ents24.com/inverurie-events/garioch-community-centre,g
Gilwell Park,London,https://www.ents24.com/london-events/gilwell-park-1,g
Green Works,Bristol,https://www.ents24.com/bristol-events/green-works,g
Golden Crane,Upminster,https://www.ents24.com/upminster-events/golden-crane,g
Gateside Memorial Hall,Cupar,https://www.ents24.com/cupar-events/gateside-memorial-hall,g
Guisborough Rugby Club,Guisborough,https://www.ents24.com/guisborough-events/guisborough-rugby-club,g
Great Barford House,Bedford,https://www.ents24.com/bedford-events/great-barford-house,g
Garioch Indoor Bowling Centre,Inverurie,https://www.ents24.com/inverurie-events/garioch-indoor-bowling-centre,g
Gilfach Goch Community Association,Porth,https://www.ents24.com/porth-events/gilfach-goch-community-association-1,g
Gullane Village Hall,Gullane,https://www.ents24.com/gullane-events/gullane-village-hall,g
Green Heath Progressive Working Mens Club,Hednesford,https://www.ents24.com/hednesford-events/green-heath-progressive-working-mens-club,g
Gaskell Hall,Carnforth,https://www.ents24.com/carnforth-events/gaskell-hall,g
Holmfirth Picturedrome,Holmfirth,https://www.ents24.com/holmfirth-events/holmfirth-picturedrome,h
Hull City Hall,Hull,https://www.ents24.com/hull-events/hull-city-hall,h
Hot Water Comedy Club at Blackstock Market,Liverpool,https://www.ents24.com/liverpool-events/hot-water-comedy-club-at-blackstock-market,h
Hare & Hounds,Birmingham,https://www.ents24.com/birmingham-events/hare-and-hounds,h
Hull New Theatre,Hull,https://www.ents24.com/hull-events/hull-new-theatre,h
Hall For Cornwall (HFC),Truro,https://www.ents24.com/truro-events/hall-for-cornwall-hfc,h
Hyde Park,London,https://www.ents24.com/london-events/hyde-park,h
Hexagon Theatre,Reading,https://www.ents24.com/reading-events/hexagon-theatre,h
Hyde Park Book Club,Leeds,https://www.ents24.com/leeds-events/hyde-park-book-club,h
His Majesty's Theatre,Aberdeen,https://www.ents24.com/aberdeen-events/his-majestys-theatre,h
hmv Empire,Coventry,https://www.ents24.com/coventry-events/hmv-empire,h
Hull Truck Theatre,Hull,https://www.ents24.com/hull-events/hull-truck-theatre,h
Huddersfield Town Hall,Huddersfield,https://www.ents24.com/huddersfield-events/huddersfield-town-hall,h
Hawth Theatre,Crawley,https://www.ents24.com/crawley-events/hawth-theatre,h
Heartbreakers,Southampton,https://www.ents24.com/southampton-events/heartbreakers,h
Harrogate Royal Hall,Harrogate,https://www.ents24.com/harrogate-events/harrogate-royal-theatre-hall,h
Hertford Corn Exchange,Hertford,https://www.ents24.com/hertford-events/hertford-corn-exchange,h
Hampden Park,Glasgow,https://www.ents24.com/glasgow-events/hampden-park,h
Hen & Chicken,Bristol,https://www.ents24.com/bristol-events/hen-and-chicken,h
Harrogate Theatre,Harrogate,https://www.ents24.com/harrogate-events/harrogate-theatre,h
Hangar 34,Liverpool,https://www.ents24.com/liverpool-events/hangar-34,h
Hampton Court Palace,East Molesey,https://www.ents24.com/east-molesey-events/hampton-court-palace,h
Huntingdon Hall,Worcester,https://www.ents24.com/worcester-events/huntingdon-hall,h
Harrogate Convention Centre,Harrogate,https://www.ents24.com/harrogate-events/harrogate-convention-centre,h
Hanger Farm Arts Centre,Southampton,https://www.ents24.com/southampton-events/hanger-farm-arts-centre,h
Hylands Park,Chelmsford,https://www.ents24.com/chelmsford-events/hylands-park,h
Hull University SU,Hull,https://www.ents24.com/hull-events/hull-university-su,h
Hazlitt Theatre,Maidstone,https://www.ents24.com/maidstone-events/hazlitt-theatre,h
Hope & Anchor and The Hope Theatre,London,https://www.ents24.com/london-events/hope-and-anchor-and-the-hope-theatre,h
Hammersmith Irish Cultural Centre,London,https://www.ents24.com/london-events/hammersmith-irish-cultural-centre,h
Headrow House,Leeds,https://www.ents24.com/leeds-events/headrow-house,h
Head of Steam,Newcastle upon Tyne,https://www.ents24.com/newcastle-upon-tyne-events/head-of-steam,h
HERE at Outernet,London,https://www.ents24.com/london-events/here-at-outernet,h
Harlow Playhouse,Harlow,https://www.ents24.com/harlow-events/harlow-playhouse,h
HOME,Manchester,https://www.ents24.com/manchester-events/home-1,h
Hackney Empire,London,https://www.ents24.com/london-events/hackney-empire,h
Hackney Church,London,https://www.ents24.com/london-events/hackney-church,h
Hampton Open Air Swimming Pool,Hampton,https://www.ents24.com/hampton-events/hampton-open-air-swimming-pool,h
Hot Box,Chelmsford,https://www.ents24.com/chelmsford-events/hot-box,h
Heaton Park,Manchester,https://www.ents24.com/manchester-events/heaton-park,h
Hatfield House & Park,Hatfield,https://www.ents24.com/hatfield-events/hatfield-house-and-park,h
Heaven,London,https://www.ents24.com/london-events/heaven,h
Historic Lavenham Open Air Theatre,Lavenham,https://www.ents24.com/lavenham-events/historic-lavenham-open-air-theatre,h
Hangar 18 Music Venue,Swansea,https://www.ents24.com/swansea-events/hangar-18-music-venue,h
Hessle Town Hall,Hessle,https://www.ents24.com/hessle-events/hessle-town-hall,h
Howden Park Centre,Livingston,https://www.ents24.com/livingston-events/howden-park-centre,h
Howden Live @ The Shire Hall,Howden,https://www.ents24.com/howden-events/howden-live-the-shire-hall,h
Harrow Arts Centre,Harrow,https://www.ents24.com/harrow-events/harrow-arts-centre,h
Hampton Hill Theatre,Hampton,https://www.ents24.com/hampton-events/hampton-hill-theatre,h
Howard Assembly Room,Leeds,https://www.ents24.com/leeds-events/howard-assembly-room,h
Headgate Theatre,Colchester,https://www.ents24.com/colchester-events/headgate-theatre,h
Halle St Peters,Manchester,https://www.ents24.com/manchester-events/halle-st-peters,h
Hazlehead Park,Aberdeen,https://www.ents24.com/aberdeen-events/hazlehead-park,h
Highclere Castle,Newbury,https://www.ents24.com/newbury-events/highclere-castle,h
Hallamshire Hotel,Sheffield,https://www.ents24.com/sheffield-events/hallamshire-hotel,h
Haverhill Arts Centre,Haverhill,https://www.ents24.com/haverhill-events/haverhill-arts-centre,h
Halle at St Michaels,Manchester,https://www.ents24.com/manchester-events/halle-at-st-michaels,h
Horseshoe Showbar at Blackpool Pleasure Beach,Blackpool,https://www.ents24.com/blackpool-events/horseshoe-showbar-at-blackpool-pleasure-beach,h
His Majesty's Theatre,London,https://www.ents24.com/london-events/his-majestys-theatre,h
Hitchin Town Hall,Hitchin,https://www.ents24.com/hitchin-events/hitchin-town-hall,h
Heebie Jeebies & EBGBS,Liverpool,https://www.ents24.com/liverpool-events/heebie-jeebies-and-ebgbs,h
Harbour Arts Centre,Irvine,https://www.ents24.com/irvine-events/harbour-arts-centre,h
Hoxton Hall Theatre,London,https://www.ents24.com/london-events/hoxton-hall-theatre,h
HSBC UK National Cycling Centre,Manchester,https://www.ents24.com/manchester-events/hsbc-uk-national-cycling-centre,h
Hagglers Corner,Sheffield,https://www.ents24.com/sheffield-events/hagglers-corner,h
Hitchin Priory,Hitchin,https://www.ents24.com/hitchin-events/hitchin-priory,h
Hampton Hub,Hampton,https://www.ents24.com/hampton-events/hampton-hub,h
Haydock Park Racecourse,Newton-Le-Willows,https://www.ents24.com/newton-le-willows-events/haydock-park-racecourse,h
Hull Minster,Hull,https://www.ents24.com/hull-events/hull-minster,h
Hi-Tide,Porthcawl,https://www.ents24.com/porthcawl-events/hi-tide,h
Hot Water Comedy Club,Liverpool,https://www.ents24.com/liverpool-events/hot-water-comedy-club,h
Halliwell Jones Stadium,Warrington,https://www.ents24.com/warrington-events/halliwell-jones-stadium,h
Hepworth Village Hall,Hepworth,https://www.ents24.com/hepworth-events/hepworth-village-hall,h
Hitchin Folk Club at Hitchin Cricket Club,Hitchin,https://www.ents24.com/hitchin-events/hitchin-folk-club-at-hitchin-cricket-club,h
Harborough Theatre,Market Harborough,https://www.ents24.com/market-harborough-events/harborough-theatre,h
Hampstead Theatre,London,https://www.ents24.com/london-events/hampstead-theatre,h
Halstead Empire Theatre,Halstead,https://www.ents24.com/halstead-events/halstead-empire-theatre,h
Helmsley Arts Centre,Helmsley,https://www.ents24.com/helmsley-events/helmsley-arts-centre,h
Halesowen Town Hall,Halesowen,https://www.ents24.com/halesowen-events/halesowen-town-hall,h
Hidden Rooms,Cambridge,https://www.ents24.com/cambridge-events/hidden-rooms,h
Howden Shire Hall,Howden,https://www.ents24.com/howden-events/howden-shire-hall,h
Hidden Dundee,Dundee,https://www.ents24.com/dundee-events/hidden-dundee,h
Home & Eat,Bishop's Stortford,https://www.ents24.com/bishops-stortford-events/home-and-eat,h
Hartland Abbey,Bideford,https://www.ents24.com/bideford-events/hartland-abbey,h
Harwell Village Hall,Didcot,https://www.ents24.com/didcot-events/harwell-village-hall,h
Holiday Inn,Basildon,https://www.ents24.com/basildon-events/holiday-inn,h
Highfield Community Hall,Wigan,https://www.ents24.com/wigan-events/highfield-community-hall,h
Heywood Civic Centre,Heywood,https://www.ents24.com/heywood-events/heywood-civic-centre,h
Holy Diver,Stockport,https://www.ents24.com/stockport-events/holy-diver,h
Hinchingbrooke House & Performing Arts Centre,Huntingdon,https://www.ents24.com/huntingdon-events/hinchingbrooke-house-and-performing-arts-centre,h
Hemsby Beach Holiday Park,Hemsby on Sea,https://www.ents24.com/hemsby-on-sea-events/hemsby-beach-holiday-park,h
Hemnall Social Club,Epping,https://www.ents24.com/epping-events/hemnall-social-club,h
Hambrook Village Hall,Chidham,https://www.ents24.com/chidham-events/hambrook-village-hall,h
Horndean College of Technology (Barton Hall),Portsmouth,https://www.ents24.com/portsmouth-events/horndean-college-of-technology-barton-hall,h
Henham Park,Southwold,https://www.ents24.com/southwold-events/henham-park,h
Heswall Hall,Wirral,https://www.ents24.com/wirral-events/heswall-hall-1,h
Hillsborough Park,Sheffield,https://www.ents24.com/sheffield-events/hillsborough-park,h
Hutton Rudby Village Hall,Hutton Rudby,https://www.ents24.com/hutton-rudby-events/hutton-rudby-village-hall,h
Hill Dickinson Stadium,Liverpool,https://www.ents24.com/liverpool-events/hill-dickinson-stadium,h
Hednesford Ex-Servicemens Club,Hednesford,https://www.ents24.com/hednesford-events/hednesford-ex-servicemens-club,h
Halifax Minster,Halifax,https://www.ents24.com/halifax-events/halifax-minster,h
Himley Hall,Dudley,https://www.ents24.com/dudley-events/himley-hall,h
Hereford Racecourse,Hereford,https://www.ents24.com/hereford-events/hereford-racecourse,h
Hockley Community Centre,Hockley,https://www.ents24.com/hockley-events/hockley-community-centre-1,h
Home Bar,Edinburgh,https://www.ents24.com/edinburgh-events/home-bar,h
Holy Trinity Church,Leicester,https://www.ents24.com/leicester-events/holy-trinity-church,h
Hoop And Toy,London,https://www.ents24.com/london-events/hoop-and-toy,h
Harraby Community Theatre,Carlisle,https://www.ents24.com/carlisle-events/harraby-community-theatre,h
Hove Park,Hove,https://www.ents24.com/hove-events/hove-park,h
Hexham Abbey,Hexham,https://www.ents24.com/hexham-events/hexham-abbey,h
Heigi's,London,https://www.ents24.com/london-events/heigis,h
Horizon Club,Brighton,https://www.ents24.com/brighton-events/horizon-club,h
Herne Bay Pier,Herne Bay,https://www.ents24.com/herne-bay-events/herne-bay-pier,h
Hazel Grove Farm,Ryde,https://www.ents24.com/ryde-events/hazel-grove-farm,h
Harrow Lodge Park,Hornchurch,https://www.ents24.com/hornchurch-events/harrow-lodge-park,h
Houses Of Parliament,London,https://www.ents24.com/london-events/houses-of-parliament,h
Heritage Centre,Campbeltown,https://www.ents24.com/campbeltown-events/heritage-centre,h
Holme Lacy House Hotel,Hereford,https://www.ents24.com/hereford-events/holme-lacy-house-hotel,h
Horse & Bamboo Theatre,Rossendale,https://www.ents24.com/rossendale-events/horse-and-bamboo-theatre,h
Hafod-y-Dafal Farm,Ebbw Vale,https://www.ents24.com/ebbw-vale-events/hafod-y-dafal-farm,h
Here We Aren't,Peterborough,https://www.ents24.com/peterborough-events/here-we-arent,h
Hey Joe Music & Coffee,Brentwood,https://www.ents24.com/brentwood-events/hey-joe-music-and-coffee,h
Hilltop Club,Ebbw Vale,https://www.ents24.com/ebbw-vale-events/hilltop-club,h
Hockley British Legion,Hockley,https://www.ents24.com/hockley-events/hockley-british-legion,h
Huntingdon Racecourse,Huntingdon,https://www.ents24.com/huntingdon-events/huntingdon-racecourse,h
Hawick Town Hall,Hawick,https://www.ents24.com/hawick-events/hawick-town-hall,h
High Forest Community Centre,Allendale,https://www.ents24.com/allendale-events/high-forest-community-centre,h
Hill Farm,Steventon,https://www.ents24.com/steventon-events/hill-farm,h
Helix Park,Grangemouth,https://www.ents24.com/grangemouth-events/helix-park,h
Hillsborough Castle,Hillsborough,https://www.ents24.com/hillsborough-events/hillsborough-castle,h
Heath Street Baptist Church,London,https://www.ents24.com/london-events/heath-street-baptist-church,h
Hillworth Farm,Tewkesbury,https://www.ents24.com/tewkesbury-events/hillworth-farm,h
Hull Marina,Hull,https://www.ents24.com/hull-events/hull-marina,h
Holybourne Theatre,Alton,https://www.ents24.com/alton-events/holybourne-theatre,h
Hoyland Common Working Mens Club,Barnsley,https://www.ents24.com/barnsley-events/hoyland-common-working-mens-club,h
Hampton Sailing Club,Hampton,https://www.ents24.com/hampton-events/hampton-sailing-club,h
Horse & Groom,Ramsgate,https://www.ents24.com/ramsgate-events/horse-and-groom,h
Hulme Community Garden Centre,Manchester,https://www.ents24.com/manchester-events/hulme-community-garden-centre,h
Harraton Community Centre,Washington,https://www.ents24.com/washington-events/harraton-community-centre,h
Hasland Working Mens Club,Chesterfield,https://www.ents24.com/chesterfield-events/hasland-working-mens-club,h
Hazlemere Community Association & Social Club,High Wycombe,https://www.ents24.com/high-wycombe-events/hazlemere-community-association-and-social-club,h
Hetton Lyons Cricket Club,Hetton-le-hole,https://www.ents24.com/hetton-le-hole-events/hetton-lyons-cricket-club,h
Highlands Methodist Church,Leigh-on-Sea,https://www.ents24.com/leigh-on-sea-events/highlands-methodist-church,h
Holiday Inn Bolton,Bolton,https://www.ents24.com/bolton-events/holiday-inn-bolton,h
Horncastle Town Hall,Horncastle,https://www.ents24.com/horncastle-events/horncastle-town-hall,h
Heart Of Hawick,Hawick,https://www.ents24.com/hawick-events/heart-of-hawick,h
Hertfordshire Studios,Hoddesdon,https://www.ents24.com/hoddesdon-events/hertfordshire-studios,h
Hose Village Hall,Hose,https://www.ents24.com/hose-events/hose-village-hall,h
Horsham Sports Club,Horsham,https://www.ents24.com/horsham-events/horsham-sports-club,h
Hall Leys Park,Matlock,https://www.ents24.com/matlock-events/hall-leys-park,h
Heptonstall Festival,Heptonstall,https://www.ents24.com/heptonstall-events/heptonstall-festival,h
Hayes WMC,Hayes,https://www.ents24.com/hayes-events/hayes-wmc,h
Harewood House,Plymouth,https://www.ents24.com/plymouth-events/harewood-house,h
Horsham Rugby Club,Horsham,https://www.ents24.com/horsham-events/horsham-rugby-club,h
Huddersfield Parish Church Of St Peter's,Huddersfield,https://www.ents24.com/huddersfield-events/huddersfield-parish-church-of-st-peters,h
Hampshire Court Hotel,Basingstoke,https://www.ents24.com/basingstoke-events/hampshire-court-hotel,h
Hawthorns Social Club,Birmingham,https://www.ents24.com/birmingham-events/hawthorns-social-club,h
Hurley Village Hall,Hurley,https://www.ents24.com/hurley-events/hurley-village-hall,h
Holey Molies,Skelton-in-Cleveland,https://www.ents24.com/skelton-in-cleveland-events/holey-molies,h
Hilltops Sports & Social Club,Bolton,https://www.ents24.com/bolton-events/hilltops-sports-and-social-club,h
Humble Hub,St Leonards on Sea,https://www.ents24.com/st-leonards-on-sea-events/humble-hub,h
Hotel Ibis (London Earls Court),London,https://www.ents24.com/london-events/hotel-ibis-london-earls-court,h
Harlow British Legion,Harlow,https://www.ents24.com/harlow-events/harlow-british-legion,h
Holy Trinity Church,Folkestone,https://www.ents24.com/folkestone-events/holy-trinity-church-1,h
Hethersett Village Hall,Norwich,https://www.ents24.com/norwich-events/hethersett-village-hall,h
Hayling Island Community Centre,Hayling Island,https://www.ents24.com/hayling-island-events/hayling-island-community-centre,h
Harworth & Bircotes Town Hall,Doncaster,https://www.ents24.com/doncaster-events/harworth-and-bircotes-town-hall,h
Hughes Hall,Cambridge,https://www.ents24.com/cambridge-events/hughes-hall,h
Holdenby House,Northampton,https://www.ents24.com/northampton-events/holdenby-house-1,h
Holy Trinity Church,Leamington Spa,https://www.ents24.com/leamington-spa-events/holy-trinity-church,h
Hurlingham Park,London,https://www.ents24.com/london-events/hurlingham-park,h
Hatton Country World,Warwick,https://www.ents24.com/warwick-events/hatton-country-world,h
Haslemere Educational Museum,Surrey,https://www.ents24.com/surrey-events/haslemere-educational-museum,h
Hundred Years Gallery,London,https://www.ents24.com/london-events/hundred-years-gallery,h
Hooton Lodge Farm,Thrybergh,https://www.ents24.com/thrybergh-events/hooton-lodge-farm,h
Hutton Rudby Arts,Hutton Rudby,https://www.ents24.com/hutton-rudby-events/hutton-rudby-arts,h
Hyde Little Theatre,Hyde,https://www.ents24.com/hyde-events/hyde-little-theatre,h
Horatio's,Brighton,https://www.ents24.com/brighton-events/horatios,h
Hippos,Swansea,https://www.ents24.com/swansea-events/hippos,h
Holland Public Hall,Clacton-on-Sea,https://www.ents24.com/clacton-on-sea-events/holland-public-hall,h
Hitch & Brew,Scarborough,https://www.ents24.com/scarborough-events/hitch-and-brew,h
House of Sisters Grimm,London,https://www.ents24.com/london-events/house-of-sisters-grimm,h
Holy Trinity Church,Maidenhead,https://www.ents24.com/maidenhead-events/holy-trinity-church,h
Helen of Troy,London,https://www.ents24.com/london-events/helen-of-troy,h
Halfway House,LEEDS,https://www.ents24.com/leeds-events/halfway-house,h
Hall & Woodhouse,Portishead,https://www.ents24.com/portishead-events/hall-and-woodhouse,h
Handcross Recreation Ground,Handcross,https://www.ents24.com/handcross-events/handcross-recreation-ground,h
Holyport Memorial Hall,Maidenhead,https://www.ents24.com/maidenhead-events/holyport-memorial-hall,h
Hope City Church,Edinburgh,https://www.ents24.com/edinburgh-events/hope-city-church,h
Holly Bush Inn,Wrexham,https://www.ents24.com/wrexham-events/holly-bush-inn-1,h
Hackney Bridge,London,https://www.ents24.com/london-events/hackney-bridge,h
Holy Trinity Church,Holmfirth,https://www.ents24.com/holmfirth-events/holy-trinity-church,h
Harefield Cricket Club,Uxbridge,https://www.ents24.com/uxbridge-events/harefield-cricket-club,h
Hitchin Town Football Club,Hitchin,https://www.ents24.com/hitchin-events/hitchin-town-football-club-1,h
Holy Trinity Church,Bideford,https://www.ents24.com/bideford-events/holy-trinity-church,h
Havant Library,Havant,https://www.ents24.com/havant-events/havant-library,h
Hunts Cider,Totnes,https://www.ents24.com/totnes-events/hunts-cider,h
Hollesley Village Hall,Hollesley,https://www.ents24.com/hollesley-events/hollesley-village-hall,h
House of Chaplin,Bude,https://www.ents24.com/bude-events/house-of-chaplin,h
Islington Assembly Hall,London,https://www.ents24.com/london-events/islington-assembly-hall,i
indigo at The O2,London,https://www.ents24.com/london-events/indigo-at-the-o2,i
Irish Centre,Leeds,https://www.ents24.com/leeds-events/irish-centre,i
Ivory Blacks,Glasgow,https://www.ents24.com/glasgow-events/ivory-blacks,i
Independent,Sunderland,https://www.ents24.com/sunderland-events/independent,i
Ilkley Playhouse,Ilkley,https://www.ents24.com/ilkley-events/ilkley-playhouse,i
Institute of Contemporary Arts (ICA),London,https://www.ents24.com/london-events/institute-of-contemporary-arts-ica,i
International Convention Centre Wales,Newport,https://www.ents24.com/newport-events/international-convention-centre-wales,i
Impossible,Manchester,https://www.ents24.com/manchester-events/impossible,i
Inverurie Town Hall,Inverurie,https://www.ents24.com/inverurie-events/inverurie-town-hall,i
Isle of Bute Parish Church,Isle of Bute,https://www.ents24.com/isle-of-bute-events/isle-of-bute-parish-church,i
Inverness Leisure Centre,Inverness,https://www.ents24.com/inverness-events/inverness-leisure-centre,i
IKLECTIK,London,https://www.ents24.com/london-events/iklectik,i
iPro Stadium,Derby,https://www.ents24.com/derby-events/ipro-stadium,i
Ilminster Arts Centre,Ilminster,https://www.ents24.com/ilminster-events/ilminster-arts-centre,i
Impossible York,York,https://www.ents24.com/york-events/impossible-york,i
Ipplepen Village Hall,Ipplepen,https://www.ents24.com/ipplepen-events/ipplepen-village-hall,i
Ironworks Studios,Brighton,https://www.ents24.com/brighton-events/ironworks-studios,i
Isbourne Arts,Cheltenham,https://www.ents24.com/cheltenham-events/isbourne-arts,i
Inn On The Lake,Gravesend,https://www.ents24.com/gravesend-events/inn-on-the-lake,i
ICMP Queen's Park,London,https://www.ents24.com/london-events/icmp-queens-park,i
Islingword Inn,Brighton,https://www.ents24.com/brighton-events/islingword-inn,i
Inverleith Park,Edinburgh,https://www.ents24.com/edinburgh-events/inverleith-park,i
IE&CC,Farnborough,https://www.ents24.com/farnborough-events/ieandcc,i
Ivy Leaf Club,Maidenhead,https://www.ents24.com/maidenhead-events/ivy-leaf-club,i
Ingatestone Hall,Ingatestone,https://www.ents24.com/ingatestone-events/ingatestone-hall,i
Inverleith St. Serf's Church,Edinburgh,https://www.ents24.com/edinburgh-events/inverleith-st-serfs-church,i
Italia Conti Theatre,Woking,https://www.ents24.com/woking-events/italia-conti-theatre,i
Images,Plymouth,https://www.ents24.com/plymouth-events/images,i
Inchcape Park,Arbroath,https://www.ents24.com/arbroath-events/inchcape-park,i
Ilkley Hall,Bradford,https://www.ents24.com/bradford-events/ilkley-hall,i
Impiety Hour,Manchester,https://www.ents24.com/manchester-events/impiety-hour,i
Ipstones Methodist Church,Ipstones,https://www.ents24.com/ipstones-events/ipstones-methodist-church,i
Invurerie Town Hall,Invurerie,https://www.ents24.com/invurerie-events/invurerie-town-hall,i
Infernos Nightclub,London,https://www.ents24.com/london-events/infernos-nightclub,i
Ipswich School,Ipswich,https://www.ents24.com/ipswich-events/ipswich-school-1,i
International Convention Centre Wales,Newport,https://www.ents24.com/newport-events/international-convention-centre-wales-1,i
Ifton Miners Welfare Institute,St Martins,https://www.ents24.com/st-martins-events/ifton-miners-welfare-institute,i
Inspire Community Cafe,Wallasey,https://www.ents24.com/wallasey-events/inspire-community-cafe,i
Joe Joe Jims,Birmingham,https://www.ents24.com/birmingham-events/joe-joe-jims-1,j
John Peel Centre for Creative Arts,Stowmarket,https://www.ents24.com/stowmarket-events/john-peel-centre-for-creative-arts,j
Jamm,London,https://www.ents24.com/london-events/jamm,j
Jamboree,London,https://www.ents24.com/london-events/jamboree,j
JK Comedy Club Leicester Square,London,https://www.ents24.com/london-events/jk-comedy-club-leicester-square,j
JobServe Community Stadium,Colchester,https://www.ents24.com/colchester-events/jobserve-community-stadium-4,j
Joseph Rowntree Theatre,York,https://www.ents24.com/york-events/joseph-rowntree-theatre,j
JT Soar,Nottingham,https://www.ents24.com/nottingham-events/jt-soar,j
Jamon Jamon Soho,London,https://www.ents24.com/london-events/jamon-jamon-soho,j
Jacaranda Baltic,Liverpool,https://www.ents24.com/liverpool-events/jacaranda-baltic,j
Just Dropped In,Coventry,https://www.ents24.com/coventry-events/just-dropped-in,j
Jac's Music Venue,Aberdare,https://www.ents24.com/aberdare-events/jacs-music-venue,j
JazzUpFront @ St Mary's Church,Aylesbury,https://www.ents24.com/aylesbury-events/jazzupfront-st-marys-church,j
Joshua Brooks,Manchester,https://www.ents24.com/manchester-events/joshua-brooks,j
Junction,Goole,https://www.ents24.com/goole-events/junction,j
Jesus Green,Cambridge,https://www.ents24.com/cambridge-events/jesus-green,j
Jubilee Central,Hull,https://www.ents24.com/hull-events/jubilee-central,j
Jack Solomon’s,London,https://www.ents24.com/london-events/jack-solomons,j
Jermyn Street Theatre,London,https://www.ents24.com/london-events/jermyn-street-theatre,j
"Jersey Opera House, St. Helier",Jersey,https://www.ents24.com/st-helier-jersey-events/jersey-opera-house,j
Junction 7 Club,Birmingham,https://www.ents24.com/birmingham-events/junction-7-club,j
Jane Austen's House Museum,Alton,https://www.ents24.com/alton-events/jane-austens-house-museum,j
Joe's Bar And Grill,Oxford,https://www.ents24.com/oxford-events/joes-bar-and-grill,j
Junkyard Market,Norwich,https://www.ents24.com/norwich-events/junkyard-market,j
Jaspers Bar,Pontefract,https://www.ents24.com/pontefract-events/jaspers-bar,j
James Allen's Girls' School,London,https://www.ents24.com/london-events/james-allens-girls-school,j
Jubilee Hall,Southampton,https://www.ents24.com/southampton-events/jubilee-hall,j
Jazz 825,Southend on Sea,https://www.ents24.com/southend-on-sea-events/jazz-825,j
Joiners Arms,Bideford,https://www.ents24.com/bideford-events/joiners-arms-1,j
Jumunjy Restaurant And Bar,Helston,https://www.ents24.com/helston-events/jumunjy-restaurant-and-bar,j
Jam Cafe,Chichester,https://www.ents24.com/chichester-events/jam-cafe,j
KOKO,London,https://www.ents24.com/london-events/koko,k
Kings Theatre,Glasgow,https://www.ents24.com/glasgow-events/kings-theatre,k
King Tut's Wah Wah Hut,Glasgow,https://www.ents24.com/glasgow-events/king-tuts-wah-wah-hut,k
Komedia,Bath,https://www.ents24.com/bath-events/komedia,k
Komedia Brighton,Brighton,https://www.ents24.com/brighton-events/komedia,k
King's Theatre,Edinburgh,https://www.ents24.com/edinburgh-events/kings-theatre,k
Kelvingrove Park,Glasgow,https://www.ents24.com/glasgow-events/kelvingrove-park,k
Kings Theatre,Portsmouth,https://www.ents24.com/portsmouth-events/kings-theatre,k
KK's Steel Mill,Wolverhampton,https://www.ents24.com/wolverhampton-events/kks-steel-mill,k
Key Theatre,Peterborough,https://www.ents24.com/peterborough-events/key-theatre,k
King's Lynn Corn Exchange,King's Lynn,https://www.ents24.com/kings-lynn-events/kings-lynn-corn-exchange,k
King George's Hall,Blackburn,https://www.ents24.com/blackburn-events/king-georges-hall,k
Kitchen Garden Cafe,Birmingham,https://www.ents24.com/birmingham-events/kitchen-garden-cafe,k
Katie Fitzgeralds,Stourbridge,https://www.ents24.com/stourbridge-events/katie-fitzgeralds,k
King's Hall And Winter Garden,Ilkley,https://www.ents24.com/ilkley-events/kings-hall-and-winter-garden,k
Kidderminster Town Hall,Kidderminster,https://www.ents24.com/kidderminster-events/kidderminster-town-hall,k
Kew Gardens,Richmond,https://www.ents24.com/richmond-events/kew-gardens,k
King's Hall,Stoke-on-Trent,https://www.ents24.com/stoke-on-trent-events/kings-hall,k
KU Stockton,Stockton-on-Tees,https://www.ents24.com/stockton-on-tees-events/ku-stockton,k
Kingsholm Stadium,Gloucester,https://www.ents24.com/gloucester-events/kingsholm-stadium,k
Kings Place,London,https://www.ents24.com/london-events/kings-place,k
Kasbah,Coventry,https://www.ents24.com/coventry-events/kasbah,k
Kings Head Crouch End,London,https://www.ents24.com/london-events/kings-head-crouch-end,k
Kilworth House Theatre,North Kilworth,https://www.ents24.com/north-kilworth-events/kilworth-house-theatre,k
Krakatoa,Aberdeen,https://www.ents24.com/aberdeen-events/krakatoa,k
Kendal Leisure Centre,Kendal,https://www.ents24.com/kendal-events/kendal-leisure-centre,k
Knebworth House & Park,Knebworth,https://www.ents24.com/knebworth-events/knebworth-house-and-park,k
KeeleSU (Keele University Student Union),Newcastle-under-Lyme,https://www.ents24.com/newcastle-under-lyme-events/keelesu-keele-university-student-union,k
Kettering Arts Centre,Kettering,https://www.ents24.com/kettering-events/kettering-arts-centre,k
Kirkstall Abbey,Leeds,https://www.ents24.com/leeds-events/kirkstall-abbey,k
Kensington United Reformed Church,London,https://www.ents24.com/london-events/kensington-united-reformed-church-1,k
KOLA,Portsmouth,https://www.ents24.com/portsmouth-events/kola,k
Kazimier Stockroom,Liverpool,https://www.ents24.com/liverpool-events/kazimier-stockroom,k
Kirton in Lindsey Town Hall,Kirton In Lindsey,https://www.ents24.com/kirton-in-lindsey-events/kirton-in-lindsey-town-hall,k
Kanteena,Lancaster,https://www.ents24.com/lancaster-events/kanteena,k
King's Head Theatre,London,https://www.ents24.com/london-events/kings-head-theatre,k
Kingsmead House Concerts,High Wycombe,https://www.ents24.com/high-wycombe-events/kingsmead-house-concerts,k
Knowle Royal British Legion,Solihull,https://www.ents24.com/solihull-events/knowle-royal-british-legion,k
King Street Social Club,North Shields,https://www.ents24.com/north-shields-events/king-street-social-club,k
Kew Wakehurst,Haywards Heath,https://www.ents24.com/haywards-heath-events/kew-wakehurst,k
King Arthur,Glastonbury,https://www.ents24.com/glastonbury-events/king-arthur,k
Kiln Theatre & Cinema,London,https://www.ents24.com/london-events/kiln-theatre-and-cinema,k
Knutsford Little Theatre,Knutsford,https://www.ents24.com/knutsford-events/knutsford-little-theatre,k
Kingshurst Labour Club,Birmingham,https://www.ents24.com/birmingham-events/kingshurst-labour-club,k
KK Club,Corby,https://www.ents24.com/corby-events/kk-club,k
Kirk Theatre,Pickering,https://www.ents24.com/pickering-events/kirk-theatre,k
Kelham Island Museum,Sheffield,https://www.ents24.com/sheffield-events/kelham-island-museum,k
Keats Community Library,London,https://www.ents24.com/london-events/keats-community-library,k
Kingston College,Kingston Upon Thames,https://www.ents24.com/kingston-upon-thames-events/kingston-college,k
Kentish Lady Mooring,Maidstone,https://www.ents24.com/maidstone-events/kentish-lady-mooring,k
Killyhevlin Hotel,Enniskillen,https://www.ents24.com/enniskillen-events/killyhevlin-hotel,k
Knolle Farm,Wareham,https://www.ents24.com/wareham-events/knolle-farm,k
Kings Heath Cricket Club,Birmingham,https://www.ents24.com/birmingham-events/kings-heath-cricket-club,k
Kesgrave Social Club,Ipswich,https://www.ents24.com/ipswich-events/kesgrave-social-club,k
Kensington Palace,London,https://www.ents24.com/london-events/kensington-palace,k
Kayal Restaurant,Leicester,https://www.ents24.com/leicester-events/kayal-restaurant,k
Knowle Park,Solihull,https://www.ents24.com/solihull-events/knowle-park,k
Kiki,Cambridge,https://www.ents24.com/cambridge-events/kiki,k
Keynsham Community Space,Keynsham,https://www.ents24.com/keynsham-events/keynsham-community-space,k
Kilbarchan Performing Arts Centre,Kilbarchan,https://www.ents24.com/kilbarchan-events/kilbarchan-performing-arts-centre,k
Klondyke Club,Manchester,https://www.ents24.com/manchester-events/klondyke-club,k
Kelly's,Portrush,https://www.ents24.com/portrush-events/kellys,k
Kuumba Project,Bristol,https://www.ents24.com/bristol-events/kuumba-project,k
Kingswood Tavern,Nuneaton,https://www.ents24.com/nuneaton-events/kingswood-tavern,k
Kington Langley Village,Kington Langley,https://www.ents24.com/kington-langley-events/kington-langley-village,k
Kingsclere Village Club,Kingsclere,https://www.ents24.com/kingsclere-events/kingsclere-village-club,k
Kenilworth Rugby Club,Kenilworth,https://www.ents24.com/kenilworth-events/kenilworth-rugby-club,k
King Alfred's Centre Site,Wantage,https://www.ents24.com/wantage-events/king-alfreds-centre-site,k
Kingswood Entertainment and Social Club,Bristol,https://www.ents24.com/bristol-events/kingswood-entertainment-and-social-club,k
Kingsbury Episcopi Community Centre,Martock,https://www.ents24.com/martock-events/kingsbury-episcopi-community-centre,k
Kingskerswell Village Hall,Newton Abbot,https://www.ents24.com/newton-abbot-events/kingskerswell-village-hall,k
Kingshill House,Dursley,https://www.ents24.com/dursley-events/kingshill-house,k
Kings Lock Pub,Middlewich,https://www.ents24.com/middlewich-events/kings-lock-pub,k
Kilpeck Village Hall,Hereford,https://www.ents24.com/hereford-events/kilpeck-village-hall,k
Kelvin West Parish Church,Glasgow,https://www.ents24.com/glasgow-events/kelvin-west-parish-church,k
King Ethelbert inn,Herne Bay,https://www.ents24.com/herne-bay-events/king-ethelbert-inn,k
Killigrew Inn,Falmouth,https://www.ents24.com/falmouth-events/killigrew-inn,k
KCM Falmouth Parish Church,Falmouth,https://www.ents24.com/falmouth-events/kcm-falmouth-parish-church,k
K.C. Continental Stores,London,https://www.ents24.com/london-events/kc-continental-stores,k
King Cross Working Mens Club,Halifax,https://www.ents24.com/halifax-events/king-cross-working-mens-club,k
Kelpie Coffee,Oxford,https://www.ents24.com/oxford-events/kelpie-coffee,k
Kettering Keystone Youth Centre,Kettering,https://www.ents24.com/kettering-events/kettering-keystone-youth-centre,k
Kings Road URC,Westcliff-on-Sea,https://www.ents24.com/westcliff-on-sea-events/kings-road-urc,k
King & Queen,Warrington,https://www.ents24.com/warrington-events/king-and-queen,k
Liverpool Philharmonic Hall,Liverpool,https://www.ents24.com/liverpool-events/liverpool-philharmonic-hall,l
Liverpool Empire Theatre,Liverpool,https://www.ents24.com/liverpool-events/liverpool-empire-theatre,l
Leicester Square Theatre,London,https://www.ents24.com/london-events/leicester-square-theatre,l
London Palladium,London,https://www.ents24.com/london-events/london-palladium,l
Lighthouse,Poole,https://www.ents24.com/poole-events/lighthouse,l
Lyceum Theatre,Sheffield,https://www.ents24.com/sheffield-events/lyceum-theatre,l
Leeds Playhouse,Leeds,https://www.ents24.com/leeds-events/leeds-playhouse,l
Leas Cliff Hall,Folkestone,https://www.ents24.com/folkestone-events/leas-cliff-hall,l
Leeds University Union,Leeds,https://www.ents24.com/leeds-events/leeds-university-union,l
La Belle Angele,Edinburgh,https://www.ents24.com/edinburgh-events/la-belle-angele,l
Lyceum Theatre,Crewe,https://www.ents24.com/crewe-events/lyceum-theatre,l
Lichfield Garrick Theatre,Lichfield,https://www.ents24.com/lichfield-events/lichfield-garrick-theatre,l
Liverpool Playhouse Theatre,Liverpool,https://www.ents24.com/liverpool-events/liverpool-playhouse-theatre,l
Lowther Pavilion,Lytham St. Annes,https://www.ents24.com/lytham-st-annes-events/lowther-pavilion,l
Lincoln Castle,Lincoln,https://www.ents24.com/lincoln-events/lincoln-castle,l
Leeds Beckett University SU,Leeds,https://www.ents24.com/leeds-events/leeds-beckett-university-su,l
Liverpool Olympia,Liverpool,https://www.ents24.com/liverpool-events/liverpool-olympia,l
Le Public Space,Newport,https://www.ents24.com/newport-events/le-public-space,l
Liverpool Everyman Theatre,Liverpool,https://www.ents24.com/liverpool-events/liverpool-everyman-theatre,l
Lawrence Batley Theatre,Huddersfield,https://www.ents24.com/huddersfield-events/lawrence-batley-theatre,l
Llangollen Pavilion,Llangollen,https://www.ents24.com/llangollen-events/llangollen-pavilion,l
Lewes Constitutional Club,Lewes,https://www.ents24.com/lewes-events/lewes-constitutional-club,l
Leicester Guildhall,Leicester,https://www.ents24.com/leicester-events/leicester-guildhall,l
London Coliseum,London,https://www.ents24.com/london-events/london-coliseum,l
Lingfield Park Racecourse & Golf Club,Lingfield,https://www.ents24.com/lingfield-events/lingfield-park-racecourse-and-golf-club,l
Lincolnshire Showground,Lincoln,https://www.ents24.com/lincoln-events/lincolnshire-showground,l
Lowdham Village Hall,Lowdham,https://www.ents24.com/lowdham-events/lowdham-village-hall,l
Liverpool Cathedral,Liverpool,https://www.ents24.com/liverpool-events/liverpool-cathedral,l
Lytham Festival Site,Lytham St Annes,https://www.ents24.com/lytham-st-annes-events/lytham-festival-site,l
Loughborough Town Hall,Loughborough,https://www.ents24.com/loughborough-events/loughborough-town-hall,l
Lichfield Cathedral,Lichfield,https://www.ents24.com/lichfield-events/lichfield-cathedral,l
Leeds Castle,Maidstone,https://www.ents24.com/maidstone-events/leeds-castle,l
Lincoln Cathedral,Lincoln,https://www.ents24.com/lincoln-events/lincoln-cathedral,l
Llandaff Cathedral,Cardiff,https://www.ents24.com/cardiff-events/llandaff-cathedral,l
Ludlow Castle,Ludlow,https://www.ents24.com/ludlow-events/ludlow-castle,l
Lords Cricket Ground,London,https://www.ents24.com/london-events/lords-cricket-ground,l
Lending Room,Leeds,https://www.ents24.com/leeds-events/lending-room,l
Lafayette,London,https://www.ents24.com/london-events/lafayette,l
Lyric Theatre,Belfast,https://www.ents24.com/belfast-events/lyric-theatre,l
London Olympia,London,https://www.ents24.com/london-events/london-olympia,l
Lido Margate,Margate,https://www.ents24.com/margate-events/lido-margate,l
Larmer Tree Gardens,Salisbury,https://www.ents24.com/salisbury-events/larmer-tree-gardens,l
Leicester Haymarket Theatre,Leicester,https://www.ents24.com/leicester-events/leicester-haymarket-theatre,l
Lyceum Theatre,London,https://www.ents24.com/london-events/lyceum-theatre,l
Loseley Park,Guildford,https://www.ents24.com/guildford-events/loseley-park,l
Leytonstone Ex-Servicemens Club,London,https://www.ents24.com/london-events/leytonstone-ex-servicemens-club,l
Launceston Town Hall,Launceston,https://www.ents24.com/launceston-events/launceston-town-hall,l
Leith Depot,Edinburgh,https://www.ents24.com/edinburgh-events/leith-depot,l
Lakeside Arts,Nottingham,https://www.ents24.com/nottingham-events/lakeside-arts,l
Ludlow Assembly Rooms,Ludlow,https://www.ents24.com/ludlow-events/ludlow-assembly-rooms,l
Luna Springs Digbeth,Birmingham,https://www.ents24.com/birmingham-events/luna-springs-digbeth,l
Lyric Theatre Shaftesbury,London,https://www.ents24.com/london-events/lyric-theatre-shaftesbury,l
"Livermead Cliff Hotel, Torquay",Torquay,https://www.ents24.com/torquay-events/livermead-cliff-hotel-torquay,l
Leicester Cathedral,Leicester,https://www.ents24.com/leicester-events/leicester-cathedral,l
Louth Town Hall,Louth,https://www.ents24.com/louth-events/louth-town-hall-1,l
Leighton Buzzard Library Theatre,Leighton Buzzard,https://www.ents24.com/leighton-buzzard-events/leighton-buzzard-library-theatre,l
Lancaster Castle,Lancaster,https://www.ents24.com/lancaster-events/lancaster-castle,l
Long Street Blues Club,Devizes,https://www.ents24.com/devizes-events/long-street-blues-club,l
Lydiard House & Park,Swindon,https://www.ents24.com/swindon-events/lydiard-house-and-park,l
LiveHouse Dundee,Dundee,https://www.ents24.com/dundee-events/livehouse-dundee,l
Lamb Inn,Eastbourne,https://www.ents24.com/eastbourne-events/lamb-inn,l
Lost Horizon,Bristol,https://www.ents24.com/bristol-events/lost-horizon,l
Livewire Youth Music,Saltash,https://www.ents24.com/saltash-events/livewire-youth-music,l
Lloyd & Platt,Manchester,https://www.ents24.com/manchester-events/lloyd-and-platt,l
Lochgelly Centre,Lochgelly,https://www.ents24.com/lochgelly-events/lochgelly-centre,l
Lucem House,St Helens,https://www.ents24.com/st-helens-events/lucem-house,l
Lavenham Village Hall,Sudbury,https://www.ents24.com/sudbury-events/lavenham-village-hall,l
Lydney Town Hall,Lydney,https://www.ents24.com/lydney-events/lydney-town-hall,l
LEGOLAND,Windsor,https://www.ents24.com/windsor-events/legoland,l
Little Theatre,Hebden Bridge,https://www.ents24.com/hebden-bridge-events/little-theatre,l
Longbridge Social Club,Birmingham,https://www.ents24.com/birmingham-events/longbridge-social-club,l
LTB Showrooms,Coventry,https://www.ents24.com/coventry-events/ltb-showrooms,l
Leazes Park,Newcastle upon Tyne,https://www.ents24.com/newcastle-upon-tyne-events/leazes-park,l
Lion's Den,Manchester,https://www.ents24.com/manchester-events/lions-den,l
Lancaster Town Hall,Lancaster,https://www.ents24.com/lancaster-events/lancaster-town-hall,l
Llangollen Eisteddfod of Music and Dance,Llangollen,https://www.ents24.com/llangollen-events/llangollen-eisteddfod-of-music-and-dance,l
Lansdown Hall,Stroud,https://www.ents24.com/stroud-events/lansdown-hall,l
Lulworth Castle,East Lulworth,https://www.ents24.com/east-lulworth-events/lulworth-castle,l
Linlithgow Palace,Linlithgow,https://www.ents24.com/linlithgow-events/linlithgow-palace,l
LVLS London,London,https://www.ents24.com/london-events/lvls-london,l
Lounge Bar @ Alton Community Centre,Alton,https://www.ents24.com/alton-events/lounge-bar-alton-community-centre,l
Lane Theatre,Newquay,https://www.ents24.com/newquay-events/lane-theatre,l
Liverpool Town Hall,Liverpool,https://www.ents24.com/liverpool-events/liverpool-town-hall,l
Langley Tracks,Hexham,https://www.ents24.com/hexham-events/langley-tracks,l
Little Theatre,Rhyl,https://www.ents24.com/rhyl-events/little-theatre,l
Lastminute.com London Eye,London,https://www.ents24.com/london-events/lastminutecom-london-eye,l
Low Four Studio,Manchester,https://www.ents24.com/manchester-events/low-four-studio,l
LDN East,London,https://www.ents24.com/london-events/ldn-east,l
Locomotive Engineers Club,Eastleigh,https://www.ents24.com/eastleigh-events/locomotive-engineers-club,l
Leeds City Museum,Leeds,https://www.ents24.com/leeds-events/leeds-city-museum,l
Lamp Tavern Live,Dudley,https://www.ents24.com/dudley-events/lamp-tavern-live,l
Leeds Minster,Leeds,https://www.ents24.com/leeds-events/leeds-minster,l
Langdale Hall,Witney,https://www.ents24.com/witney-events/langdale-hall,l
Lilian Baylis Studio,London,https://www.ents24.com/london-events/lilian-baylis-studio,l
Luna Live Lounge,Bridgend,https://www.ents24.com/bridgend-events/luna-live-lounge,l
Lowther Castle & Gardens,Lowther,https://www.ents24.com/lowther-events/lowther-castle-and-gardens,l
Leconfield Hall,Petworth,https://www.ents24.com/petworth-events/leconfield-hall,l
Louth Social Club,Louth,https://www.ents24.com/louth-events/louth-social-club,l
La Havana,Chichester,https://www.ents24.com/chichester-events/la-havana,l
Littlebury Hotel,Bicester,https://www.ents24.com/bicester-events/littlebury-hotel,l
LSO St Luke's,London,https://www.ents24.com/london-events/lso-st-lukes,l
Lock & Quay,Liverpool,https://www.ents24.com/liverpool-events/lock-and-quay,l
Legends,Edinburgh,https://www.ents24.com/edinburgh-events/legends,l
Lab11,Digbeth,https://www.ents24.com/digbeth-events/lab11,l
Laidlaw Music Centre,St Andrews,https://www.ents24.com/st-andrews-events/laidlaw-music-centre,l
Lichfield Sports Club,Lichfield,https://www.ents24.com/lichfield-events/lichfield-sports-club,l
Little Theatre,Skipton,https://www.ents24.com/skipton-events/little-theatre,l
Landmark Hotel,Carrick-On-Shannon,https://www.ents24.com/carrick-on-shannon-events/landmark-hotel,l
Leonard's Coffee House,Durham,https://www.ents24.com/durham-events/leonards-coffee-house,l
Landguard Nature Reserve,Felixstowe,https://www.ents24.com/felixstowe-events/landguard-nature-reserve,l
Land Rover Sports & Social Club,Solihull,https://www.ents24.com/solihull-events/land-rover-sports-and-social-club,l
Leeds Cathedral,Leeds,https://www.ents24.com/leeds-events/leeds-cathedral,l
Lumley Castle,Chester Le Street,https://www.ents24.com/chester-le-street-events/lumley-castle,l
Laugharne Memorial Hall,Carmarthen,https://www.ents24.com/carmarthen-events/laugharne-memorial-hall,l
Lower Castle Park,Colchester,https://www.ents24.com/colchester-events/lower-castle-park,l
Lickey End Social Club,Bromsgrove,https://www.ents24.com/bromsgrove-events/lickey-end-social-club,l
Livermead House Hotel,Torquay,https://www.ents24.com/torquay-events/livermead-house-hotel,l
Little Silver Motocross Park,Exeter,https://www.ents24.com/exeter-events/little-silver-motocross-park,l
Levenshulme Library,Manchester,https://www.ents24.com/manchester-events/levenshulme-library,l
"Login Lounge, Camberley",Camberley,https://www.ents24.com/camberley-events/login-lounge-camberley,l
Long Buckby Rugby Football Club,Northampton,https://www.ents24.com/northampton-events/long-buckby-rugby-football-club,l
Louth New Orleans Jazz Club,Louth,https://www.ents24.com/louth-events/louth-new-orleans-jazz-club,l
Lost Art,Liverpool,https://www.ents24.com/liverpool-events/lost-art,l
Leiston Film Theatre,Leiston,https://www.ents24.com/leiston-events/leiston-film-theatre,l
Loreburn Hall,Dumfries,https://www.ents24.com/dumfries-events/loreburn-hall-2,l
Lucem House Community Cinema,St Helens,https://www.ents24.com/st-helens-events/lucem-house-community-cinema,l
Landor Theatre,London,https://www.ents24.com/london-events/landor-theatre,l
Lyons / Robin Hood Park,Rhyl,https://www.ents24.com/rhyl-events/lyons-robin-hood-park,l
Leith Franklin Cricket Club,Edinburgh,https://www.ents24.com/edinburgh-events/leith-franklin-cricket-club,l
Lews Castle Grounds,Stornoway,https://www.ents24.com/stornoway-events/lews-castle-grounds,l
Layton Institute,Blackpool,https://www.ents24.com/blackpool-events/layton-institute,l
La Cheetah,Glasgow,https://www.ents24.com/glasgow-events/la-cheetah,l
Linton Festival Site,Linton,https://www.ents24.com/linton-events/linton-festival-site,l
Liskeard Public Hall,Liskeard,https://www.ents24.com/liskeard-events/liskeard-public-hall,l
Loddon Hall,Reading,https://www.ents24.com/reading-events/loddon-hall,l
Liverpool Cricket Club,Liverpool,https://www.ents24.com/liverpool-events/liverpool-cricket-club,l
Leeds Jazz Club,Leeds,https://www.ents24.com/leeds-events/leeds-jazz-club,l
Leigh Masonic Hall,Leigh,https://www.ents24.com/leigh-events/leigh-masonic-hall,l
Lowton Labour Club,Warrington,https://www.ents24.com/warrington-events/lowton-labour-club,l
Lesser South Inch Park,Perth,https://www.ents24.com/perth-events/lesser-south-inch-park,l
Lion Salt Works,Northwich,https://www.ents24.com/northwich-events/lion-salt-works,l
Liquid Light Taproom,Nottingham,https://www.ents24.com/nottingham-events/liquid-light-taproom,l
Los Cucalos Restaurant,Alicante,https://www.ents24.com/alicante-events/los-cucalos-restaurant,l
Littleport Village Hall,Littleport,https://www.ents24.com/littleport-events/littleport-village-hall,l
Lark Lane Community Centre,Liverpool,https://www.ents24.com/liverpool-events/lark-lane-community-centre,l
Leeds Heritage Theatre,Leeds,https://www.ents24.com/leeds-events/leeds-heritage-theatre,l
London Dungeon,London,https://www.ents24.com/london-events/london-dungeon,l
Longton VM Sports & Social Club,Preston,https://www.ents24.com/preston-events/longton-vm-sports-and-social-club,l
Llanhilleth Miners Institute,Nr Abertillery,https://www.ents24.com/nr-abertillery-events/llanhilleth-miners-institute,l
Leyburn Arts & Community Centre,Leyburn,https://www.ents24.com/leyburn-events/leyburn-arts-and-community-centre,l
lowther club whitehaven,WHITEHAVEN,https://www.ents24.com/whitehaven-events/lowther-club-whitehaven,l
Lancing College,Lancing,https://www.ents24.com/lancing-events/lancing-college,l
Loxwood Meadow,Loxwood,https://www.ents24.com/loxwood-events/loxwood-meadow,l
Lamplugh Village Hall,Workington,https://www.ents24.com/workington-events/lamplugh-village-hall,l
Library Gardens,Cardiff,https://www.ents24.com/cardiff-events/library-gardens,l
Lea Club,Preston,https://www.ents24.com/preston-events/lea-club,l
Leigh on Sea Brewery,Southend-on-Sea,https://www.ents24.com/southend-on-sea-events/leigh-on-sea-brewery,l
Lil' Nashville,Chiswick,https://www.ents24.com/chiswick-events/lil-nashville,l
Lenthor Farm,Northallerton,https://www.ents24.com/northallerton-events/lenthor-farm,l
Lostock Hall Conservative Hall,Preston,https://www.ents24.com/preston-events/lostock-hall-conservative-hall,l
Lansdown Golf Club,Bath,https://www.ents24.com/bath-events/lansdown-golf-club,l
Langley Hall Social Club,Solihull,https://www.ents24.com/solihull-events/langley-hall-social-club,l
Lochore Meadows Country Park,Lochgelly,https://www.ents24.com/lochgelly-events/lochore-meadows-country-park,l
Liverpool Metropolitan Cathedral,Liverpool,https://www.ents24.com/liverpool-events/liverpool-metropolitan-cathedral-1,l
Lew's Coffee Shop,Cardiff,https://www.ents24.com/cardiff-events/lews-coffee-shop-1,l
Lion & Sun Tavern,Milton Keynes,https://www.ents24.com/milton-keynes-events/lion-and-sun-tavern,l
Lazonby Village Hall,Lazonby,https://www.ents24.com/lazonby-events/lazonby-village-hall,l
Leicester Empire Hall,Leicester,https://www.ents24.com/leicester-events/leicester-empire-hall,l
Llangoed Village Hall,Anglesey,https://www.ents24.com/anglesey-events/llangoed-village-hall,l
LCB Depot,Leicester,https://www.ents24.com/leicester-events/seed-creativity,l
Loch Torridon Community Hall,Torridon,https://www.ents24.com/torridon-events/loch-torridon-community-hall,l
Ladybird Bar & The BSMT,London,https://www.ents24.com/london-events/ladybird-bar-and-the-bsmt,l
Langham Brewery,Lodsworth,https://www.ents24.com/lodsworth-events/langham-brewery,l
LV21 Lightship,Chatham,https://www.ents24.com/chatham-events/lv21-lightship,l
Llandrinio Village Hall,Llanymynech,https://www.ents24.com/llanymynech-events/llandrinio-village-hall,l
Leyland Road Church and Conference Centre,Southport,https://www.ents24.com/southport-events/leyland-road-church-and-conference-centre,l
Longhope Opera,Alton,https://www.ents24.com/alton-events/longhope-opera,l
Longfield and New Barn Village Hall,Longfield,https://www.ents24.com/longfield-events/longfield-and-new-barn-village-hall,l
"Langton Green Primary School Field, Langton Green",Tunbridge Wells,https://www.ents24.com/langton-green-tunbridge-wells-events/langton-green-primary-school-field,l
Langford Village Hall,Lechlade,https://www.ents24.com/lechlade-events/langford-village-hall,l
Lord Nelson Hotel,Milford Haven,https://www.ents24.com/milford-haven-events/lord-nelson-hotel,l
Lawrence Hall,Cholsey,https://www.ents24.com/cholsey-events/lawrence-hall,l
LIFTON Community Centre,Lifton,https://www.ents24.com/lifton-events/lifton-community-centre,l
Low Port Centre,Linlithgow,https://www.ents24.com/linlithgow-events/low-port-centre,l
Lutterell Hall,West Bridgford NG2 6AY,https://www.ents24.com/west-bridgford-ng2-6ay-events/lutterell-hall,l
Lakeview Village Hall,Bedford,https://www.ents24.com/bedford-events/lakeview-village-hall,l
Little Gaddesden Church,Berkhamsted,https://www.ents24.com/berkhamsted-events/little-gaddesden-church,l
La Défense Arena,Paris,https://www.ents24.com/paris-events/la-defense-arena-1,l
Lochaline Village Hall,Lochaline,https://www.ents24.com/lochaline-events/lochaline-village-hall,l
"Leo Price Theatre, Bishops Stortford College",Bishops Stortford,https://www.ents24.com/bishops-stortford-events/leo-price-theatre-bishops-stortford-college,l
Manchester Academy,Manchester,https://www.ents24.com/manchester-events/manchester-academy,m
M&S Bank Arena Liverpool,Liverpool,https://www.ents24.com/liverpool-events/mands-bank-arena-liverpool,m
Motorpoint Arena Nottingham,Nottingham,https://www.ents24.com/nottingham-events/motorpoint-arena-nottingham,m
Mayflower Theatre,Southampton,https://www.ents24.com/southampton-events/mayflower-theatre,m
Milton Keynes Theatre,Milton Keynes,https://www.ents24.com/milton-keynes-events/milton-keynes-theatre,m
Middlesbrough Town Hall,Middlesbrough,https://www.ents24.com/middlesbrough-events/middlesbrough-town-hall,m
Marlowe Theatre,Canterbury,https://www.ents24.com/canterbury-events/marlowe-theatre,m
Metronome,Nottingham,https://www.ents24.com/nottingham-events/metronome,m
Manchester Cathedral,Manchester,https://www.ents24.com/manchester-events/manchester-cathedral,m
Margate Winter Gardens,Margate,https://www.ents24.com/margate-events/margate-winter-gardens,m
Monkey Barrel Comedy Club,Edinburgh,https://www.ents24.com/edinburgh-events/monkey-barrel-comedy-club,m
Mountford Hall & Stanley Theatre,Liverpool,https://www.ents24.com/liverpool-events/mountford-hall-and-stanley-theatre,m
Middlesbrough Theatre,Middlesbrough,https://www.ents24.com/middlesbrough-events/middlesbrough-theatre,m
Mandela Hall,Belfast,https://www.ents24.com/belfast-events/mandela-hall,m
Mercury Theatre,Colchester,https://www.ents24.com/colchester-events/mercury-theatre,m
Minack Theatre,Porthcurno,https://www.ents24.com/porthcurno-events/minack-theatre,m
MOTH Club,London,https://www.ents24.com/london-events/moth-club,m
Millennium Square,Leeds,https://www.ents24.com/leeds-events/millennium-square,m
Mansfield Palace Theatre,Mansfield,https://www.ents24.com/mansfield-events/mansfield-palace-theatre,m
Middleton Arena,Middleton,https://www.ents24.com/middleton-events/middleton-arena,m
Maddermarket Theatre,Norwich,https://www.ents24.com/norwich-events/maddermarket-theatre,m
Mr Fogg's Residence,London,https://www.ents24.com/london-events/mr-foggs-residence,m
Memorial Hall,Lanark,https://www.ents24.com/lanark-events/memorial-hall,m
Mono,Glasgow,https://www.ents24.com/glasgow-events/mono,m
MKM Stadium,Hull,https://www.ents24.com/hull-events/mkm-stadium,m
MK11 Live Music Venue & Sports Bar,Milton Keynes,https://www.ents24.com/milton-keynes-events/mk11-live-music-venue-and-sports-bar,m
Millennium Forum Theatre,Derry,https://www.ents24.com/derry-events/millennium-forum-theatre,m
Muni Arts Centre,Pontypridd,https://www.ents24.com/pontypridd-events/muni-arts-centre,m
Marine Theatre,Lyme Regis,https://www.ents24.com/lyme-regis-events/marine-theatre,m
MAC (Midlands Arts Centre),Birmingham,https://www.ents24.com/birmingham-events/mac-midlands-arts-centre,m
Melksham Assembly Hall,Melksham,https://www.ents24.com/melksham-events/melksham-assembly-hall,m
MECA,Swindon,https://www.ents24.com/swindon-events/meca,m
Montgomery Theatre,Sheffield,https://www.ents24.com/sheffield-events/montgomery-theatre,m
Masham Town Hall,Masham,https://www.ents24.com/ripon-events/masham-town-hall,m
Mayflower Studios,Southampton,https://www.ents24.com/southampton-events/mayflower-studios,m
Merlin Theatre,Frome,https://www.ents24.com/frome-events/merlin-theatre,m
Morecambe Winter Gardens,Morecambe,https://www.ents24.com/morecambe-events/morecambe-winter-gardens,m
Mayfield Depot,Manchester,https://www.ents24.com/manchester-events/mayfield-depot,m
Melton Theatre,Melton Mowbray,https://www.ents24.com/melton-mowbray-events/melton-theatre,m
Majestic Theatre,Retford,https://www.ents24.com/retford-events/majestic-theatre,m
Mapperley Plains Social Club,Nottingham,https://www.ents24.com/nottingham-events/mapperley-plains-social-club,m
Mote Park,Maidstone,https://www.ents24.com/maidstone-events/mote-park,m
Market Place Leicester Square,London,https://www.ents24.com/london-events/market-place-leicester-square,m
Mama Roux's,Birmingham,https://www.ents24.com/birmingham-events/mama-rouxs-1,m
Memo Arts Centre,Barry,https://www.ents24.com/barry-events/memo-arts-centre,m
Ministry of Sound (MOS),London,https://www.ents24.com/london-events/ministry-of-sound-mos,m
Magna,Rotherham,https://www.ents24.com/rotherham-events/magna,m
Mist Rolling Inn,Nottingham,https://www.ents24.com/nottingham-events/mist-rolling-inn,m
Mash,Cambridge,https://www.ents24.com/cambridge-events/mash,m
Music Hall,Dundee,https://www.ents24.com/dundee-events/music-hall,m
Mr Wolfs,Bristol,https://www.ents24.com/bristol-events/mr-wolfs,m
Maesteg Town Hall,Maesteg,https://www.ents24.com/maesteg-events/maesteg-town-hall,m
Meridian Showground,Cleethorpes,https://www.ents24.com/cleethorpes-events/meridian-showground,m
Maidstone Leisure Centre,Maidstone,https://www.ents24.com/maidstone-events/maidstone-leisure-centre,m
Medina Theatre,Newport,https://www.ents24.com/newport-events/medina-theatre,m
MacArts,Galashiels,https://www.ents24.com/galashiels-events/macarts,m
Menier Chocolate Factory,London,https://www.ents24.com/london-events/menier-chocolate-factory,m
Matt & Phred's Jazz Club,Manchester,https://www.ents24.com/manchester-events/matt-and-phreds-jazz-club,m
Malvern Cube,Malvern,https://www.ents24.com/malvern-events/malvern-cube,m
Millfield Theatre,London,https://www.ents24.com/london-events/millfield-theatre,m
Mess Room,Skipton,https://www.ents24.com/skipton-events/mess-room,m
Morden Park,London,https://www.ents24.com/london-events/morden-park,m
MMC Venue,Loughborough,https://www.ents24.com/loughborough-events/mmc-venue,m
Matthews Hall,Topsham,https://www.ents24.com/exeter-events/matthews-hall,m
Marigolds Blues Club,Harlow,https://www.ents24.com/harlow-events/marigolds-blues-club,m
McChuills,Glasgow,https://www.ents24.com/glasgow-events/mcchuills,m
Montgomery Hall,Rotherham,https://www.ents24.com/rotherham-events/montgomery-hall,m
Museum Of Comedy,London,https://www.ents24.com/london-events/museum-of-comedy,m
Market Hall & Assembly Rooms,Presteigne,https://www.ents24.com/presteigne-events/market-hall-and-assembly-rooms,m
Mayflower Park,Southampton,https://www.ents24.com/southampton-events/mayflower-park,m
Market Theatre,Hitchin,https://www.ents24.com/hitchin-events/market-theatre,m
Mint Warehouse,Leeds,https://www.ents24.com/leeds-events/mint-warehouse,m
Melbourne Hall,Melbourne,https://www.ents24.com/melbourne-events/melbourne-hall,m
Manchester Barton Aerodrome,Manchester,https://www.ents24.com/manchester-events/manchester-barton-aerodrome,m
Market Place Theatre,Armagh,https://www.ents24.com/armagh-events/market-place-theatre,m
Mid Sussex Music Hall,Hassocks,https://www.ents24.com/hassocks-events/mid-sussex-music-hall,m
Manchester Central,Manchester,https://www.ents24.com/manchester-events/manchester-central,m
Mowlem Theatre,Swanage,https://www.ents24.com/swanage-events/mowlem-theatre,m
Mid Kent College,Gillingham,https://www.ents24.com/gillingham-events/mid-kent-college,m
Madison Heights,Maldon,https://www.ents24.com/maldon-events/madison-heights,m
Marigolds Jazz Club,Harlow,https://www.ents24.com/harlow-events/marigolds-jazz-club-1,m
Maldon Town Hall,Maldon,https://www.ents24.com/maldon-events/maldon-town-hall,m
Market Theatre,Ledbury,https://www.ents24.com/ledbury-events/market-theatre,m
Madam Lola's Cabaret & Vaudeville,Brighton,https://www.ents24.com/brighton-events/madam-lolas-cabaret-and-vaudeville,m
Magazine London,London,https://www.ents24.com/london-events/magazine-london,m
Museum Resource Centre,Witney,https://www.ents24.com/witney-events/museum-resource-centre,m
Marchon Sports & Social Club,Whitehaven,https://www.ents24.com/whitehaven-events/marchon-sports-and-social-club,m
Mercure St Helens,St Helens,https://www.ents24.com/st-helens-events/mercure-st-helens,m
Marlborough Town Hall,Marlborough,https://www.ents24.com/marlborough-events/marlborough-town-hall,m
Moseley Park & Pool,Birmingham,https://www.ents24.com/birmingham-events/moseley-park-and-pool,m
Milton Court Concert Hall,London,https://www.ents24.com/london-events/milton-court-concert-hall,m
Moor Park,Preston,https://www.ents24.com/preston-events/moor-park,m
Montgomery Waters Meadow,Shrewsbury,https://www.ents24.com/shrewsbury-events/montgomery-waters-meadow,m
Marryat Hall,Dundee,https://www.ents24.com/dundee-events/marryat-hall,m
Matchstick Piehouse,London,https://www.ents24.com/london-events/matchstick-piehouse,m
Melbourne Assembly Rooms,Derby,https://www.ents24.com/derby-events/melbourne-assembly-rooms,m
Moira Village Hall,Swadlincote,https://www.ents24.com/swadlincote-events/moira-village-hall,m
Metropolitan Police Bushey Sports Club,Bushey,https://www.ents24.com/bushey-events/metropolitan-police-bushey-sports-club,m
Market Rasen Cricket Club,Market Rasen,https://www.ents24.com/market-rasen-events/market-rasen-cricket-club,m
Mission Theatre,Bath,https://www.ents24.com/bath-events/mission-theatre,m
Myrtle Park,Bingley,https://www.ents24.com/bingley-events/myrtle-park,m
Mayer Hall,Wirral,https://www.ents24.com/wirral-events/mayer-hall,m
Mattioli Arena,Leicester,https://www.ents24.com/leicester-events/mattioli-arena,m
Malborough Village Hall,Kingsbridge,https://www.ents24.com/kingsbridge-events/malborough-village-hall,m
MacSorleys Bar,Glasgow,https://www.ents24.com/glasgow-events/macsorleys-bar,m
MAP Studio Cafe,London,https://www.ents24.com/london-events/map-studio-cafe,m
Market Place St Paul's,London,https://www.ents24.com/london-events/market-place-st-pauls,m
Marylebone Theatre,London,https://www.ents24.com/london-events/marylebone-theatre-1,m
Malthouse Theatre,Canterbury,https://www.ents24.com/canterbury-events/malthouse-theatre,m
Mycenae House,London,https://www.ents24.com/london-events/mycenae-house,m
Merthyr Labour Club,Merthyr Tydfil,https://www.ents24.com/merthyr-tydfil-events/merthyr-labour-club,m
Mount Edgcumbe House,Torpoint,https://www.ents24.com/torpoint-events/mount-edgcumbe-house,m
Madame Tussauds,London,https://www.ents24.com/london-events/madame-tussauds,m
Mickleton Village Hall,County Durham,https://www.ents24.com/county-durham-events/mickleton-village-hall,m
Malmesbury Town Hall,Malmesbury,https://www.ents24.com/malmesbury-events/malmesbury-town-hall,m
Mount Pleasant Eco Park,Porthtowan,https://www.ents24.com/porthtowan-events/mount-pleasant-eco-park,m
Marske Leisure Centre,Redcar,https://www.ents24.com/redcar-events/marske-leisure-centre,m
Manchester Rugby Club,Manchester,https://www.ents24.com/manchester-events/manchester-rugby-club,m
Mottram St Andrew Village Hall,Macclesfield,https://www.ents24.com/macclesfield-events/mottram-st-andrew-village-hall,m
Muthers Recording Studio,Birmingham,https://www.ents24.com/birmingham-events/muthers-recording-studio,m
Modbury Memorial Hall,Modbury,https://www.ents24.com/modbury-events/modbury-memorial-hall,m
Marstons Sports & Social Club,Burton-on-Trent,https://www.ents24.com/burton-on-trent-events/marstons-sports-and-social-club,m
Mary Street Live,Sheffield,https://www.ents24.com/sheffield-events/mary-street-live,m
Metropolis,London,https://www.ents24.com/london-events/metropolis,m
Mandala,Sheffield,https://www.ents24.com/sheffield-events/mandala,m
Mill Brow Social Club,Widnes,https://www.ents24.com/widnes-events/mill-brow-social-club,m
Marsden Mechanics Hall,Marsden,https://www.ents24.com/marsden-events/marsden-mechanics-hall,m
Mint XL,Leeds,https://www.ents24.com/leeds-events/mint-xl,m
Maidstone Museum & Bentlif Art Gallery,Maidstone,https://www.ents24.com/maidstone-events/maidstone-museum-and-bentlif-art-gallery,m
Methodist Central Hall,Plymouth,https://www.ents24.com/plymouth-events/methodist-central-hall,m
Mio's South Shields,South Shields,https://www.ents24.com/south-shields-events/mios-south-shields,m
Morocco Bound Wandsworth,London,https://www.ents24.com/london-events/morocco-bound-wandsworth,m
Morley Live CIC,Leeds,https://www.ents24.com/leeds-events/morley-live-cic,m
Meade Hall,Camberley,https://www.ents24.com/camberley-events/meade-hall,m
Mount Ephraim Gardens,Faversham,https://www.ents24.com/faversham-events/mount-ephraim-gardens,m
Meadowbank Sports Centre (Meadowbank Stadium),Edinburgh,https://www.ents24.com/edinburgh-events/meadowbank-sports-centre-meadowbank-stadium,m
Manor Park,Aldershot,https://www.ents24.com/aldershot-events/manor-park,m
McManus Galleries And Museum,Dundee,https://www.ents24.com/dundee-events/mcmanus-galleries-and-museum,m
Market Harborough Octagonal Theatre,Market Harborough,https://www.ents24.com/market-harborough-events/market-harborough-octagonal-theatre,m
Markinch Town Hall,Markinch,https://www.ents24.com/markinch-events/markinch-town-hall,m
Mercure Maidstone,Maidstone,https://www.ents24.com/maidstone-events/mercure-maidstone,m
Martin Music Festival,Martin,https://www.ents24.com/martin-events/martin-music-festival,m
Mount Edgcumbe House and Country Park,Torpoint,https://www.ents24.com/torpoint-events/mount-edgcumbe-house-and-country-park,m
Methodist Central Hall,Scarborough,https://www.ents24.com/scarborough-events/methodist-central-hall,m
Margam Castle,Port Talbot,https://www.ents24.com/port-talbot-events/margam-castle,m
Mareel,Shetland,https://www.ents24.com/shetland-events/mareel,m
Minster Church of St Mary the Virgin,Reading,https://www.ents24.com/reading-events/minster-church-of-st-mary-the-virgin,m
Maulds Meaburn Village Hall,Penrith,https://www.ents24.com/penrith-events/maulds-meaburn-village-hall,m
Mu Mu: Lounges Cabaret Club,Maidstone,https://www.ents24.com/maidstone-events/mu-mu-lounges-cabaret-club,m
Middlesbrough Cathedral,Middlesbrough,https://www.ents24.com/middlesbrough-events/middlesbrough-cathedral,m
Mawdesley Village Hall,Ormskirk,https://www.ents24.com/ormskirk-events/mawdesley-village-hall,m
Mitford Village Hall,Morpeth,https://www.ents24.com/morpeth-events/mitford-village-hall,m
Marmions at The Wynd,Melrose,https://www.ents24.com/melrose-events/marmions-at-the-wynd,m
Magnet Micro ,Broadstairs,https://www.ents24.com/broadstairs-events/magnet-micro,m
Montrose Playhouse,Montrose,https://www.ents24.com/montrose-events/montrose-playhouse,m
Maker with Rame Community Hall,Kingsand,https://www.ents24.com/kingsand-events/maker-with-rame-community-hall,m
Marine Parade,Brighton,https://www.ents24.com/brighton-events/marine-parade,m
"Muncaster Castle, Gardens & Owl Centre",Ravenglass,https://www.ents24.com/ravenglass-events/muncaster-castle-gardens-and-owl-centre,m
Multiple Venues,Stockton-on-Tees,https://www.ents24.com/stockton-on-tees-events/multiple-venues,m
Mecca Bingo,Glasgow,https://www.ents24.com/glasgow-events/mecca-bingo,m
Mary Lou's Smokehouse & Craft Bar,Ripley,https://www.ents24.com/ripley-events/mary-lous-smokehouse-and-craft-bar,m
Madame Tussauds Blackpool,Blackpool,https://www.ents24.com/blackpool-events/madame-tussauds-blackpool,m
Mercure,Tunbridge Wells,https://www.ents24.com/tunbridge-wells-events/mercure,m
Morecambe Promenade,Morecambe,https://www.ents24.com/morecambe-events/morecambe-promenade,m
Medieval Merchant's House,Southampton,https://www.ents24.com/southampton-events/medieval-merchants-house,m
Minstead Lodge,Minstead,https://www.ents24.com/minstead-events/minstead-lodge,m
Metropolitan Bar,Stafford,https://www.ents24.com/stafford-events/metropolitan-bar,m
MeCycle Cafe,Southport,https://www.ents24.com/southport-events/mecycle-cafe,m
Minety Village Hall,Malmesbury,https://www.ents24.com/malmesbury-events/minety-village-hall,m
Marriott Hotel,London,https://www.ents24.com/london-events/marriott-hotel,m
Michael Herbert Hall,Wilton,https://www.ents24.com/wilton-events/michael-herbert-hall,m
Merthyr Town Football Club,Merthyr,https://www.ents24.com/merthyr-events/merthyr-town-football-club,m
Millpool Centre,West Looe,https://www.ents24.com/west-looe-events/millpool-centre,m
Mumtaz Leeds,Leeds,https://www.ents24.com/leeds-events/mumtaz-leeds,m
mullinger arts centre,Mullingar,https://www.ents24.com/mullingar-events/mullinger-arts-centre,m
Montgomery Town Hall,Powys,https://www.ents24.com/powys-events/montgomery-town-hall,m
Maple Terrace Masonic Temple,Newcastle Upon Tyne,https://www.ents24.com/newcastle-upon-tyne-events/maple-terrace-masonic-temple,m
Morocco Bound Bookshop,London,https://www.ents24.com/london-events/morocco-bound-bookshop,m
Missing Bean Roastery,Oxford,https://www.ents24.com/oxford-events/missing-bean-roastery,m
March Park,March,https://www.ents24.com/march-events/march-park,m
Madresfield Court,Malvern,https://www.ents24.com/malvern-events/madresfield-court,m
Mill Farm,Bradford Abbas,https://www.ents24.com/bradford-abbas-events/mill-farm,m
Memorial Gardens,Staines-upon-Thames,https://www.ents24.com/staines-upon-thames-events/memorial-gardens,m
Masons,Luton,https://www.ents24.com/luton-events/masons,m
Mill Field,"Charlbury,",https://www.ents24.com/charlbury-events/mill-field,m
MarshField Cricket Club,Chippenham,https://www.ents24.com/chippenham-events/marshfield-cricket-club,m
MASH guru,Macclesfield ; Cheshire,https://www.ents24.com/macclesfield-cheshire-events/mash-guru,m
Muthu Newton Hotel,Nairn,https://www.ents24.com/nairn-events/muthu-newton-hotel,m
Mereworth Winery,Mereworth Kent,https://www.ents24.com/mereworth-kent-events/mereworth-winery,m
Market Square,Wellington,https://www.ents24.com/wellington-events/market-square,m
NX Newcastle,Newcastle upon Tyne,https://www.ents24.com/newcastle-upon-tyne-events/nx-newcastle,n
New Theatre,Cardiff,https://www.ents24.com/cardiff-events/new-theatre,n
New Theatre Oxford,Oxford,https://www.ents24.com/oxford-events/new-theatre-oxford,n
New Cross Inn,London,https://www.ents24.com/london-events/new-cross-inn,n
Nottingham Playhouse,Nottingham,https://www.ents24.com/nottingham-events/nottingham-playhouse,n
New Century,Manchester,https://www.ents24.com/manchester-events/new-century-1,n
New Wimbledon Theatre,London,https://www.ents24.com/london-events/new-wimbledon-theatre,n
Norwich Playhouse,Norwich,https://www.ents24.com/norwich-events/norwich-playhouse,n
Norden Farm Centre for The Arts,Maidenhead,https://www.ents24.com/maidenhead-events/norden-farm-centre-for-the-arts,n
Newcastle University Students Union,Newcastle-upon-Tyne,https://www.ents24.com/newcastle-upon-tyne-events/newcastle-university-students-union,n
Night & Day Cafe,Manchester,https://www.ents24.com/manchester-events/night-and-day-cafe,n
Norwich Arts Centre,Norwich,https://www.ents24.com/norwich-events/norwich-arts-centre,n
Newmarket Racecourse,Newmarket,https://www.ents24.com/newmarket-events/newmarket-racecourse,n
Northumbria University Students Union,Newcastle upon Tyne,https://www.ents24.com/newcastle-upon-tyne-events/northumbria-university-students-union,n
New Theatre Royal,Lincoln,https://www.ents24.com/lincoln-events/new-theatre-royal,n
Network,Sheffield,https://www.ents24.com/sheffield-events/network-1,n
Nice N Sleazy,Glasgow,https://www.ents24.com/glasgow-events/nice-n-sleazy,n
New Wolsey Theatre,Ipswich,https://www.ents24.com/ipswich-events/new-wolsey-theatre,n
National Arboretum (Westonbirt Arboretum),Tetbury,https://www.ents24.com/tetbury-events/national-arboretum-westonbirt-arboretum,n
Newark Palace Theatre,Newark-on-Trent,https://www.ents24.com/newark-on-trent-events/newark-palace-theatre,n
Nightrain,Bradford,https://www.ents24.com/bradford-events/nightrain,n
New Vic Theatre,Newcastle Under Lyme,https://www.ents24.com/newcastle-under-lyme-events/new-vic-theatre,n
Newcastle Racecourse,Newcastle Upon Tyne,https://www.ents24.com/newcastle-upon-tyne-events/virgin-money-unity-arena-newcastle-racecourse,n
Northern Stage,Newcastle-upon-Tyne,https://www.ents24.com/newcastle-upon-tyne-events/northern-stage,n
Navy Bar 2.1,Liverpool,https://www.ents24.com/liverpool-events/navy-bar-21,n
Nottingham Contemporary,Nottingham,https://www.ents24.com/nottingham-events/nottingham-contemporary,n
Nell Of Old Drury,London,https://www.ents24.com/london-events/nell-of-old-drury,n
National Centre for Early Music,York,https://www.ents24.com/york-events/national-centre-for-early-music,n
Northwich Memorial Court,Northwich,https://www.ents24.com/northwich-events/northwich-memorial-court-1,n
Nantwich Civic Hall,Nantwich,https://www.ents24.com/nantwich-events/nantwich-civic-hall,n
Northampton Museum And Art Gallery,Northampton,https://www.ents24.com/northampton-events/northampton-museum-and-art-gallery,n
Newbury Racecourse,Newbury,https://www.ents24.com/newbury-events/newbury-racecourse,n
National Theatre Olivier,London,https://www.ents24.com/london-events/national-theatre-olivier,n
Northern Echo Arena Darlington,Darlington,https://www.ents24.com/darlington-events/northern-echo-arena-darlington,n
Nottingham Arts Theatre,Nottingham,https://www.ents24.com/nottingham-events/nottingham-arts-theatre,n
National Marine Aquarium,Plymouth,https://www.ents24.com/plymouth-events/national-marine-aquarium,n
Nottingham Castle,Nottingham,https://www.ents24.com/nottingham-events/nottingham-castle,n
National Theatre Lyttelton,London,https://www.ents24.com/london-events/national-theatre-lyttelton,n
Nottingham Trent University SU,Nottingham,https://www.ents24.com/nottingham-events/nottingham-trent-university-su,n
Noel Coward Theatre,London,https://www.ents24.com/london-events/noel-coward-theatre,n
Nambucca,London,https://www.ents24.com/london-events/nambucca,n
Neeld Community & Arts Centre,Chippenham,https://www.ents24.com/chippenham-events/neeld-community-and-arts-centre,n
Novello Theatre,London,https://www.ents24.com/london-events/novello-theatre,n
National Theatre Dorfman,London,https://www.ents24.com/london-events/national-theatre-dorfman,n
Newbridge Memo,Newport,https://www.ents24.com/newport-events/newbridge-memo,n
Norwich Cathedral,Norwich,https://www.ents24.com/norwich-events/norwich-cathedral,n
Newcastle Cathedral (St Nicholas Cathedral),Newcastle,https://www.ents24.com/newcastle-events/newcastle-cathedral-st-nicholas-cathedral,n
New Barrack Tavern,Sheffield,https://www.ents24.com/sheffield-events/new-barrack-tavern,n
NCI Club,Cambridge,https://www.ents24.com/cambridge-events/nci-club,n
Nerve Centre,Derry,https://www.ents24.com/derry-events/nerve-centre,n
Newstead Abbey Historic House & Park,Nottingham,https://www.ents24.com/nottingham-events/newstead-abbey-historic-house-and-park,n
New River Studios,London,https://www.ents24.com/london-events/new-river-studios,n
Neuadd Ogwen,Bethesda,https://www.ents24.com/bethesda-events/neuadd-ogwen,n
Newton Abbot Racecourse,Newton Abbot,https://www.ents24.com/newton-abbot-events/newton-abbot-racecourse,n
Newbald Village Hall,North Newbald,https://www.ents24.com/north-newbald-events/newbald-village-hall,n
Nottingham Arboretum,Nottingham,https://www.ents24.com/nottingham-events/nottingham-arboretum,n
Number 8 Community Arts Centre,Pershore,https://www.ents24.com/pershore-events/number-8-community-arts-centre,n
Neuadd Goffa Criccieth Memorial Hall,Criccieth,https://www.ents24.com/criccieth-events/neuadd-goffa-criccieth-memorial-hall,n
Nortons Digbeth,Birmingham,https://www.ents24.com/birmingham-events/nortons-digbeth,n
"Northern Quarter, Huddersfield",Huddersfield,https://www.ents24.com/huddersfield-events/northern-quarter-huddersfield,n
Nelly's Retro & Vintage,Stratford-upon-Avon,https://www.ents24.com/stratford-upon-avon-events/nellys-retro-and-vintage,n
Nottingham Central Library,Nottingham,https://www.ents24.com/nottingham-events/nottingham-central-library,n
New Inn Bournheath,Bromsgrove,https://www.ents24.com/bromsgrove-events/new-inn-bournheath-bromsgrove,n
Nottingham Rowing Club,Nottingham,https://www.ents24.com/nottingham-events/nottingham-rowing-club,n
North Walls Recreation Ground,Winchester,https://www.ents24.com/winchester-events/north-walls-recreation-ground,n
No.1 Harbourside,Bristol,https://www.ents24.com/bristol-events/no1-harbourside,n
Nut Bar,Portsmouth,https://www.ents24.com/portsmouth-events/nut-bar,n
Neuadd Dwyfor,Pwllheli,https://www.ents24.com/pwllheli-events/neuadd-dwyfor,n
Neuadd Pendre Hall,Tywyn,https://www.ents24.com/tywyn-events/neuadd-pendre-hall,n
Number 28,Belper,https://www.ents24.com/belper-events/number-28,n
Nutley War Memorial Hall,Uckfield,https://www.ents24.com/uckfield-events/nutley-war-memorial-hall,n
Nevis Centre,Fort William,https://www.ents24.com/fort-william-events/nevis-centre,n
New Milton Conservative Club,Hants,https://www.ents24.com/hants-events/new-milton-conservative-club,n
New Quay Music Festival,New Quay,https://www.ents24.com/new-quay-events/new-quay-music-festival,n
Norwich Holiday Inn,Norwich,https://www.ents24.com/norwich-events/norwich-holiday-inn,n
Number 90 Bar & Kitchen,London,https://www.ents24.com/london-events/number-90-bar-and-kitchen,n
New Walton Club,Hull,https://www.ents24.com/hull-events/new-walton-club,n
Northern Guitars Cafe,Leeds,https://www.ents24.com/leeds-events/northern-guitars-cafe,n
Nether Edge Bowling Club,Sheffield,https://www.ents24.com/sheffield-events/nether-edge-bowling-club,n
Nantwich Football Stadium,Nantwich,https://www.ents24.com/nantwich-events/nantwich-football-stadium,n
New Eltham Social Club,Eltham,https://www.ents24.com/eltham-events/new-eltham-social-club-1,n
Neath Rugby Club,Neath,https://www.ents24.com/neath-events/neath-rugby-club,n
Napton Festival,Warwickshire,https://www.ents24.com/warwickshire-events/napton-festival,n
North Enfield Conservative Club,Enfield,https://www.ents24.com/enfield-events/north-enfield-conservative-club,n
Naseby Village Hall,Northampton,https://www.ents24.com/northampton-events/naseby-village-hall,n
NIAMOS Radical Arts Centre,Manchester,https://www.ents24.com/manchester-events/niamos-radical-arts-centre,n
Northop Hall Cricket Club,Mold,https://www.ents24.com/mold-events/northop-hall-cricket-club,n
Nailers at Belper Town Football Club,Belper,https://www.ents24.com/belper-events/nailers-at-belper-town-football-club,n
Norley Village Hall,Frodsham,https://www.ents24.com/frodsham-events/norley-village-hall,n
Nola,York,https://www.ents24.com/york-events/nola,n
Nidd Hall ,Harrogate,https://www.ents24.com/harrogate-events/nidd-hall-1,n
New Aberdour Hall,Fraserburgh,https://www.ents24.com/fraserburgh-events/new-aberdour-hall,n
Next Level Dean Clough,Halifax,https://www.ents24.com/halifax-events/next-level-dean-clough,n
Neath Town Hall,Neath,https://www.ents24.com/neath-events/neath-town-hall-1,n
NEON at Battersea Power Station,London,https://www.ents24.com/london-events/neon-at-battersea-power-station,n
Northampton Saints Sports Club,Northampton,https://www.ents24.com/northampton-events/northampton-saints-sports-club,n
North Devon Resort,Ilfracombe,https://www.ents24.com/ilfracombe-events/north-devon-resort,n
New Brighton Community Centre,Mold,https://www.ents24.com/mold-events/new-brighton-community-centre,n
Ned's Cavern,Nottingham,https://www.ents24.com/nottingham-events/neds-cavern,n
North Deal Community Centre,Deal,https://www.ents24.com/deal-events/north-deal-community-centre,n
Norwood Park,Nottingham,https://www.ents24.com/nottingham-events/norwood-park,n
Northern View,Berwick-upon-Tweed,https://www.ents24.com/berwick-upon-tweed-events/northern-view,n
Nomad Maison,Sheffield,https://www.ents24.com/sheffield-events/nomad-maison,n
Northcliffe Allotments Community Gardens,Bradford,https://www.ents24.com/bradford-events/northcliffe-allotments-community-gardens,n
Neuadd y Dref Maesteg Town Hall,Maesteg,https://www.ents24.com/maesteg-events/neuadd-y-dref-maesteg-town-hall,n
New Bell Inn at Harwich,Harwich,https://www.ents24.com/harwich-events/new-bell-inn-at-harwich,n
Northbourne Parish Hall,Deal,https://www.ents24.com/deal-events/northbourne-parish-hall,n
New Gate Arts & Culture Centre,Derry,https://www.ents24.com/derry-events/new-gate-arts-and-culture-centre,n
Nine Yards Bell Tents - Henley Regatta,Henley-on-Thames,https://www.ents24.com/henley-on-thames-events/nine-yards-bell-tents-henley-regatta,n
Nowhere Kitchen and Brewery,Holmfirth,https://www.ents24.com/holmfirth-events/nowhere-kitchen-and-brewery,n
Newark Town Bowls Club,Newark-on-Trent,https://www.ents24.com/newark-on-trent-events/newark-town-bowls-club,n
New Longton Hope Methodist Church,Preston,https://www.ents24.com/preston-events/new-longton-hope-methodist-church,n
O2 Apollo Manchester,Manchester,https://www.ents24.com/manchester-events/o2-apollo-manchester,o
O2 Academy Bristol,Bristol,https://www.ents24.com/bristol-events/o2-academy-bristol,o
O2 Academy Brixton,London,https://www.ents24.com/london-events/o2-academy-brixton,o
O2 City Hall Newcastle,Newcastle upon Tyne,https://www.ents24.com/newcastle-upon-tyne-events/o2-city-hall-newcastle,o
O2 Academy Birmingham,Birmingham,https://www.ents24.com/birmingham-events/o2-academy-birmingham,o
O2 Shepherd's Bush Empire,London,https://www.ents24.com/london-events/o2-shepherds-bush-empire,o
"OVO Arena, Wembley",London,https://www.ents24.com/london-events/ovo-arena-wembley,o
O2 Ritz,Manchester,https://www.ents24.com/manchester-events/o2-ritz,o
O2 Academy Leeds,Leeds,https://www.ents24.com/leeds-events/o2-academy-leeds,o
O2 Academy Glasgow,Glasgow,https://www.ents24.com/glasgow-events/o2-academy-glasgow,o
O2 Institute,Birmingham,https://www.ents24.com/birmingham-events/o2-institute,o
O2 Forum Kentish Town,London,https://www.ents24.com/london-events/o2-forum-kentish-town,o
O2 Academy Liverpool,Liverpool,https://www.ents24.com/liverpool-events/o2-academy-liverpool,o
O2 Guildhall Southampton,Southampton,https://www.ents24.com/southampton-events/o2-guildhall-southampton,o
O2 Academy Islington,London,https://www.ents24.com/london-events/o2-academy-islington,o
O2 Academy Bournemouth,Bournemouth,https://www.ents24.com/bournemouth-events/o2-academy-bournemouth,o
Opera House,Manchester,https://www.ents24.com/manchester-events/opera-house,o
O2 Academy Oxford,Oxford,https://www.ents24.com/oxford-events/o2-academy-oxford,o
O2 Academy Leicester,Leicester,https://www.ents24.com/leicester-events/o2-academy-leicester,o
O2 Victoria Warehouse Manchester,Manchester,https://www.ents24.com/manchester-events/o2-victoria-warehouse-manchester,o
Oslo,London,https://www.ents24.com/london-events/oslo,o
Orchard Theatre,Dartford,https://www.ents24.com/dartford-events/orchard-theatre,o
Otley Courthouse,Otley,https://www.ents24.com/otley-events/otley-courthouse,o
Oxford Playhouse,Oxford,https://www.ents24.com/oxford-events/oxford-playhouse,o
O'Rileys,Hull,https://www.ents24.com/hull-events/orileys,o
Octagon Theatre,Yeovil,https://www.ents24.com/yeovil-events/octagon-theatre,o
Octagon Theatre,Bolton,https://www.ents24.com/bolton-events/octagon-theatre,o
Our Black Heart,London,https://www.ents24.com/london-events/our-black-heart,o
Old Rep Theatre,Birmingham,https://www.ents24.com/birmingham-events/old-rep-theatre,o
Omeara,London,https://www.ents24.com/london-events/omeara,o
Old Royal Naval College,London,https://www.ents24.com/london-events/old-royal-naval-college,o
Oporto Bar,Leeds,https://www.ents24.com/leeds-events/oporto-bar,o
Old Town Gardens Bowl,Swindon,https://www.ents24.com/swindon-events/old-town-gardens-bowl,o
Old Cinema Launderette,Durham,https://www.ents24.com/durham-events/old-cinema-launderette,o
Online / Streaming Events,Online,https://www.ents24.com/online-events/online-streaming-events,o
Old Fire Station,Oxford,https://www.ents24.com/oxford-events/old-fire-station,o
Open Air Theatre @ Regents Park,London,https://www.ents24.com/london-events/open-air-theatre-regents-park,o
Ormeau Park,Belfast,https://www.ents24.com/belfast-events/ormeau-park,o
Oxford Town Hall,Oxford,https://www.ents24.com/oxford-events/oxford-town-hall,o
Olby's Soul Cafe & Music Rooms,Margate,https://www.ents24.com/margate-events/olbys-soul-cafe-and-music-rooms,o
One Ninetyfour,London,https://www.ents24.com/london-events/one-ninetyfour,o
Old Deer Park,Richmond,https://www.ents24.com/richmond-events/old-deer-park,o
Olby's Creative Hub,Margate,https://www.ents24.com/margate-events/olbys-creative-hub,o
Otford Memorial Hall,Otford,https://www.ents24.com/otford-events/otford-memorial-hall,o
Outpost,Liverpool,https://www.ents24.com/liverpool-events/outpost,o
Orchard West,Dartford,https://www.ents24.com/dartford-events/orchard-west,o
Other Space Arts,Windsor,https://www.ents24.com/windsor-events/other-space-arts,o
Old Joint Stock,Birmingham,https://www.ents24.com/birmingham-events/old-joint-stock,o
Old Cranleighan Club,Thames Ditton,https://www.ents24.com/thames-ditton-events/old-cranleighan-club,o
Orrell Park Function Room,Liverpool,https://www.ents24.com/liverpool-events/orrell-park-function-room,o
Ormskirk Civic Hall,Ormskirk,https://www.ents24.com/ormskirk-events/ormskirk-civic-hall,o
Old London Road Cafe,Kingston Upon Thames,https://www.ents24.com/kingston-upon-thames-events/old-london-road-cafe,o
Orange Tree Theatre,Richmond,https://www.ents24.com/richmond-events/orange-tree-theatre,o
Oaklands College,St Albans,https://www.ents24.com/st-albans-events/oaklands-college,o
Old Parcels Office,Scarborough,https://www.ents24.com/scarborough-events/old-parcels-office,o
Old Post Office Hotel,Shrewsbury,https://www.ents24.com/shrewsbury-events/old-post-office-hotel,o
Oakham School Chapel,Oakham,https://www.ents24.com/oakham-events/oakham-school-chapel,o
Oystermouth Castle,Swansea,https://www.ents24.com/swansea-events/oystermouth-castle,o
Old Bridge Inn,Aviemore,https://www.ents24.com/aviemore-events/old-bridge-inn,o
Oakwell Hall and Country Park,Birstall,https://www.ents24.com/birstall-events/oakwell-hall-and-country-park,o
Off The Square,Manchester,https://www.ents24.com/manchester-events/off-the-square,o
One Church Brighton,Brighton,https://www.ents24.com/brighton-events/one-church-brighton,o
Orpington Liberal Club,Orpington,https://www.ents24.com/orpington-events/orpington-liberal-club,o
Oxted United Reform Church,Oxted,https://www.ents24.com/oxted-events/oxted-united-reform-church,o
Odeon Wrexham Eagles Meadow,Wrexham,https://www.ents24.com/wrexham-events/odeon-wrexham-eagles-meadow,o
Omnibus Theatre,London,https://www.ents24.com/london-events/omnibus-theatre,o
Oddfellows Club,Leicester,https://www.ents24.com/leicester-events/oddfellows-club,o
Orkney Theatre,Orkney,https://www.ents24.com/orkney-events/orkney-theatre,o
Oscars Bar,Hull,https://www.ents24.com/hull-events/oscars-bar,o
O'Neill's (Broad Street),Birmingham,https://www.ents24.com/birmingham-events/oneills-broad-street,o
Open Air Theatre in Penlee Park,Penzance,https://www.ents24.com/penzance-events/open-air-theatre-in-penlee-park,o
Osmington Village Hall,Osmington,https://www.ents24.com/osmington-events/osmington-village-hall,o
O.D.V.A Social Club,Liverpool,https://www.ents24.com/liverpool-events/odva-social-club,o
Oceanside Hotel,Newquay,https://www.ents24.com/newquay-events/oceanside-hotel,o
Old Picture House,Seaton,https://www.ents24.com/seaton-events/old-picture-house,o
Owley Wood Club,Northwich,https://www.ents24.com/northwich-events/owley-wood-club,o
Old Truman Brewery,London,https://www.ents24.com/london-events/old-truman-brewery-1,o
Old Mill Hall,Wantage,https://www.ents24.com/wantage-events/old-mill-hall,o
Off Grid 31,Bridgend,https://www.ents24.com/bridgend-events/off-grid-31,o
Old Road Tavern,Chippenham,https://www.ents24.com/chippenham-events/old-road-tavern,o
Old Oscott Sports and Social Club,Birmingham,https://www.ents24.com/birmingham-events/old-oscott-sports-and-social-club,o
Old Park Farm,Port Talbot,https://www.ents24.com/port-talbot-events/old-park-farm,o
Owley Wood Recreation Club,Weaverham,https://www.ents24.com/weaverham-events/owley-wood-recreation-club,o
Outwood Working Men's Club,Wakefield,https://www.ents24.com/wakefield-events/outwood-working-mens-club,o
O'Neill's Wardour Street,London,https://www.ents24.com/london-events/oneills-wardour-street,o
Oaklands Park,Chichester,https://www.ents24.com/chichester-events/oaklands-park,o
Old Tigers Head,London,https://www.ents24.com/london-events/old-tigers-head,o
Ormside Projects,London,https://www.ents24.com/london-events/ormside-projects,o
Oakwood Centre,Reading,https://www.ents24.com/reading-events/oakwood-centre,o
Osmaston Park,Derby,https://www.ents24.com/derby-events/osmaston-park,o
Ouseburn Garden,Newcastle upon Tyne,https://www.ents24.com/newcastle-upon-tyne-events/ouseburn-garden,o
Open House,Sheffield,https://www.ents24.com/sheffield-events/open-house,o
O'Hares Bar,County Down,https://www.ents24.com/county-down-events/ohares-bar,o
OYO Gin House Hotel,Greenock,https://www.ents24.com/greenock-events/oyo-gin-house-hotel,o
Old Goats Grumble,Denby,https://www.ents24.com/denby-events/old-goats-grumble,o
OVERdraught Bar,Manchester,https://www.ents24.com/manchester-events/overdraught-bar,o
old fourpenny shop,Warwick,https://www.ents24.com/warwick-events/old-fourpenny-shop,o
Our Lady of Hal RC Church,London,https://www.ents24.com/london-events/our-lady-of-hal-rc-church,o
OUT Nottingham,Nottingham,https://www.ents24.com/nottingham-events/out-nottingham,o
Off The Tracks Festival,Castle Donington,https://www.ents24.com/castle-donington-events/off-the-tracks-festival,o
Open Air Venue,Week St Mary,https://www.ents24.com/week-st-mary-events/open-air-venue,o
Old Village Hall,Old,https://www.ents24.com/old-events/old-village-hall,o
Ogri Clubhouse,Cirencester,https://www.ents24.com/cirencester-events/ogri-clubhouse,o
Old Fighting Cocks,Oakengates,https://www.ents24.com/oakengates-events/old-fighting-cocks,o
O’Briens Bottle Shop & Beer Cafè,Holmfirth,https://www.ents24.com/holmfirth-events/obriens-bottle-shop-and-beer-cafe,o
Olney Rugby Football Club,Milton Keynes,https://www.ents24.com/milton-keynes-events/olney-rugby-football-club,o
Principality Stadium,Cardiff,https://www.ents24.com/cardiff-events/principality-stadium,p
Portsmouth Guildhall,Portsmouth,https://www.ents24.com/portsmouth-events/portsmouth-guildhall,p
Plymouth Arena,Plymouth,https://www.ents24.com/plymouth-events/plymouth-arena,p
Palace Theatre,Manchester,https://www.ents24.com/manchester-events/palace-theatre,p
Playhouse Whitley Bay,Whitley Bay,https://www.ents24.com/whitley-bay-events/playhouse-whitley-bay,p
Princess Theatre,Torquay,https://www.ents24.com/torquay-events/princess-theatre,p
Palace Theatre,Southend-on-Sea,https://www.ents24.com/southend-on-sea-events/palace-theatre,p
Princess Pavilion and Gyllyngdune Gardens,Falmouth,https://www.ents24.com/falmouth-events/princess-pavilion-and-gyllyngdune-gardens,p
Peterborough New Theatre,Peterborough,https://www.ents24.com/peterborough-events/peterborough-new-theatre,p
P&J Live,Aberdeen,https://www.ents24.com/aberdeen-events/pandj-live,p
Princess Alexandra Auditorium & Friarage Theatre,Yarm,https://www.ents24.com/yarm-events/princess-alexandra-auditorium-and-friarage-theatre,p
Pyramid & Parr Hall,Warrington,https://www.ents24.com/warrington-events/pyramid-and-parr-hall,p
Princes Hall,Aldershot,https://www.ents24.com/aldershot-events/princes-hall,p
Powderham Castle,Exeter,https://www.ents24.com/exeter-events/powderham-castle,p
Princes Theatre,Clacton-On-Sea,https://www.ents24.com/clacton-on-sea-events/princes-theatre,p
Perth Theatre & Concert Hall,Perth,https://www.ents24.com/perth-events/perth-theatre-and-concert-hall,p
PizzaExpress Jazz Club (Soho),London,https://www.ents24.com/london-events/pizzaexpress-jazz-club-soho,p
Pavilion Theatre,Worthing,https://www.ents24.com/worthing-events/pavilion-theatre,p
Plowright Theatre,Scunthorpe,https://www.ents24.com/scunthorpe-events/plowright-theatre,p
Pavilion Theatre,Rhyl,https://www.ents24.com/rhyl-events/pavilion-theatre,p
Pocklington Arts Centre,Pocklington,https://www.ents24.com/pocklington-events/pocklington-arts-centre,p
Patterns,Brighton,https://www.ents24.com/brighton-events/patterns,p
Palace Theatre,Paignton,https://www.ents24.com/paignton-events/palace-theatre,p
PJ Molloys,Dunfermline,https://www.ents24.com/dunfermline-events/pj-molloys,p
Project House,Leeds,https://www.ents24.com/leeds-events/project-house,p
Pleasance Dome,Edinburgh,https://www.ents24.com/edinburgh-events/pleasance-dome,p
Palace Theatre,Redditch,https://www.ents24.com/redditch-events/palace-theatre,p
Pontardawe Arts Centre,Pontardawe,https://www.ents24.com/pontardawe-events/pontardawe-arts-centre,p
Plymouth Guildhall,Plymouth,https://www.ents24.com/plymouth-events/plymouth-guildhall,p
Princess Theatre,Hunstanton,https://www.ents24.com/hunstanton-events/princess-theatre,p
PizzaExpress Live (Holborn),London,https://www.ents24.com/london-events/pizzaexpress-live-holborn,p
Papillon,Southampton,https://www.ents24.com/southampton-events/papillon,p
Plymouth Underground,Plymouth,https://www.ents24.com/plymouth-events/plymouth-underground,p
Pavilion Theatre & Bandstand,Gorleston-on-Sea,https://www.ents24.com/gorleston-on-sea-events/pavilion-theatre-and-bandstand,p
Phoenix Theatre,Blyth,https://www.ents24.com/blyth-events/phoenix-theatre,p
Pavilions Teignmouth,Teignmouth,https://www.ents24.com/teignmouth-events/pavilions-teignmouth,p
Pavilion Arts Centre,Buxton,https://www.ents24.com/buxton-events/pavilion-arts-centre,p
Port Eliot Estate,Saltash,https://www.ents24.com/saltash-events/port-eliot-estate,p
Pleasance Courtyard,Edinburgh,https://www.ents24.com/edinburgh-events/pleasance-courtyard,p
Piccadilly Theatre,London,https://www.ents24.com/london-events/piccadilly-theatre,p
PILGRIM,Newcastle upon Tyne,https://www.ents24.com/newcastle-upon-tyne-events/pilgrim,p
Pontio - Arts and Innovation in Bangor,Bangor,https://www.ents24.com/bangor-events/pontio-arts-and-innovation-in-bangor,p
Parkhouse Centre,Bude,https://www.ents24.com/bude-events/parkhouse-centre,p
Promenade Park,Maldon,https://www.ents24.com/maldon-events/promenade-park,p
Penistone Paramount,Penistone,https://www.ents24.com/penistone-events/penistone-paramount-1,p
Prince Edward Theatre,London,https://www.ents24.com/london-events/prince-edward-theatre,p
Paper Dress Vintage Boutique & Bar,London,https://www.ents24.com/london-events/paper-dress-vintage-boutique-and-bar,p
Priory Park,Southend-on-Sea,https://www.ents24.com/southend-on-sea-events/priory-park,p
Peterborough Cathedral,Peterborough,https://www.ents24.com/peterborough-events/peterborough-cathedral,p
Phoenix Theatre,London,https://www.ents24.com/london-events/phoenix-theatre,p
Paisley Town Hall,Paisley,https://www.ents24.com/paisley-events/paisley-town-hall,p
Portsmouth Railway Rifle Club,Southsea,https://www.ents24.com/southsea-events/portsmouth-railway-rifle-club,p
Purple Turtle,Reading,https://www.ents24.com/reading-events/purple-turtle,p
Prospect Park,Reading,https://www.ents24.com/reading-events/prospect-park,p
Peggy's Skylight,Nottingham,https://www.ents24.com/nottingham-events/peggys-skylight,p
Preston Park,Brighton,https://www.ents24.com/brighton-events/preston-park-1,p
Phonox,London,https://www.ents24.com/london-events/phonox,p
Pavilion Mid Wales,Llandrindod Wells,https://www.ents24.com/llandrindod-wells-events/pavilion-mid-wales,p
Pop Recs Ltd.,Sunderland,https://www.ents24.com/sunderland-events/pop-recs-ltd,p
Peacock Theatre,London,https://www.ents24.com/london-events/peacock-theatre,p
Pop Brixton,London,https://www.ents24.com/london-events/pop-brixton,p
Playhouse Theatre,Whitstable,https://www.ents24.com/whitstable-events/playhouse-theatre,p
Prestbury Sports Bar,Warminster,https://www.ents24.com/warminster-events/prestbury-sports-bar,p
Parkers Piece,Cambridge,https://www.ents24.com/cambridge-events/parkers-piece,p
Pop Recs,Sunderland,https://www.ents24.com/sunderland-events/pop-recs-1,p
Pier Head,Liverpool,https://www.ents24.com/liverpool-events/pier-head,p
President Hotel,London,https://www.ents24.com/london-events/president-hotel,p
Park Theatre,London,https://www.ents24.com/london-events/park-theatre,p
Pleasance Theatre,London,https://www.ents24.com/london-events/pleasance-theatre,p
Pitchperfect Camping,Bath,https://www.ents24.com/bath-events/pitchperfect-camping,p
Paisley Arts Centre,Paisley,https://www.ents24.com/paisley-events/paisley-arts-centre,p
Puzzle Hall Inn,Halifax,https://www.ents24.com/halifax-events/puzzle-hall-inn,p
Phoenix Arts,Bordon,https://www.ents24.com/bordon-events/phoenix-arts,p
Premier Suite & Lounge,Manchester,https://www.ents24.com/manchester-events/premier-suite-and-lounge,p
Prince Of Wales Theatre,London,https://www.ents24.com/london-events/prince-of-wales-theatre,p
Parkway Social Club,Middlesbrough,https://www.ents24.com/middlesbrough-events/parkway-social-club,p
Portsmouth Cathedral,Portsmouth,https://www.ents24.com/portsmouth-events/portsmouth-cathedral,p
Penarth Pier,Penarth,https://www.ents24.com/penarth-events/penarth-pier,p
People's Leisure Club,Edinburgh,https://www.ents24.com/edinburgh-events/peoples-leisure-club,p
Patchwork Studios,Torpoint,https://www.ents24.com/torpoint-events/patchwork-studios,p
Portsmouth Distillery,Southsea,https://www.ents24.com/southsea-events/portsmouth-distillery,p
Perranporth Beach,Truro,https://www.ents24.com/truro-events/perranporth-beach,p
Paisley Abbey,Paisley,https://www.ents24.com/paisley-events/paisley-abbey,p
Peddler Warehouse,Sheffield,https://www.ents24.com/sheffield-events/peddler-warehouse-1,p
Petersfield Festival Hall,Petersfield,https://www.ents24.com/petersfield-events/petersfield-festival-hall,p
Pearsons Arms,Whitstable,https://www.ents24.com/whitstable-events/pearsons-arms,p
Potters Arms,Amersham,https://www.ents24.com/amersham-events/potters-arms,p
Progress Theatre,Reading,https://www.ents24.com/reading-events/progress-theatre-reading,p
Playhouse Theatre,London,https://www.ents24.com/london-events/playhouse-theatre,p
Poynton WMC,Poynton,https://www.ents24.com/poynton-events/poynton-wmc,p
Princes Quay,Hull,https://www.ents24.com/hull-events/princes-quay,p
Portobello Town Hall,Edinburgh,https://www.ents24.com/edinburgh-events/portobello-town-hall,p
Polka Theatre,London,https://www.ents24.com/london-events/polka-theatre,p
Performance Lab,Sheffield,https://www.ents24.com/sheffield-events/performance-lab,p
Paradise Garden,Cardiff,https://www.ents24.com/cardiff-events/paradise-garden,p
Playhouse Theatre,Derry,https://www.ents24.com/derry-events/playhouse-theatre,p
Parkway Theatre & Cinema Beverley,Beverley,https://www.ents24.com/beverley-events/parkway-theatre-and-cinema-beverley,p
Public Institute,Fochabers,https://www.ents24.com/fochabers-events/public-institute,p
Paradise Palms,Edinburgh,https://www.ents24.com/edinburgh-events/paradise-palms,p
Pickering Showground,Pickering,https://www.ents24.com/pickering-events/pickering-showground,p
Petworth House & Park,Petworth,https://www.ents24.com/petworth-events/petworth-house-and-park,p
Pink Toothbrush,Rayleigh,https://www.ents24.com/rayleigh-events/pink-toothbrush,p
Partington Players Theatre,Glossop,https://www.ents24.com/glossop-events/partington-players-theatre,p
Portsmouth Central Library,Portsmouth,https://www.ents24.com/portsmouth-events/portsmouth-central-library,p
Parkway Hotel & Spa,Cwmbran,https://www.ents24.com/cwmbran-events/parkway-hotel-and-spa,p
Peggy McCools,Warrington,https://www.ents24.com/warrington-events/peggy-mccools,p
Penylan Farm,Wrexham,https://www.ents24.com/wrexham-events/penylan-farm,p
Penarth Ex-Servicemen’s Club,Penarth,https://www.ents24.com/penarth-events/penarth-ex-servicemens-club,p
Poplar Social Club,Accrington,https://www.ents24.com/accrington-events/poplar-social-club,p
Portmeirion Town Hall,Portmeirion,https://www.ents24.com/portmeirion-events/portmeirion-town-hall,p
Pen & Wig,Newport,https://www.ents24.com/newport-events/pen-and-wig,p
Parkway Theatre & Cinema,Cleethorpes,https://www.ents24.com/cleethorpes-events/parkway-theatre-and-cinema,p
Powells Farm,Plaitford,https://www.ents24.com/plaitford-events/powells-farm,p
Preston Bissett Comedy Club,Preston Bissett,https://www.ents24.com/preston-bissett-events/preston-bissett-comedy-club,p
Park Social Club Cardiff,Cardiff,https://www.ents24.com/cardiff-events/park-social-club-cardiff,p
Peter Pizzeria,Leicester,https://www.ents24.com/leicester-events/peter-pizzeria,p
Pontyberem Memorial Hall,Llanelli,https://www.ents24.com/llanelli-events/pontyberem-memorial-hall,p
Park Row Bristol,Bristol,https://www.ents24.com/bristol-events/park-row-bristol,p
Parr Hall,Warrington,https://www.ents24.com/warrington-events/parr-hall,p
Priory Gardens,Orpington,https://www.ents24.com/orpington-events/priory-gardens,p
Purple Orange,Bathgate,https://www.ents24.com/bathgate-events/purple-orange,p
Pealies Barn,Great Smeaton,https://www.ents24.com/great-smeaton-events/pealies-barn,p
Pelsall Cricket & Sports Club,Walsall,https://www.ents24.com/walsall-events/pelsall-cricket-and-sports-club,p
Poco Loco,Chatham,https://www.ents24.com/chatham-events/poco-loco,p
Pusey House,Oxford,https://www.ents24.com/oxford-events/pusey-house,p
Projekts MCR,Manchester,https://www.ents24.com/manchester-events/projekts-mcr,p
Penge Congregational Church,London,https://www.ents24.com/london-events/penge-congregational-church,p
Planet Ice Arena,Milton Keynes,https://www.ents24.com/milton-keynes-events/planet-ice-arena,p
Penketh And Sankey Conservative Club,Warrington,https://www.ents24.com/warrington-events/penketh-and-sankey-conservative-club,p
Palace Theatre,Westcliff-on-Sea,https://www.ents24.com/westcliff-on-sea-events/palace-theatre-1,p
Prince's Park,Manchester,https://www.ents24.com/manchester-events/princes-park,p
Pryzm,Brighton,https://www.ents24.com/brighton-events/pryzm,p
Preston Conservative Club,Paignton,https://www.ents24.com/paignton-events/preston-conservative-club,p
Pokey Hole,Moira,https://www.ents24.com/moira-events/pokey-hole,p
Potters Fields Park,London,https://www.ents24.com/london-events/potters-fields-park,p
Parish Church Of St Peter & St Paul,Buckingham,https://www.ents24.com/buckingham-events/parish-church-of-st-peter-and-st-paul,p
Porlock Village Hall,Porlock,https://www.ents24.com/porlock-events/porlock-village-hall-1,p
Percy Park RFC,North Shields,https://www.ents24.com/north-shields-events/percy-park-rfc,p
Park Inn,Folkestone,https://www.ents24.com/folkestone-events/park-inn,p
"Plymouth Argyle, The Green Taverners Suite",Plymouth,https://www.ents24.com/plymouth-events/plymouth-argyle-the-green-taverners-suite,p
P Louise Make Up Academy,Stockport,https://www.ents24.com/stockport-events/p-louise-make-up-academy,p
Pittodrie Stadium,Aberdeen,https://www.ents24.com/aberdeen-events/pittodrie-stadium,p
Peterhead Leisure and Community Centre,Peterhead,https://www.ents24.com/peterhead-events/peterhead-leisure-and-community-centre-1,p
Plymouth Albion RFC,Plymouth,https://www.ents24.com/plymouth-events/plymouth-albion-rfc,p
Preston on Stour Village Hall,Preston on Stour,https://www.ents24.com/preston-on-stour-events/preston-on-stour-village-hall,p
Plymstock Albion Oaks Rugby Club,Plymouth,https://www.ents24.com/plymouth-events/plymstock-albion-oaks-rugby-club,p
Pink Moon,Brighton,https://www.ents24.com/brighton-events/pink-moon,p
Princess Bar,Glasgow,https://www.ents24.com/glasgow-events/princess-bar,p
Park Place Social Club,Harrogate,https://www.ents24.com/harrogate-events/park-place-social-club,p
Pontnewynydd Sports & Social Club,Torfaen,https://www.ents24.com/torfaen-events/pontnewynydd-sports-and-social-club,p
Pierpoint & Bryant Recreation Club,Warrington,https://www.ents24.com/warrington-events/pierpoint-and-bryant-recreation-club,p
Plymstock Festival Site,Plymouth,https://www.ents24.com/plymouth-events/plymstock-festival-site,p
Paulton Rovers Football Club,Bristol,https://www.ents24.com/bristol-events/paulton-rovers-football-club,p
Parish Hall Theatre,Bolton,https://www.ents24.com/bolton-events/parish-hall-theatre,p
"Pilchards at Port Gaverne - Port Isaac, England",Port Isaac Cornwall,https://www.ents24.com/port-isaac-cornwall-events/pilchards-at-port-gaverne-port-isaac-england,p
Priory Visitor Centre,Coventry,https://www.ents24.com/coventry-events/priory-visitor-centre,p
Pailton Village Hall,Pailton,https://www.ents24.com/pailton-events/pailton-village-hall,p
Palace of Holyroodhouse,Edinburgh,https://www.ents24.com/edinburgh-events/palace-of-holyroodhouse,p
Poulton Community Hall,Poulton Le Fylde,https://www.ents24.com/poulton-le-fylde-events/poulton-community-hall,p
Parish Field,Nuneaton,https://www.ents24.com/nuneaton-events/parish-field,p
Park Hall,Harpenden,https://www.ents24.com/harpenden-events/park-hall,p
Piercefield Park,Chepstow,https://www.ents24.com/chepstow-events/piercefield-park,p
Pedley Street Station,London,https://www.ents24.com/london-events/pedley-street-station,p
Pergola Brixton,London,https://www.ents24.com/london-events/pergola-brixton,p
PRSC Space,Bristol,https://www.ents24.com/bristol-events/prsc-space,p
Pasha Lounge,Warrington,https://www.ents24.com/warrington-events/pasha-lounge,p
Patch,Colchester,https://www.ents24.com/colchester-events/patch,p
Problematic Pub Comedy Club,Swansea,https://www.ents24.com/swansea-events/problematic-pub-comedy-club,p
Parklands Sports Club,Widnes,https://www.ents24.com/widnes-events/parklands-sports-club,p
Port A Bhaigh Campsite,Ullapool,https://www.ents24.com/ullapool-events/port-a-bhaigh-campsite,p
Push Yourself to the Extreme – Climb for Charity!,Bolton,https://www.ents24.com/bolton-events/push-yourself-to-the-extreme-climb-for-charity,p
Parrswood Inn,Manchester,https://www.ents24.com/manchester-events/parrswood-inn,p
Pensford Memorial Hall,Pensford,https://www.ents24.com/pensford-events/pensford-memorial-hall,p
Plas Hyfryd Hotel Narberth,Narberth,https://www.ents24.com/narberth-events/plas-hyfryd-hotel-narberth,p
Parracombe Village Hall,Barnstaple,https://www.ents24.com/barnstaple-events/parracombe-village-hall,p
Papworth Brewery,Huntingdon,https://www.ents24.com/huntingdon-events/papworth-brewery,p
Pannier Market,Bideford,https://www.ents24.com/bideford-events/pannier-market,p
Private Event,Private Event,https://www.ents24.com/private-event-events/private-event,p
Presteigne Community Barn,Prestigne,https://www.ents24.com/prestigne-events/presteigne-community-barn,p
Polesden Lacy National Trust,Leatherhead,https://www.ents24.com/leatherhead-events/polesden-lacy-national-trust,p
Pig & Whistle,Heywood,https://www.ents24.com/heywood-events/pig-and-whistle,p
Polesworth Comedy Club,Polesworth,https://www.ents24.com/polesworth-events/polesworth-comedy-club,p
Plonk!,Birmingham,https://www.ents24.com/birmingham-events/plonk,p
Playhouse East,London,https://www.ents24.com/london-events/playhouse-east,p
"Quad Theatre, Marjon",Plymouth,https://www.ents24.com/plymouth-events/quad-theatre-marjon,q
Queens Theatre,Barnstaple,https://www.ents24.com/barnstaple-events/queens-theatre,q
Queen Margaret Union,Glasgow,https://www.ents24.com/glasgow-events/queen-margaret-union-2,q
Queens Theatre Hornchurch,Hornchurch,https://www.ents24.com/hornchurch-events/queens-theatre-hornchurch,q
Queen Elizabeth Hall,London,https://www.ents24.com/london-events/queen-elizabeth-hall,q
Quarters,Brighton,https://www.ents24.com/brighton-events/quarters,q
Quarterhouse,Folkestone,https://www.ents24.com/folkestone-events/quarterhouse,q
Queen Square,Bristol,https://www.ents24.com/bristol-events/queen-square,q
Quex Park,Birchington-on-Sea,https://www.ents24.com/birchington-on-sea-events/quex-park,q
Queen's Park Recreation Ground,Glasgow,https://www.ents24.com/glasgow-events/queens-park-recreation-ground,q
Queens Hall Arts Centre,Hexham,https://www.ents24.com/hexham-events/queens-hall-arts-centre,q
Quarry,Liverpool,https://www.ents24.com/liverpool-events/quarry,q
Queens Park Arts Centre & Limelight Theatre,Aylesbury,https://www.ents24.com/aylesbury-events/queens-park-arts-centre-and-limelight-theatre,q
Quarry Theatre at St. Luke's,Bedford,https://www.ents24.com/bedford-events/quarry-theatre-at-st-lukes,q
Queen's Park,Chesterfield,https://www.ents24.com/chesterfield-events/queens-park,q
Queen Victoria Hall,Oundle,https://www.ents24.com/oundle-events/queen-victoria-hall,q
Queens Park Bowling & Tennis Club,Glasgow,https://www.ents24.com/glasgow-events/queens-park-bowling-and-tennis-club,q
Queen Elizabeth Theatre,Rutland,https://www.ents24.com/rutland-events/queen-elizabeth-theatre,q
Queen's Hall Theatre,Taunton,https://www.ents24.com/taunton-events/queens-hall-theatre,q
Queen Crafthouse and Kitchen,Doncaster,https://www.ents24.com/doncaster-events/queen-crafthouse-and-kitchen-1,q
Quarter Boolin' Club,Hamilton,https://www.ents24.com/hamilton-events/quarter-boolin-club,q
Royal Albert Hall,London,https://www.ents24.com/london-events/royal-albert-hall,r
Rock City,Nottingham,https://www.ents24.com/nottingham-events/rock-city,r
Royal Concert Hall,Glasgow,https://www.ents24.com/glasgow-events/royal-concert-hall,r
Regent Theatre,Ipswich,https://www.ents24.com/ipswich-events/regent-theatre,r
Ronnie Scott's,London,https://www.ents24.com/london-events/ronnie-scotts,r
Royal & Derngate Theatre,Northampton,https://www.ents24.com/northampton-events/royal-and-derngate-theatre,r
Royal Festival Hall,London,https://www.ents24.com/london-events/royal-festival-hall,r
Regent Theatre,Stoke-on-Trent,https://www.ents24.com/stoke-on-trent-events/regent-theatre,r
"Richmond Theatre, Surrey",Richmond,https://www.ents24.com/richmond-events/richmond-theatre-surrey,r
Roadmender,Northampton,https://www.ents24.com/northampton-events/roadmender,r
Redgrave Theatre,Bristol,https://www.ents24.com/bristol-events/redgrave-theatre,r
Rebellion,Manchester,https://www.ents24.com/manchester-events/rebellion,r
Royal Spa Centre,Leamington Spa,https://www.ents24.com/leamington-spa-events/royal-spa-centre,r
Royal Court Theatre,Liverpool,https://www.ents24.com/liverpool-events/royal-court-theatre,r
Ropetackle Arts Centre,Shoreham-by-Sea,https://www.ents24.com/shoreham-by-sea-events/ropetackle-arts-centre-1,r
Rough Trade,Bristol,https://www.ents24.com/bristol-events/rough-trade,r
Regal Theatre,Redruth,https://www.ents24.com/redruth-events/regal-theatre-3,r
Roses Theatre,Tewkesbury,https://www.ents24.com/tewkesbury-events/roses-theatre,r
Rose Theatre,Kingston-upon-Thames,https://www.ents24.com/kingston-upon-thames-events/rose-theatre,r
Rotherham Civic Theatre,Rotherham,https://www.ents24.com/rotherham-events/rotherham-civic-theatre,r
Royal Northern College of Music (RNCM),Manchester,https://www.ents24.com/manchester-events/royal-northern-college-of-music-rncm,r
Rothes Halls,Glenrothes,https://www.ents24.com/glenrothes-events/rothes-halls,r
Reading Town Hall (Reading Concert Hall),Reading,https://www.ents24.com/reading-events/reading-town-hall-reading-concert-hall,r
Royal Opera House,London,https://www.ents24.com/london-events/royal-opera-house,r
Rough Trade,Nottingham,https://www.ents24.com/nottingham-events/rough-trade,r
Reading Festival,Reading,https://www.ents24.com/reading-events/reading-festival,r
Royal Hippodrome Theatre,Eastbourne,https://www.ents24.com/eastbourne-events/royal-hippodrome-theatre,r
Revelation,Ashford,https://www.ents24.com/ashford-events/revelation-1,r
Ripley Town Hall,Harrogate,https://www.ents24.com/harrogate-events/ripley-town-hall,r
Ramsgate Music Hall,Ramsgate,https://www.ents24.com/ramsgate-events/ramsgate-music-hall,r
Real Time Live,Chesterfield,https://www.ents24.com/chesterfield-events/real-time-live,r
Rosehill Theatre,Whitehaven,https://www.ents24.com/whitehaven-events/rosehill-theatre,r
Royal Windsor Racecourse,Windsor,https://www.ents24.com/windsor-events/royal-windsor-racecourse,r
Royal Pavilion,Brighton,https://www.ents24.com/brighton-events/royal-pavilion,r
Royal Lyceum Theatre,Edinburgh,https://www.ents24.com/edinburgh-events/royal-lyceum-theatre,r
Rutherglen Town Hall,Glasgow,https://www.ents24.com/glasgow-events/rutherglen-town-hall,r
Royal Welsh College of Music and Drama (RWCMD),Cardiff,https://www.ents24.com/cardiff-events/royal-welsh-college-of-music-and-drama-rwcmd,r
Rother Street Arts House,Stratford-upon-Avon,https://www.ents24.com/stratford-upon-avon-events/rother-street-arts-house,r
Royal Highland Centre,Edinburgh,https://www.ents24.com/edinburgh-events/royal-highland-centre,r
Ripon Cathedral,Ripon,https://www.ents24.com/ripon-events/ripon-cathedral,r
Running Horse,Nottingham,https://www.ents24.com/nottingham-events/running-horse,r
Rosslyn Court,Margate,https://www.ents24.com/margate-events/rosslyn-court,r
Riff Factory,Stoke-on-Trent,https://www.ents24.com/stoke-on-trent-events/riff-factory,r
Rondo Theatre,Bath,https://www.ents24.com/bath-events/rondo-theatre,r
Red Lion,Birmingham,https://www.ents24.com/birmingham-events/red-lion,r
Reeth Memorial Hall,Reeth,https://www.ents24.com/reeth-events/reeth-memorial-hall,r
Royal Bath & West Showground,Shepton Mallet,https://www.ents24.com/shepton-mallet-events/royal-bath-and-west-showground,r
Rhoda McGaw Theatre,Woking,https://www.ents24.com/woking-events/rhoda-mcgaw-theatre,r
Rising Sun Arts Centre,Reading,https://www.ents24.com/reading-events/rising-sun-arts-centre,r
Rough Trade,Liverpool,https://www.ents24.com/liverpool-events/rough-trade,r
"Ragley Hall, Park and Gardens",Alcester,https://www.ents24.com/alcester-events/ragley-hall-park-and-gardens,r
Room 2,Glasgow,https://www.ents24.com/glasgow-events/room-2,r
Royal Cornwall Showground,Wadebridge,https://www.ents24.com/wadebridge-events/royal-cornwall-showground,r
Roundhouse,Staveley,https://www.ents24.com/staveley-events/roundhouse,r
Ruskin House,Croydon,https://www.ents24.com/croydon-events/ruskin-house,r
Regal Cinema,Redruth,https://www.ents24.com/redruth-events/regal-cinema,r
Robin Hill Adventure Park,Newport,https://www.ents24.com/newport-events/robin-hill-adventure-park,r
Ram Jam Club,Kingston Upon Thames,https://www.ents24.com/kingston-upon-thames-events/ram-jam-club,r
Royal Court Theatre,London,https://www.ents24.com/london-events/royal-court-theatre,r
Reconnect Regal Theatre,Bathgate,https://www.ents24.com/bathgate-events/reconnect-regal-theatre,r
Royal Botanic Garden Edinburgh,Edinburgh,https://www.ents24.com/edinburgh-events/royal-botanic-garden-edinburgh,r
Rook Lane Arts Centre,Frome,https://www.ents24.com/frome-events/rook-lane-arts-centre,r
Record Junkee,Sheffield,https://www.ents24.com/sheffield-events/record-junkee,r
Riverhouse Barn Arts Centre,Walton-on-Thames,https://www.ents24.com/walton-on-thames-events/riverhouse-barn-arts-centre,r
Rosie's,Birmingham,https://www.ents24.com/birmingham-events/rosies-and-the-comedy-loft,r
Railway Tavern,Bristol,https://www.ents24.com/bristol-events/railway-tavern,r
Regal Tenbury,Tenbury Wells,https://www.ents24.com/tenbury-wells-events/regal-tenbury,r
Roundhay Park,Leeds,https://www.ents24.com/leeds-events/roundhay-park,r
Reading Rep Theatre,Reading,https://www.ents24.com/reading-events/reading-rep-theatre,r
Rugeley Rose Theatre,Rugeley,https://www.ents24.com/rugeley-events/rugeley-rose-theatre,r
Rich Mix,London,https://www.ents24.com/london-events/rich-mix,r
Riverside Studios,London,https://www.ents24.com/london-events/riverside-studios,r
Royal British Legion Shirley,Solihull,https://www.ents24.com/solihull-events/royal-british-legion-shirley,r
Rouken Glen Park,Giffnock,https://www.ents24.com/giffnock-events/rouken-glen-park,r
Rushden Athletic Club,Rushden,https://www.ents24.com/rushden-events/rushden-athletic-club,r
Riverside Park,Dundee,https://www.ents24.com/dundee-events/riverside-park,r
Rochester Corn Exchange,Rochester,https://www.ents24.com/rochester-events/rochester-corn-exchange,r
Revolución de Cuba,Leeds,https://www.ents24.com/leeds-events/revolucion-de-cuba,r
Royal Navy Club,Sunderland,https://www.ents24.com/sunderland-events/royal-navy-club,r
Rectory Cottages Trust,Milton Keynes,https://www.ents24.com/milton-keynes-events/rectory-cottages-trust,r
Recreation Ground,Pitlochry,https://www.ents24.com/pitlochry-events/recreation-ground,r
Royal Welsh Showground,Builth Wells,https://www.ents24.com/builth-wells-events/royal-welsh-showground,r
Regent's Park,London,https://www.ents24.com/london-events/regents-park,r
Red Lion,Manningtree,https://www.ents24.com/manningtree-events/red-lion,r
Roper Theatre,Bath,https://www.ents24.com/bath-events/roper-theatre,r
Reading University (The Great Hall),Reading,https://www.ents24.com/reading-events/reading-university-the-great-hall,r
Ryan Centre Theatre,Stranraer,https://www.ents24.com/stranraer-events/ryan-centre-theatre,r
Renegade Brewery,Yattendon,https://www.ents24.com/yattendon-events/renegade-brewery,r
Rise @ Bluebird,York,https://www.ents24.com/york-events/rise-bluebird-1,r
Royal British Legion Club,Blandford Forum,https://www.ents24.com/blandford-forum-events/royal-british-legion-club,r
Reading Abbey Ruins,Reading,https://www.ents24.com/reading-events/reading-abbey-ruins,r
Rainham Oast House Community Centre,Rainham,https://www.ents24.com/rainham-events/rainham-oast-house-community-centre,r
Ramsbottom Cricket Club,Bury,https://www.ents24.com/bury-events/ramsbottom-cricket-club,r
Royal Victoria Park,Bath,https://www.ents24.com/bath-events/royal-victoria-park,r
Royal British Legion,Leighton Buzzard,https://www.ents24.com/leighton-buzzard-events/royal-british-legion,r
Room 12,Chichester,https://www.ents24.com/chichester-events/room-12,r
RUSS Club,Romford,https://www.ents24.com/romford-events/russ-club,r
Real Magic Books,Aylesbury,https://www.ents24.com/aylesbury-events/real-magic-books,r
Royal British Legion Club,Plymouth,https://www.ents24.com/plymouth-events/royal-british-legion-club,r
Royal British Legion,Hornchurch,https://www.ents24.com/hornchurch-events/royal-british-legion,r
Royal Geographical Society,London,https://www.ents24.com/london-events/royal-geographical-society,r
Revenge Club,Brighton,https://www.ents24.com/brighton-events/revenge-club,r
Royal British Legion,Dingwall,https://www.ents24.com/dingwall-events/royal-british-legion,r
Riverside Youth Project & Broadplain Boxing Club,Bristol,https://www.ents24.com/bristol-events/riverside-youth-project-and-broadplain-boxing-club,r
Railway Social Club,Grantham,https://www.ents24.com/grantham-events/railway-social-club,r
Royal Vauxhall Tavern,London,https://www.ents24.com/london-events/royal-vauxhall-tavern,r
Reel Cinema Chippenham,Chippenham,https://www.ents24.com/chippenham-events/reel-cinema-chippenham,r
Rapscallions Chichester,Chichester,https://www.ents24.com/chichester-events/rapscallions-chichester,r
Romilly Park,Barry,https://www.ents24.com/barry-events/romilly-park,r
Railway Hotel,Belper,https://www.ents24.com/belper-events/railway-hotel,r
Rutland County Museum,Oakham,https://www.ents24.com/oakham-events/rutland-county-museum,r
Red Dog Saloon,Liverpool,https://www.ents24.com/liverpool-events/red-dog-saloon,r
Royal Park Pub & Cellars,Leeds,https://www.ents24.com/leeds-events/royal-park-pub-and-cellars,r
Rudheath Social Club,Northwich,https://www.ents24.com/northwich-events/rudheath-social-club,r
Royal Birmingham Conservatoire,Birmingham,https://www.ents24.com/birmingham-events/royal-birmingham-conservatoire,r
Riverside,Midsomer Norton,https://www.ents24.com/midsomer-norton-events/riverside,r
Regis School of Music,Bognor Regis,https://www.ents24.com/bognor-regis-events/regis-school-of-music,r
Royton Cricket Club,Royton,https://www.ents24.com/royton-events/royton-cricket-club,r
Royal Oak - The Tiddly,Ellerdine,https://www.ents24.com/ellerdine-events/royal-oak-the-tiddly-1,r
RAF Deenethorpe,Northampton,https://www.ents24.com/northampton-events/raf-deenethorpe,r
Ringmer Village Hall,Lewes,https://www.ents24.com/lewes-events/ringmer-village-hall,r
Risby Village Hall,Bury St Edmunds,https://www.ents24.com/bury-st-edmunds-events/risby-village-hall,r
Royal Seven Stars Hotel,Totnes,https://www.ents24.com/totnes-events/royal-seven-stars-hotel,r
Roedean School,Brighton,https://www.ents24.com/brighton-events/roedean-school,r
Reading Minster,Reading,https://www.ents24.com/reading-events/reading-minster,r
Radisson Blu Hotel Euston Square,London,https://www.ents24.com/london-events/radisson-blu-hotel-euston-square,r
Robinswood Hill Social Club,Gloucester,https://www.ents24.com/gloucester-events/robinswood-hill-social-club,r
Retro Festival Newburry,Hermitage,https://www.ents24.com/hermitage-events/retro-festival-newburry,r
Royal Liverpool Golf Club,Hoylake,https://www.ents24.com/hoylake-events/royal-liverpool-golf-club,r
Ramada Cromwell Hotel,Stevenage,https://www.ents24.com/stevenage-events/ramada-cromwell-hotel,r
Ropley Recreation Ground,Alresford,https://www.ents24.com/alresford-events/ropley-recreation-ground,r
Royal Nawaab,London,https://www.ents24.com/london-events/royal-nawaab-1,r
Rothesay Joint Campus,Rothesay,https://www.ents24.com/rothesay-events/rothesay-joint-campus,r
River Mills Ballroom,Selby,https://www.ents24.com/selby-events/river-mills-ballroom,r
Roffey Social & Sports Club,Horsham,https://www.ents24.com/horsham-events/roffey-social-and-sports-club,r
Rosslyn Park FC,London,https://www.ents24.com/london-events/rosslyn-park-fc,r
Rose & Grants,Glasgow,https://www.ents24.com/glasgow-events/rose-and-grants,r
Roberton Village Hall,Roberton,https://www.ents24.com/roberton-events/roberton-village-hall,r
Roe Valley Arts Centre,Limavady,https://www.ents24.com/limavady-events/roe-valley-arts-centre,r
Rippingale Village Hall,Bourne,https://www.ents24.com/bourne-events/rippingale-village-hall,r
Royal British Legion,Clitheroe,https://www.ents24.com/clitheroe-events/royal-british-legion,r
Royal Nawaab Pyramid,Stockport,https://www.ents24.com/stockport-events/royal-nawaab-pyramid,r
Redruth Railway Club,Redruth,https://www.ents24.com/redruth-events/redruth-railway-club,r
Retro,Cardiff,https://www.ents24.com/cardiff-events/retro,r
Riverside East,London,https://www.ents24.com/london-events/riverside-east,r
Rodersham Squash and Fitness Club,Sittingbourne,https://www.ents24.com/sittingbourne-events/rodersham-squash-and-fitness-club,r
Restormel Arts,Saint Austell,https://www.ents24.com/saint-austell-events/restormel-arts,r
Regency Hall,Saundersfoot,https://www.ents24.com/saundersfoot-events/regency-hall,r
Roseberry Road Studios,Bath,https://www.ents24.com/bath-events/roseberry-road-studios,r
Ryshworth Club,Bingley,https://www.ents24.com/bingley-events/ryshworth-club,r
Rugby Baptist Church,Rugby,https://www.ents24.com/rugby-events/rugby-baptist-church,r
Rear Warehouse at Brown's of Leith,Edinburgh,https://www.ents24.com/edinburgh-events/rear-warehouse-at-browns-of-leith,r
Rode Memorial Hall,Frome,https://www.ents24.com/frome-events/rode-memorial-hall,r
Replika Festival,Walton-on-Trent,https://www.ents24.com/walton-on-trent-events/replika-festival,r
Ryarsh Village Hall,Ryarsh,https://www.ents24.com/ryarsh-events/ryarsh-village-hall,r
Rustic Stomp Festival Site,Lymington,https://www.ents24.com/lymington-events/rustic-stomp-festival-site,r
Ryton Masonic Hall,Ryton,https://www.ents24.com/ryton-events/ryton-masonic-hall,r
Sheffield City Hall and Memorial Hall,Sheffield,https://www.ents24.com/sheffield-events/sheffield-city-hall,s
Symphony Hall,Birmingham,https://www.ents24.com/birmingham-events/symphony-hall,s
SWG3,Glasgow,https://www.ents24.com/glasgow-events/swg3,s
Scarborough Spa,Scarborough,https://www.ents24.com/scarborough-events/scarborough-spa,s
Scarborough Open Air Theatre,Scarborough,https://www.ents24.com/scarborough-events/scarborough-open-air-theatre,s
Sunderland Empire,Sunderland,https://www.ents24.com/sunderland-events/sunderland-empire,s
Saint Luke's,Glasgow,https://www.ents24.com/glasgow-events/saint-lukes,s
St George's Hall,Bradford,https://www.ents24.com/bradford-events/st-georges-hall-1,s
Swansea Grand Theatre and Arts Wing,Swansea,https://www.ents24.com/swansea-events/swansea-grand-theatre-and-arts-wing,s
St George's Bristol,Bristol,https://www.ents24.com/bristol-events/st-georges-bristol,s
Scala,London,https://www.ents24.com/london-events/scala,s
"SSE Arena, Belfast",Belfast,https://www.ents24.com/belfast-events/sse-arena-belfast,s
Soul Mama Islington,London,https://www.ents24.com/london-events/soul-mama-islington,s
Spa Pavilion Theatre,Felixstowe,https://www.ents24.com/felixstowe-events/spa-pavilion-theatre,s
Swansea Building Society Arena,Swansea,https://www.ents24.com/swansea-events/swansea-building-society-arena,s
Stockton Globe,Stockton-on-Tees,https://www.ents24.com/stockton-on-tees-events/stockton-globe,s
Social,Hull,https://www.ents24.com/hull-events/social,s
Stereo,Glasgow,https://www.ents24.com/glasgow-events/stereo,s
Salisbury City Hall,Salisbury,https://www.ents24.com/salisbury-events/salisbury-city-hall,s
Scottish Gas Murrayfield Stadium,Edinburgh,https://www.ents24.com/edinburgh-events/scottish-gas-murrayfield-stadium,s
Storyhouse,Chester,https://www.ents24.com/chester-events/storyhouse,s
Subscription Rooms,Stroud,https://www.ents24.com/stroud-events/subscription-rooms,s
St George's Hall,Liverpool,https://www.ents24.com/liverpool-events/st-georges-hall,s
Sneaky Pete's,Edinburgh,https://www.ents24.com/edinburgh-events/sneaky-petes,s
Stamford Corn Exchange,Stamford,https://www.ents24.com/stamford-events/stamford-corn-exchange,s
Singleton Park,Swansea,https://www.ents24.com/swansea-events/singleton-park,s
St Mary's Chambers,Rossendale,https://www.ents24.com/rossendale-events/st-marys-chambers,s
Strange Brew,Bristol,https://www.ents24.com/bristol-events/strange-brew,s
Sub89 & Popworld,Reading,https://www.ents24.com/reading-events/sub89-and-popworld,s
St. Mary-Le-Strand Church,London,https://www.ents24.com/london-events/st-mary-le-strand-church,s
Sherman Theatre,Cardiff,https://www.ents24.com/cardiff-events/sherman-theatre,s
St Helens Theatre Royal,St Helens,https://www.ents24.com/st-helens-events/st-helens-theatre-royal,s
St Pancras Old Church,London,https://www.ents24.com/london-events/st-pancras-old-church,s
Somerset House,London,https://www.ents24.com/london-events/somerset-house,s
St Martin In The Fields,London,https://www.ents24.com/london-events/st-martin-in-the-fields,s
SOUP,Manchester,https://www.ents24.com/manchester-events/soup,s
Southbank Centre,London,https://www.ents24.com/london-events/southbank-centre,s
Sin City,Swansea,https://www.ents24.com/swansea-events/sin-city,s
St George's Church,Brighton,https://www.ents24.com/brighton-events/st-georges-church,s
South Hill Park Arts Centre & Wilde Theatre,Bracknell,https://www.ents24.com/bracknell-events/south-hill-park-arts-centre-and-wilde-theatre,s
"Strings Bar & Venue, Newport",Isle of Wight,https://www.ents24.com/newport-isle-of-wight-events/strings-bar-and-venue,s
Slessor Gardens,Dundee,https://www.ents24.com/dundee-events/slessor-gardens,s
Soho Theatre Walthamstow,London,https://www.ents24.com/london-events/soho-theatre-walthamstow,s
Slay,Glasgow,https://www.ents24.com/glasgow-events/slay,s
Sunflower Lounge,Birmingham,https://www.ents24.com/birmingham-events/sunflower-lounge,s
St Peter's Church,Poole,https://www.ents24.com/poole-events/st-peters-church,s
Swindon Arts Centre,Swindon,https://www.ents24.com/swindon-events/swindon-arts-centre,s
Star & Garter,Manchester,https://www.ents24.com/manchester-events/star-and-garter,s
Southwell Racecourse,Nottingham,https://www.ents24.com/nottingham-events/southwell-racecourse,s
St Giles' Cathedral,Edinburgh,https://www.ents24.com/edinburgh-events/st-giles-cathedral,s
Stourbridge Town Hall,Stourbridge,https://www.ents24.com/stourbridge-events/stourbridge-town-hall,s
Signature Brew Taproom & Venue Haggerston,London,https://www.ents24.com/london-events/signature-brew-taproom-and-venue-haggerston,s
Sandown Park Racecourse,Esher,https://www.ents24.com/esher-events/sandown-park-racecourse,s
South Street Arts Centre,Reading,https://www.ents24.com/reading-events/south-street-arts-centre,s
Shacklewell Arms,London,https://www.ents24.com/london-events/shacklewell-arms,s
Salisbury Playhouse,Salisbury,https://www.ents24.com/salisbury-events/wiltshire-creative,s
Sandringham House,King's Lynn,https://www.ents24.com/kings-lynn-events/sandringham-house,s
Stephen Joseph Theatre & McCarthy Cinema,Scarborough,https://www.ents24.com/scarborough-events/stephen-joseph-theatre-and-mccarthy-cinema,s
Soho Theatre,London,https://www.ents24.com/london-events/soho-theatre,s
Shakespeare's Globe Theatre,London,https://www.ents24.com/london-events/shakespeares-globe-theatre,s
St Peter's by the Waterfront,Ipswich,https://www.ents24.com/ipswich-events/st-peters-by-the-waterfront-1,s
Summerhall,Edinburgh,https://www.ents24.com/edinburgh-events/summerhall,s
Salisbury Arts Centre,Salisbury,https://www.ents24.com/salisbury-events/salisbury-arts-centre,s
Selby Town Hall,Selby,https://www.ents24.com/selby-events/selby-town-hall,s
Soul Mama Stratford,London,https://www.ents24.com/london-events/soul-mama-stratford,s
Santa Pod Raceway,Wellingborough,https://www.ents24.com/wellingborough-events/santa-pod-raceway,s
Shanklin Theatre,Shanklin,https://www.ents24.com/shanklin-events/shanklin-theatre,s
"Signature Brew, Blackhorse Road",London,https://www.ents24.com/london-events/signature-brew-blackhorse-road,s
St Mary's Creative Space,Chester,https://www.ents24.com/chester-events/st-marys-creative-space,s
Savoy Theatre & Cinema,Monmouth,https://www.ents24.com/monmouth-events/savoy-theatre-and-cinema,s
Sadler's Wells Theatre,London,https://www.ents24.com/london-events/sadlers-wells-theatre,s
St Andrews And Blackfriars Halls,Norwich,https://www.ents24.com/norwich-events/st-andrews-and-blackfriars-halls,s
SouthSide,Lincoln,https://www.ents24.com/lincoln-events/southside,s
Satans Hollow,Manchester,https://www.ents24.com/manchester-events/satans-hollow,s
Sidney & Matilda,Sheffield,https://www.ents24.com/sheffield-events/sidney-and-matilda,s
St. Mary's Episcopal Cathedral,Edinburgh,https://www.ents24.com/edinburgh-events/st-marys-cathedral,s
St Pauls Church,Birmingham,https://www.ents24.com/birmingham-events/st-pauls-church-1,s
Sebright Arms,London,https://www.ents24.com/london-events/sebright-arms,s
Stoke Rep Theatre,Stoke-on-Trent,https://www.ents24.com/stoke-on-trent-events/stoke-rep-theatre,s
Square Tower,Portsmouth,https://www.ents24.com/portsmouth-events/square-tower,s
Seven Arts Leeds,Leeds,https://www.ents24.com/leeds-events/seven-arts-leeds,s
Sutton Coldfield Town Hall,Sutton Coldfield,https://www.ents24.com/sutton-coldfield-events/sutton-coldfield-town-hall,s
South Mill Arts,Bishop's Stortford,https://www.ents24.com/bishops-stortford-events/south-mill-arts,s
Sheffield Cathedral,Sheffield,https://www.ents24.com/sheffield-events/sheffield-cathedral,s
Settle Victoria Hall,Settle,https://www.ents24.com/settle-events/settle-victoria-hall,s
St George's Theatre,Great Yarmouth,https://www.ents24.com/great-yarmouth-events/st-georges-theatre,s
Stadium MK,Milton Keynes,https://www.ents24.com/milton-keynes-events/stadium-mk-1,s
Suffolk Showground (Trinity Park),Ipswich,https://www.ents24.com/ipswich-events/suffolk-showground-trinity-park,s
Storey's Field Centre,Cambridge,https://www.ents24.com/cambridge-events/storeys-field-centre,s
Strathpeffer Pavilion,Strathpeffer,https://www.ents24.com/strathpeffer-events/strathpeffer-pavilion,s
Southwark Cathedral,London,https://www.ents24.com/london-events/southwark-cathedral,s
Stourport Civic Centre,Stourport-on-Severn,https://www.ents24.com/stourport-on-severn-events/stourport-civic-centre,s
SaltBox,Nottingham,https://www.ents24.com/nottingham-events/saltbox-1,s
Saltdean Lido,Saltdean,https://www.ents24.com/saltdean-events/saltdean-lido,s
South Holland Centre,Spalding,https://www.ents24.com/spalding-events/south-holland-centre,s
Servant Jazz Quarters,London,https://www.ents24.com/london-events/servant-jazz-quarters,s
Strongroom Bar & Kitchen,London,https://www.ents24.com/london-events/strongroom-bar-and-kitchen,s
Skipton Town Hall,Skipton,https://www.ents24.com/skipton-events/skipton-town-hall,s
Stantonbury Theatre,Milton Keynes,https://www.ents24.com/milton-keynes-events/stantonbury-theatre,s
Stoke Park,Guildford,https://www.ents24.com/guildford-events/stoke-park,s
Scruffy Murphys,Birmingham,https://www.ents24.com/birmingham-events/scruffy-murphys,s
Santiago Bar,Leeds,https://www.ents24.com/leeds-events/santiago-bar,s
Sheldonian Theatre,Oxford,https://www.ents24.com/oxford-events/sheldonian-theatre,s
Savoy Theatre,London,https://www.ents24.com/london-events/savoy-theatre,s
Shrewsbury Showground,Shrewsbury,https://www.ents24.com/shrewsbury-events/shrewsbury-showground,s
Stramash,Edinburgh,https://www.ents24.com/edinburgh-events/stramash,s
Sunderland Live,Sunderland,https://www.ents24.com/sunderland-events/sunderland-live,s
Saltburn Community Theatre,Saltburn,https://www.ents24.com/saltburn-events/saltburn-community-theatre,s
SSE SWALEC Stadium,Cardiff,https://www.ents24.com/cardiff-events/sse-swalec-stadium,s
Shaftesbury Theatre,London,https://www.ents24.com/london-events/shaftesbury-theatre,s
Sefton Park,Liverpool,https://www.ents24.com/liverpool-events/sefton-park,s
St Martins Theatre,London,https://www.ents24.com/london-events/st-martins-theatre,s
Studio Se7en,Witney,https://www.ents24.com/witney-events/studio-se7en,s
St Mary's Arts Centre,Sandwich,https://www.ents24.com/sandwich-events/st-marys-arts-centre,s
St James' Wine Vaults,Bath,https://www.ents24.com/bath-events/st-james-wine-vaults,s
Shakespeares,Sheffield,https://www.ents24.com/sheffield-events/shakespeares,s
Star Of Kings,London,https://www.ents24.com/london-events/star-of-kings,s
Southport Bijou Cinema,Southport,https://www.ents24.com/southport-events/southport-bijou-cinema,s
St Machar's Cathedral,Aberdeen,https://www.ents24.com/aberdeen-events/st-machars-cathedral,s
St. Austell Arts Theatre,St. Austell,https://www.ents24.com/st-austell-events/st-austell-arts-theatre,s
St Matthias Church,London,https://www.ents24.com/london-events/st-matthias-church,s
South Durham WMC aka Hartlepool Steelies,Hartlepool,https://www.ents24.com/hartlepool-events/south-durham-wmc-aka-hartlepool-steelies,s
St George's Church,Leeds,https://www.ents24.com/leeds-events/st-georges-church,s
St Andrew's Church,Hove,https://www.ents24.com/hove-events/st-andrews-church,s
St Giles Cripplegate Church,London,https://www.ents24.com/london-events/st-giles-cripplegate-church,s
Sidmouth Manor Pavilion,Sidmouth,https://www.ents24.com/sidmouth-events/sidmouth-manor-pavilion,s
St Nicholas' Park,Warwick,https://www.ents24.com/warwick-events/st-nicholas-park,s
South Parade Pier,Southsea,https://www.ents24.com/southsea-events/south-parade-pier,s
Salisbury Cathedral,Salisbury,https://www.ents24.com/salisbury-events/salisbury-cathedral,s
Spinnaker Tower,Portsmouth,https://www.ents24.com/portsmouth-events/spinnaker-tower,s
Sub Club,Glasgow,https://www.ents24.com/glasgow-events/sub-club,s
Strode Theatre,Street,https://www.ents24.com/street-events/strode-theatre,s
Saffron Hall,Saffron Walden,https://www.ents24.com/saffron-walden-events/saffron-hall,s
Seckford Theatre,Woodbridge,https://www.ents24.com/woodbridge-events/seckford-theatre,s
St Ives Theatre,St Ives,https://www.ents24.com/st-ives-events/st-ives-theatre,s
Studio Theatre,Edinburgh,https://www.ents24.com/edinburgh-events/studio-theatre,s
St John On Bethnal Green,London,https://www.ents24.com/london-events/st-john-on-bethnal-green,s
Suburbia,Southampton,https://www.ents24.com/southampton-events/suburbia,s
Science Museum,London,https://www.ents24.com/london-events/science-museum,s
Sophia Gardens,Cardiff,https://www.ents24.com/cardiff-events/sophia-gardens-1,s
St Mary's Church,Winchester,https://www.ents24.com/winchester-events/st-marys-church,s
Spiders Web,Grimsby,https://www.ents24.com/grimsby-events/spiders-web,s
Shrewsbury Abbey,Shrewsbury,https://www.ents24.com/shrewsbury-events/shrewsbury-abbey,s
St. Peter's Church,Bournemouth,https://www.ents24.com/bournemouth-events/st-peters-church-1,s
St James's Church Piccadilly,London,https://www.ents24.com/london-events/st-jamess-church-pickers,s
Springfields Events Centre,Spalding,https://www.ents24.com/spalding-events/springfields-events-centre,s
Sedgefield Racecourse,Sedgefield,https://www.ents24.com/sedgefield-events/sedgefield-racecourse,s
Southwark Playhouse Borough,London,https://www.ents24.com/london-events/southwark-playhouse-borough,s
Sondheim Theatre,London,https://www.ents24.com/london-events/sondheim-theatre,s
St Paul's Hall at University of Huddersfield,Huddersfield,https://www.ents24.com/huddersfield-events/st-pauls-hall-at-university-of-huddersfield,s
St Mary Magdalene Church,Cobham,https://www.ents24.com/cobham-events/st-mary-magdalene-church,s
Spring Bank Arts Centre,High Peak,https://www.ents24.com/high-peak-events/spring-bank-arts-centre,s
St Nicholas Church Beverley,Hull,https://www.ents24.com/hull-events/st-nicholas-church-beverley,s
"St Michael-in-the-Hamlet Church, Liverpool",Liverpool,https://www.ents24.com/liverpool-events/st-michael-in-the-hamlet-church-liverpool,s
St Mary's Heritage Centre,Gateshead,https://www.ents24.com/gateshead-events/st-marys-heritage-centre,s
St Mary Redcliffe Church,Bristol,https://www.ents24.com/bristol-events/st-mary-redcliffe-church,s
Southwold Arts Centre,Southwold,https://www.ents24.com/southwold-events/southwold-arts-centre,s
Stoke by Nayland Hotel & Golf Club,Stoke By Nayland,https://www.ents24.com/stoke-by-nayland-events/stoke-by-nayland-hotel-and-golf-club,s
Sue Townsend Theatre,Leicester,https://www.ents24.com/leicester-events/sue-townsend-theatre,s
St Saviour's Community Hall,Retford,https://www.ents24.com/retford-events/st-saviours-community-hall,s
"St. Peters Church Hall, Netherton",Netherton,https://www.ents24.com/netherton-events/st-peters-church-hall-netherton-1,s
Steam & Whistle,Cheltenham,https://www.ents24.com/cheltenham-events/steam-and-whistle,s
Selby Abbey,Selby,https://www.ents24.com/selby-events/selby-abbey,s
Sterts Theatre & Arts Centre,Liskeard,https://www.ents24.com/liskeard-events/sterts-theatre-and-arts-centre,s
St Myllin's Church,Llanfyllin,https://www.ents24.com/llanfyllin-events/st-myllins-church,s
St Barnabas Church,Oxford,https://www.ents24.com/oxford-events/st-barnabas-church,s
Stage City,Preston,https://www.ents24.com/preston-events/stage-city,s
Seaton Delaval Arts Centre,Whitley Bay,https://www.ents24.com/whitley-bay-events/seaton-delaval-arts-centre,s
South Park,Oxford,https://www.ents24.com/oxford-events/south-park,s
Station Theatre,Hayling Island,https://www.ents24.com/hayling-island-events/station-theatre,s
St Helen's Church,Abingdon,https://www.ents24.com/abingdon-events/st-helens-church,s
Sudbury Arts Centre,Sudbury,https://www.ents24.com/sudbury-events/sudbury-arts-centre,s
Searles,Hunstanton,https://www.ents24.com/hunstanton-events/searles,s
Skipton Sound Bar,Skipton,https://www.ents24.com/skipton-events/skipton-sound-bar,s
Silverstone Circuit,Northampton,https://www.ents24.com/northampton-events/silverstone-circuit,s
Sedgefield Parish Hall,Sedgefield,https://www.ents24.com/sedgefield-events/sedgefield-parish-hall,s
St. Lawrence's Church,Biddulph,https://www.ents24.com/biddulph-events/st-lawrences-church,s
Savoy Hotel,Blackpool,https://www.ents24.com/blackpool-events/savoy-hotel,s
St Mary's Church,Nottingham,https://www.ents24.com/nottingham-events/st-marys-church-notts,s
Swansea Minster,Swansea,https://www.ents24.com/swansea-events/swansea-minster,s
St John's Smith Square,London,https://www.ents24.com/london-events/st-johns-smith-square,s
Sadler's Wells East,London,https://www.ents24.com/london-events/sadlers-wells-east,s
Smile Bar & Venue,Huddersfield,https://www.ents24.com/huddersfield-events/smile-bar-and-venue,s
St Ann's Church,Manchester,https://www.ents24.com/manchester-events/st-anns-church,s
St Mary's Church,Reading,https://www.ents24.com/reading-events/st-marys-church-3,s
Scarisbrick Hall Oak Theatre,Ormskirk,https://www.ents24.com/ormskirk-events/scarisbrick-hall-oak-theatre,s
St Andrews Church,Plymouth,https://www.ents24.com/plymouth-events/st-andrews-church,s
Stansted Mountfitchet Social Club,Stansted,https://www.ents24.com/stansted-events/stansted-mountfitchet-social-club,s
St Johns Church,London,https://www.ents24.com/london-events/st-johns-church,s
Salt Market Social,North Shields,https://www.ents24.com/north-shields-events/salt-market-social,s
St Mary's Church,Dundee,https://www.ents24.com/dundee-events/st-marys-church,s
Star by Liverpool Street,London,https://www.ents24.com/london-events/star-by-liverpool-street,s
Stoke Park Country Club,Stoke Poges,https://www.ents24.com/stoke-poges-events/stoke-park-country-club,s
Shakespeare North Playhouse,Prescot,https://www.ents24.com/prescot-events/shakespeare-north-playhouse,s
St Chad's Church,Shrewsbury,https://www.ents24.com/shrewsbury-events/st-chads-church,s
Soho Place,London,https://www.ents24.com/london-events/soho-place,s
St Andrews Church,Lyddington,https://www.ents24.com/lyddington-events/st-andrews-church,s
Stowe House,Buckingham,https://www.ents24.com/buckingham-events/stowe-house,s
Stanmer House & Park,Brighton,https://www.ents24.com/brighton-events/stanmer-house-and-park,s
Salt and Tar,Bootle,https://www.ents24.com/bootle-events/salt-and-tar,s
St Mark's Church,Southend-on-Sea,https://www.ents24.com/southend-on-sea-events/st-marks-church,s
Sun Inn,Llangollen,https://www.ents24.com/llangollen-events/sun-inn,s
Sunderland Minster,Sunderland,https://www.ents24.com/sunderland-events/sunderland-minster,s
St Michael's Church,Linlithgow,https://www.ents24.com/linlithgow-events/st-michaels-church,s
St. Mary's Church Shrewsbury,Shrewsbury,https://www.ents24.com/shrewsbury-events/st-marys-church-shrewsbury-1,s
St Nicholas Chapel,King's Lynn,https://www.ents24.com/kings-lynn-events/st-nicholas-chapel,s
St Marys Social Club,Cannock,https://www.ents24.com/cannock-events/st-marys-social-club,s
Stanley Arts,London,https://www.ents24.com/london-events/stanley-arts,s
Suki10c,Birmingham,https://www.ents24.com/birmingham-events/suki10c,s
Sherborne Abbey,Sherborne,https://www.ents24.com/sherborne-events/sherborne-abbey,s
Stanford Hall,Leicester,https://www.ents24.com/leicester-events/stanford-hall,s
Sheppey Little Theatre,Sheerness,https://www.ents24.com/sheerness-events/sheppey-little-theatre,s
Severn's Club,Stourport-on-Severn,https://www.ents24.com/stourport-on-severn-events/severns-club,s
Sheffield Plate,Sheffield,https://www.ents24.com/sheffield-events/sheffield-plate,s
Sinden Theatre,Tenterden,https://www.ents24.com/tenterden-events/sinden-theatre,s
St. Andrew's Church,Preston,https://www.ents24.com/preston-events/st-andrews-church,s
SEA LIFE London Aquarium,London,https://www.ents24.com/london-events/sea-life-london-aquarium,s
St. James' Church & Parish Hall,Emsworth,https://www.ents24.com/emsworth-events/st-james-church-and-parish-hall,s
St Georges Hall,Bewdley,https://www.ents24.com/bewdley-events/st-georges-hall,s
Southwark Playhouse Elephant,London,https://www.ents24.com/london-events/southwark-playhouse-elephant,s
Sound Knowledge,Marlborough,https://www.ents24.com/marlborough-events/sound-knowledge,s
St Paul's Church,Chichester,https://www.ents24.com/chichester-events/st-pauls-church,s
Seaford Head Golf Club,Seaford,https://www.ents24.com/seaford-events/seaford-head-golf-club,s
St Peter's Church,Belper,https://www.ents24.com/belper-events/st-peters-church,s
St James Concert & Assembly Hall,St Peter Port,https://www.ents24.com/st-peter-port-events/st-james-concert-and-assembly-hall,s
Stockwood Park,Luton,https://www.ents24.com/luton-events/stockwood-park,s
Saith Seren,Wrexham,https://www.ents24.com/wrexham-events/saith-seren,s
Staveley Pavilion,Staveley,https://www.ents24.com/staveley-events/staveley-pavilion,s
Southampton City Art Gallery,Southampton,https://www.ents24.com/southampton-events/southampton-city-art-gallery,s
Saint Stephen's Church,London,https://www.ents24.com/london-events/saint-stephens-church,s
St Michael & St Mary's Church,Melbourne,https://www.ents24.com/melbourne-events/st-michael-and-st-marys-church,s
St Nicolas Church,Newbury,https://www.ents24.com/newbury-events/st-nicolas-church,s
St Mary's Church,Hinckley,https://www.ents24.com/hinckley-events/st-marys-church,s
Seagoe Hotel,Portadown,https://www.ents24.com/portadown-events/seagoe-hotel,s
Stoke Minster,Stoke-on-Trent,https://www.ents24.com/stoke-on-trent-events/stoke-minster-1,s
St. Mary's Parish Church Prittlewell,Southend-on-Sea,https://www.ents24.com/southend-on-sea-events/st-marys-parish-church-prittlewell,s
St Giles Church,Wrexham,https://www.ents24.com/wrexham-events/st-giles-church,s
Sir Harold Hillier Gardens,Romsey,https://www.ents24.com/romsey-events/sir-harold-hillier-gardens,s
South East Dance,Brighton,https://www.ents24.com/brighton-events/south-east-dance-1,s
Shrewsbury House Community Centre,London,https://www.ents24.com/london-events/shrewsbury-house-community-centre,s
Soper Hall,Caterham,https://www.ents24.com/caterham-events/soper-hall,s
Studio24,Wells,https://www.ents24.com/wells-events/studio24,s
Southbound Cafe-Bar,Leamington Spa,https://www.ents24.com/leamington-spa-events/southbound-cafe-bar,s
St. Bartholomew's Church Hall,Coventry,https://www.ents24.com/coventry-events/st-bartholomews-church-hall,s
Scale,Liverpool,https://www.ents24.com/liverpool-events/scale,s
Shinfield Cinema,Reading,https://www.ents24.com/reading-events/shinfield-cinema,s
Shoreham Centre,Shoreham-by-Sea,https://www.ents24.com/shoreham-by-sea-events/shoreham-centre,s
South Second Street,Milton Keynes,https://www.ents24.com/milton-keynes-events/south-second-street,s
St Georges Church,Worksop,https://www.ents24.com/worksop-events/st-georges-church,s
Scotney Castle,Tunbridge Wells,https://www.ents24.com/tunbridge-wells-events/scotney-castle,s
St Mary's Church,Nantwich,https://www.ents24.com/nantwich-events/st-marys-church,s
Sekforde Arms,London,https://www.ents24.com/london-events/sekforde-arms,s
Speedway,Folkestone,https://www.ents24.com/folkestone-events/speedway,s
Steel Brew,Plymouth,https://www.ents24.com/plymouth-events/steel-brew,s
St Alphege Parish Church,Solihull,https://www.ents24.com/solihull-events/st-alphege-parish-church,s
St Mary’s Church,Hitchin,https://www.ents24.com/hitchin-events/st-marys-church-2,s
Staggeringly Good Brewery,Portsmouth,https://www.ents24.com/portsmouth-events/staggeringly-good-brewery,s
Saltgrass,Sunderland,https://www.ents24.com/sunderland-events/saltgrass,s
St. Peter Mancroft Church,Norwich,https://www.ents24.com/norwich-events/st-peter-mancroft-church,s
Sledmere House,Driffield,https://www.ents24.com/driffield-events/sledmere-house,s
Standard Triumph Club,Coventry,https://www.ents24.com/coventry-events/standard-triumph-club,s
St Giles Church,London,https://www.ents24.com/london-events/st-giles-church,s
Southwick Community Centre (The Barn Theatre),Southwick,https://www.ents24.com/southwick-events/southwick-community-centre-the-barn-theatre,s
St Paul's Church,Winchester,https://www.ents24.com/winchester-events/st-pauls-church,s
Southport Indoor Market,Southport,https://www.ents24.com/southport-events/southport-indoor-market,s
Sunbird Records,Darwen,https://www.ents24.com/darwen-events/sunbird-records,s
St Mary's Church,Brighton,https://www.ents24.com/brighton-events/st-marys-church,s
St Botolph's Church,Boston,https://www.ents24.com/boston-events/st-botolphs-church,s
St Stephen Community Centre Social Club,St Austell,https://www.ents24.com/st-austell-events/st-stephen-community-centre-social-club,s
Stoke Prior Country Club,Bromsgrove,https://www.ents24.com/bromsgrove-events/stoke-prior-country-club,s
Sandbanks Beach,Poole,https://www.ents24.com/poole-events/sandbanks-beach,s
Seven Dials Club,London,https://www.ents24.com/london-events/seven-dials-club,s
Sneinton Market Square,Nottingham,https://www.ents24.com/nottingham-events/sneinton-market-square,s
Saint Alkmund's Church,Duffield,https://www.ents24.com/duffield-events/saint-alkmunds-church,s
St Patrick's Irish Club,Leamington Spa,https://www.ents24.com/leamington-spa-events/st-patricks-irish-club-1,s
Strule Arts Centre,Omagh,https://www.ents24.com/omagh-events/strule-arts-centre,s
Scholey Park,Coningsby,https://www.ents24.com/coningsby-events/scholey-park,s
Saint Mary The Virgin,Cottingham,https://www.ents24.com/cottingham-events/saint-mary-the-virgin,s
Southover Grange Gardens,Lewes,https://www.ents24.com/lewes-events/southover-grange-gardens,s
St Paul's Centre,Cambridge,https://www.ents24.com/cambridge-events/st-pauls-centre,s
St Andrew's Holborn,London,https://www.ents24.com/london-events/st-andrews-holborn,s
St Saviours Church,Eastbourne,https://www.ents24.com/eastbourne-events/st-saviours-church,s
Sugar Club,Dublin,https://www.ents24.com/dublin-events/sugar-club,s
St Andrew's Church,Corbridge,https://www.ents24.com/corbridge-events/st-andrews-church,s
SX Bar and Venue (Essex Arms Brentwood),Brentwood,https://www.ents24.com/brentwood-events/sx-bar-and-venue-essex-arms-brentwood,s
Snafu,Rotherham,https://www.ents24.com/rotherham-events/snafu,s
Southwell Minster,Nottingham,https://www.ents24.com/nottingham-events/southwell-minster,s
Staveley Village Hall,Staveley in Westmoreland,https://www.ents24.com/staveley-in-westmoreland-events/staveley-village-hall,s
Soho Social,Barnsley,https://www.ents24.com/barnsley-events/soho-social,s
Sewards Hall Farm,Great Dunmow,https://www.ents24.com/great-dunmow-events/sewards-hall-farm,s
Seamus Heaney Homeplace,Magherafelt,https://www.ents24.com/magherafelt-events/seamus-heaney-homeplace,s
Studley Castle Hotel,Stratford-upon-Avon,https://www.ents24.com/stratford-upon-avon-events/studley-castle-hotel,s
St Saviour's Church,Retford,https://www.ents24.com/retford-events/st-saviours-church,s
St Peter & St Paul,Swaffham,https://www.ents24.com/swaffham-events/st-peter-and-st-paul,s
St. Gregory's Church,Cheltenham,https://www.ents24.com/cheltenham-events/st-gregorys-church-1,s
Ship & Mitre,Liverpool,https://www.ents24.com/liverpool-events/ship-and-mitre,s
Secret Location,Great Easton,https://www.ents24.com/great-easton-events/secret-location,s
Saltburn Community Centre,Saltburn-by-the-Sea,https://www.ents24.com/saltburn-by-the-sea-events/saltburn-community-centre,s
St Gabriel's Church,London,https://www.ents24.com/london-events/st-gabriels-church,s
Sheffield and District African Caribbean Community Association,Sheffield,https://www.ents24.com/sheffield-events/sheffield-and-district-african-caribbean-community-association,s
St James' Paddington,London,https://www.ents24.com/london-events/st-james-paddington,s
St George's Church Hanover Square,London,https://www.ents24.com/london-events/st-georges-church-hanover-square,s
St. Gregory's Parish Church,Sturminster Newton,https://www.ents24.com/sturminster-newton-events/st-gregorys-parish-church,s
St. Marys Church Garthorpe,Garthorpe North Lincolnshire,https://www.ents24.com/garthorpe-north-lincolnshire-events/st-marys-church-garthorpe,s
St Dunstans Church,Cranbrook,https://www.ents24.com/cranbrook-events/st-dunstans-church,s
St Pancras Church,Newton Abbot,https://www.ents24.com/newton-abbot-events/st-pancras-church,s
St Jude's Church,Southsea,https://www.ents24.com/southsea-events/st-judes-church,s
St John the Evangelist,Kingston-upon-Thames,https://www.ents24.com/kingston-upon-thames-events/st-john-the-evangelist,s
"St Peter Church, Hereford",Hereford,https://www.ents24.com/hereford-events/st-peter-church-hereford,s
St Mary & St Gabriel Church,Petersfield,https://www.ents24.com/petersfield-events/st-mary-and-st-gabriel-church,s
SoBar,Southampton,https://www.ents24.com/southampton-events/sobar,s
Swan Hotel,Newport,https://www.ents24.com/newport-events/swan-hotel,s
Saturnalia Records,Faversham,https://www.ents24.com/faversham-events/saturnalia-records,s
Saddle Goose,Frome,https://www.ents24.com/frome-events/saddle-goose,s
Southern Maltings,Ware,https://www.ents24.com/ware-events/southern-maltings,s
Stone Nest,London,https://www.ents24.com/london-events/stone-nest,s
Stainsby Festival,Chesterfield,https://www.ents24.com/chesterfield-events/stainsby-festival,s
St Leonard's Church,Bridgnorth,https://www.ents24.com/bridgnorth-events/st-leonards-church,s
St Mary's Priory Church,Chepstow,https://www.ents24.com/chepstow-events/st-marys-priory-church,s
Saint Laurence's Church,Reading,https://www.ents24.com/reading-events/saint-laurences-church,s
St Swithin's Church,Bath,https://www.ents24.com/bath-events/st-swithins-church,s
Steyning Centre,Steyning,https://www.ents24.com/steyning-events/steyning-centre,s
Sinah Warren Holiday Village,Hayling Island,https://www.ents24.com/hayling-island-events/sinah-warren-holiday-village,s
Stirling Folk Club @ Stirling County Rugby Club,Stirling,https://www.ents24.com/stirling-events/stirling-folk-club-stirling-county-rugby-club,s
Shorefield Country Park,Milford On Sea,https://www.ents24.com/milford-on-sea-events/shorefield-country-park,s
Stage & Radio,Manchester,https://www.ents24.com/manchester-events/stage-and-radio,s
Summerhill Bowling Club,Newcastle Upon Tyne,https://www.ents24.com/newcastle-upon-tyne-events/summerhill-bowling-club,s
Shepherd's Bush Pavilion,London,https://www.ents24.com/london-events/shepherds-bush-pavilion,s
St Andrew's Church,Ashburton,https://www.ents24.com/ashburton-events/st-andrews-church,s
Shalford Park,Guildford,https://www.ents24.com/guildford-events/shalford-park,s
StoneX Stadium,London,https://www.ents24.com/london-events/stonex-stadium,s
Shrek's Adventure,London,https://www.ents24.com/london-events/shreks-adventure,s
Station Pub & Grill,Lytham St Annes,https://www.ents24.com/lytham-st-annes-events/station-pub-and-grill,s
Stephen Joseph Theatre,Scarborough,https://www.ents24.com/scarborough-events/stephen-joseph-theatre,s
St Giles Parish Church,Wrexham,https://www.ents24.com/wrexham-events/st-giles-parish-church,s
Slepe Hall Hotel,St Ives,https://www.ents24.com/st-ives-events/slepe-hall-hotel,s
Shireoaks Miners Welfare & Sports Club,Worksop,https://www.ents24.com/worksop-events/shireoaks-miners-welfare-and-sports-club,s
Slaithwaite Civic Hall,Huddersfield,https://www.ents24.com/huddersfield-events/slaithwaite-civic-hall,s
St John sub Castro Church,Lewes,https://www.ents24.com/lewes-events/st-john-sub-castro-church,s
Southend Naval and Military Club,Southend,https://www.ents24.com/southend-events/southend-naval-and-military-club,s
Stonham Barns Car Boot Sale,Stonham Aspal,https://www.ents24.com/stonham-aspal-events/stonham-barns-car-boot-sale,s
St Mary de Crypt Church,Gloucester,https://www.ents24.com/gloucester-events/st-mary-de-crypt-church,s
Sarn & Bryncwils Social Club,Bridgend,https://www.ents24.com/bridgend-events/sarn-and-bryncwils-social-club,s
St Ives Jazz Club,St Ives,https://www.ents24.com/st-ives-events/st-ives-jazz-club,s
Sherbrooke Scout Camp,Calverton,https://www.ents24.com/calverton-events/sherbrooke-scout-camp,s
Strathearn Arts,Crieff,https://www.ents24.com/crieff-events/strathearn-arts,s
St Petrock's,Crediton,https://www.ents24.com/crediton-events/st-petrocks,s
St Edmund's Church,Harrow,https://www.ents24.com/london-events/st-edmunds-church,s
"Slanj A Va, Stirling",Stirling,https://www.ents24.com/stirling-events/slanj-a-va-stirling,s
St Wilfrid's Church,Harrogate,https://www.ents24.com/harrogate-events/st-wilfrids-church,s
St Peter's Church,St. Albans,https://www.ents24.com/st-albans-events/st-peters-church,s
Seafront And Western Lawns,Eastbourne,https://www.ents24.com/eastbourne-events/seafront-and-western-lawns,s
St Barnabas Church,London,https://www.ents24.com/london-events/st-barnabas-church-2,s
St. Mary Magdalene Church,London,https://www.ents24.com/london-events/st-mary-magdalene-church,s
St Mary's Church,Oxted,https://www.ents24.com/oxted-events/st-marys-church,s
Seaton Reach,Hartlepool,https://www.ents24.com/hartlepool-events/seaton-reach,s
St Mary-At-Hill Church,London,https://www.ents24.com/london-events/st-mary-at-hill-church,s
St. Saviour's Church,London,https://www.ents24.com/london-events/st-saviours-church-2,s
St Andrew's Church,Surbiton,https://www.ents24.com/surbiton-events/st-andrews-church-1,s
Scarth Hall,Staindrop,https://www.ents24.com/staindrop-events/scarth-hall-1,s
Swansea Jazz Club @ Cu Mumbles,Swansea,https://www.ents24.com/swansea-events/swansea-jazz-club-cu-mumbles,s
Studio Beyond,Liverpool,https://www.ents24.com/liverpool-events/studio-beyond,s
Sixpenny Handley Village Hall,Salisbury,https://www.ents24.com/salisbury-events/sixpenny-handley-village-hall,s
St. Marys Church,Ely,https://www.ents24.com/ely-events/st-marys-church,s
Stand Road Recreation Ground,Chesterfield,https://www.ents24.com/chesterfield-events/stand-road-recreation-ground,s
St Peter's Church Belsize Park,London,https://www.ents24.com/london-events/st-peters-church-belsize-park,s
St Leonards Farm Park,Bournemouth,https://www.ents24.com/bournemouth-events/st-leonards-farm-park,s
Shipping Hill Farm,Tenby,https://www.ents24.com/tenby-events/shipping-hill-farm,s
Springfield Bowls & Social Club,London,https://www.ents24.com/london-events/springfield-bowls-and-social-club,s
St Lawrence Whitchurch,London,https://www.ents24.com/london-events/st-lawrence-whitchurch,s
Sutton United Football Club,Sutton Coldfield,https://www.ents24.com/sutton-coldfield-events/sutton-united-football-club,s
Silchester Village Hall,Reading,https://www.ents24.com/reading-events/silchester-village-hall,s
Scalby Temperance Hall,Scarborough,https://www.ents24.com/scarborough-events/scalby-temperance-hall,s
Smokin' Roses Vintage,Saffron Walden,https://www.ents24.com/saffron-walden-events/smokin-roses-vintage,s
Spetchley Park & Gardens,Spetchley,https://www.ents24.com/spetchley-events/spetchley-park-and-gardens,s
Stockbridge Parish Church,Edinburgh,https://www.ents24.com/edinburgh-events/stockbridge-parish-church,s
St Marys Church and Hall,Sandbach,https://www.ents24.com/sandbach-events/st-marys-church-and-hall,s
Southwell Library,Southwell,https://www.ents24.com/southwell-events/southwell-library,s
St John The Evangelist,Burgess Hill,https://www.ents24.com/burgess-hill-events/st-john-the-evangelist,s
St Leonards Church,Hythe,https://www.ents24.com/hythe-events/st-leonards-church,s
St Michael's FC,Bugbrooke,https://www.ents24.com/bugbrooke-events/st-michaels-fc,s
St Botolph-without-Bishopsgate,London,https://www.ents24.com/london-events/st-botolph-without-bishopsgate,s
St Philip's Church,Leicester,https://www.ents24.com/leicester-events/st-philips-church,s
Shiny Brewery Taproom,Little Eaton,https://www.ents24.com/little-eaton-events/shiny-brewery-taproom,s
St Mary's Church,Colchester,https://www.ents24.com/colchester-events/st-marys-church,s
"Southons Field, Marden",Kent,https://www.ents24.com/marden-kent-events/southons-field,s
St Saviours Church Iford,Bournemouth,https://www.ents24.com/bournemouth-events/st-saviours-church-iford,s
Smith Square Hall,London,https://www.ents24.com/london-events/smith-square-hall,s
St John's Place,Salisbury,https://www.ents24.com/salisbury-events/st-johns-place,s
Southport Seafront,Southport,https://www.ents24.com/southport-events/southport-seafront,s
Stourhead House,Warminster,https://www.ents24.com/warminster-events/stourhead-house,s
St Andrew's Church,Chippenham,https://www.ents24.com/chippenham-events/st-andrews-church,s
St Mary's and All Saints,Beaconsfield,https://www.ents24.com/beaconsfield-events/st-marys-and-all-saints,s
Snobs,Birmingham,https://www.ents24.com/birmingham-events/snobs,s
St James Church,London,https://www.ents24.com/london-events/st-james-church-2,s
Sandy Gap,Barrow In Furness,https://www.ents24.com/barrow-in-furness-events/sandy-gap,s
St Alphege Church,Whitstable,https://www.ents24.com/whitstable-events/st-alphege-church,s
St Albans Farmers Market,St Albans,https://www.ents24.com/st-albans-events/st-albans-farmers-market,s
St. Andrew's Church,Presteigne,https://www.ents24.com/presteigne-events/st-andrews-church,s
St Peter's Church,Derby,https://www.ents24.com/derby-events/st-peters-church-1,s
St Paul's,London,https://www.ents24.com/london-events/st-pauls-1,s
St Peter's Pavilion,Wigan,https://www.ents24.com/wigan-events/st-peters-pavilion,s
St Mary's Handbridge Centre,Chester,https://www.ents24.com/chester-events/st-marys-handbridge-centre-1,s
St Mary The Virgin,Harrow,https://www.ents24.com/harrow-events/st-mary-the-virgin,s
St Oswalds Club,Warrington,https://www.ents24.com/warrington-events/st-oswalds-club,s
St. John's Club,Manchester,https://www.ents24.com/manchester-events/st-johns-club,s
St George's Hall Visitor Centre,Liverpool,https://www.ents24.com/liverpool-events/st-georges-hall-visitor-centre,s
SYSheffield (Steel Yard),Sheffield,https://www.ents24.com/sheffield-events/sysheffield-steel-yard,s
SEA LIFE Manchester,Manchester,https://www.ents24.com/manchester-events/sea-life-manchester,s
Soundcheck Rock and Metal Bar,Worthing,https://www.ents24.com/worthing-events/soundcheck-rock-and-metal-bar,s
Summerfields Leisure Centre,Hastings,https://www.ents24.com/hastings-events/summerfields-leisure-centre,s
Shoreditch Balls,London,https://www.ents24.com/london-events/shoreditch-balls,s
St John's Church,Sheffield,https://www.ents24.com/sheffield-events/st-johns-church,s
Sutton Town Football Club,Birmingham,https://www.ents24.com/birmingham-events/sutton-town-football-club,s
Spotland Stadium,Rochdale,https://www.ents24.com/rochdale-events/spotland-stadium,s
St Mary the Virgin,Witney,https://www.ents24.com/witney-events/st-mary-the-virgin,s
St Helen Stonegate,York,https://www.ents24.com/york-events/st-helen-stonegate,s
Sabai Pavilion - Edinburgh Festival Square,Edinburgh,https://www.ents24.com/edinburgh-events/sabai-pavilion-edinburgh-festival-square,s
St Michael's Church & Cafe,Beverley,https://www.ents24.com/beverley-events/st-michaels-church-and-cafe,s
Saviour,Wokingham,https://www.ents24.com/wokingham-events/saviour,s
Squash Club,Dewsbury,https://www.ents24.com/dewsbury-events/squash-club,s
Shooters,Dawlish,https://www.ents24.com/dawlish-events/shooters,s
Shredenhams,Bristol,https://www.ents24.com/bristol-events/shredenhams,s
St Teresa's Social Centre,Preston,https://www.ents24.com/preston-events/st-teresas-social-centre,s
Shrewton Sports & Social Club,Salisbury,https://www.ents24.com/salisbury-events/shrewton-sports-and-social-club,s
"Savoy Theatre, Tonyrefail",Porth,https://www.ents24.com/porth-events/savoy-theatre-tonyrefail,s
"St Peter's Church, Church Knowle",Wareham,https://www.ents24.com/wareham-events/st-peters-church-church-knowle,s
St Peter's Civic Hall,Carmarthen,https://www.ents24.com/carmarthen-events/st-peters-civic-hall,s
St Andrew's United Reformed Church,Sheffield,https://www.ents24.com/sheffield-events/st-andrews-united-reformed-church,s
"St Peters Church, Shaftesbury",Shaftesbury,https://www.ents24.com/shaftesbury-events/st-peters-church-shaftesbury,s
St Anne's Church,Baslow,https://www.ents24.com/baslow-events/st-annes-church,s
St Michael's Church,Southampton,https://www.ents24.com/southampton-events/st-michaels-church-1,s
SR44 Warehouse,Newcastle upon Tyne,https://www.ents24.com/newcastle-upon-tyne-events/sr44-warehouse,s
Salvation Army Temple,Benfleet,https://www.ents24.com/benfleet-events/salvation-army-temple,s
Secret Location Glasgow,Glasgow,https://www.ents24.com/glasgow-events/secret-location-glasgow,s
St. Michaels & All Angels Church,London,https://www.ents24.com/london-events/st-michaels-and-all-angels-church-1,s
St John the Evangelist,Nottingham,https://www.ents24.com/nottingham-events/st-john-the-evangelist,s
St Lawrence's Church,Alton,https://www.ents24.com/alton-events/st-lawrences-church,s
St Andrew's Church & Church Hall,London,https://www.ents24.com/london-events/st-andrews-church-and-church-hall,s
Sofas and Stuff,Fittleworth,https://www.ents24.com/fittleworth-events/sofas-and-stuff,s
St Katharine’s Church,Trowbridge,https://www.ents24.com/trowbridge-events/st-katharines-church,s
St George's United Reformed Church,Hartlepool,https://www.ents24.com/hartlepool-events/st-georges-united-reformed-church,s
Southey Brewery Co.,London,https://www.ents24.com/london-events/southey-brewery-co,s
St John's Waterloo,London,https://www.ents24.com/london-events/st-johns-waterloo,s
"Sheet Recreation Ground, Sheet, Petersfield",Hampshire,https://www.ents24.com/sheet-petersfield-hampshire-events/sheet-recreation-ground,s
Stock Gaylard,Sturminster Newton,https://www.ents24.com/sturminster-newton-events/stock-gaylard,s
Soho Comedy House,London,https://www.ents24.com/london-events/soho-comedy-house,s
Shaw Village Hall,Melksham,https://www.ents24.com/melksham-events/shaw-village-hall,s
Stoke Hotel,Guildford,https://www.ents24.com/guildford-events/stoke-hotel,s
Swansea Jazz Club @The Swigg,Swansea,https://www.ents24.com/swansea-events/swansea-jazz-club-the-swigg,s
Strawberry Fields Farm Shop,Lifton,https://www.ents24.com/lifton-events/strawberry-fields-farm-shop,s
SEA LIFE Blackpool,Blackpool,https://www.ents24.com/blackpool-events/sea-life-blackpool,s
SEA LIFE Birmingham,Birmingham,https://www.ents24.com/birmingham-events/sea-life-birmingham,s
St. Luke's Church,Barnsley,https://www.ents24.com/barnsley-events/st-lukes-church,s
Secret Location,Exeter,https://www.ents24.com/exeter-events/secret-location-1,s
"St Andrew by the Wardrobe, St Andrew's Hill, Queen Victoria St, London EC4V 5DE",London,https://www.ents24.com/london-events/st-andrew-by-the-wardrobe-st-andrews-hill-queen-victoria-st-london-ec4v-5de,s
St. Mary's Church Ecclesfield,Sheffield,https://www.ents24.com/sheffield-events/st-marys-church-ecclesfield,s
Shiptonthorpe Village Hall,Shiptonthorpe,https://www.ents24.com/shiptonthorpe-events/shiptonthorpe-village-hall,s
St Pancras Clock Tower,London,https://www.ents24.com/london-events/st-pancras-clock-tower-1,s
St Peter & St Paul Parish Church,Newport Pagnell,https://www.ents24.com/newport-pagnell-events/st-peter-and-st-paul-parish-church,s
St Mary's Church,Chipping Norton,https://www.ents24.com/chipping-norton-events/st-marys-church,s
Sumac,Nottingham,https://www.ents24.com/nottingham-events/sumac,s
St Nicholas's Church,Monmouth,https://www.ents24.com/monmouth-events/st-nicholass-church,s
St. Peter & St. Paul Church,Great Missenden,https://www.ents24.com/great-missenden-events/st-peter-and-st-paul-church,s
St Michael's Church,Framlingham,https://www.ents24.com/framlingham-events/st-michaels-church,s
St Mary Barnes,London,https://www.ents24.com/london-events/st-mary-barnes,s
St Mary's Church,Buxton,https://www.ents24.com/buxton-events/st-marys-church,s
St Stephen's Church,London,https://www.ents24.com/london-events/st-stephens-church-2,s
St Bride's Episcopal Church,Glasgow,https://www.ents24.com/glasgow-events/st-brides-episcopal-church,s
St Leonard's Church Streatham,London,https://www.ents24.com/london-events/st-leonards-church-streatham,s
St. Gabriel's Church,Newcastle-Upon-Tyne,https://www.ents24.com/newcastle-upon-tyne-events/st-gabriels-church,s
St. Davids College,West Wickham,https://www.ents24.com/west-wickham-events/st-davids-college,s
Saracens Head Hotel,Southwell,https://www.ents24.com/southwell-events/saracens-head-hotel,s
St John's Church,Cardiff,https://www.ents24.com/cardiff-events/st-johns-church-1,s
St Saviour's Church,Brockenhurst,https://www.ents24.com/brockenhurst-events/st-saviours-church,s
St Luke's Church,Portsmouth,https://www.ents24.com/portsmouth-events/st-lukes-church,s
Spencers Wood Village Hall,Reading,https://www.ents24.com/reading-events/spencers-wood-village-hall,s
St George's Garrison Church,London,https://www.ents24.com/london-events/st-georges-garrison-church,s
Sketchy Beats Cafe,Edinburgh,https://www.ents24.com/edinburgh-events/sketchy-beats-cafe,s
St John's Church,Harpenden,https://www.ents24.com/harpenden-events/st-johns-church-1,s
"St. John the Baptist , Hoxton",London,https://www.ents24.com/london-events/st-john-the-baptist-hoxton,s
"Sandhurst Playing Fields, Sandhurst",Kent,https://www.ents24.com/sandhurst-kent-events/sandhurst-playing-fields,s
Stamshaw and Tipner Community Centre,Portsmouth,https://www.ents24.com/portsmouth-events/stamshaw-and-tipner-community-centre,s
St Paul's Church King Cross,Halifax,https://www.ents24.com/halifax-events/st-pauls-church-king-cross,s
Sholing Football Club,Southampton,https://www.ents24.com/southampton-events/sholing-football-club,s
Sonny's,Swindon,https://www.ents24.com/swindon-events/sonnys,s
SYSheffield (SteelYard),Sheffield,https://www.ents24.com/sheffield-events/sysheffield-steelyard,s
St Nicholas Church,Bristol,https://www.ents24.com/bristol-events/st-nicholas-church,s
St Symphorians Church,WORTHING,https://www.ents24.com/worthing-events/st-symphorians-church-1,s
St Andrew's Psalter Lane Church,Sheffield,https://www.ents24.com/sheffield-events/st-andrews-psalter-lane-church,s
"St. Andrews Church, Barnt Green",Birmingham,https://www.ents24.com/birmingham-events/st-andrews-church-barnt-green,s
Sutton Coldfield Royal British Legion Club,Birmingham,https://www.ents24.com/birmingham-events/sutton-coldfield-royal-british-legion-club,s
St John's Church,Frome,https://www.ents24.com/frome-events/st-johns-church,s
St George's Church,Newcastle upon Tyne,https://www.ents24.com/newcastle-upon-tyne-events/st-georges-church,s
St Mary's Church,Burwell,https://www.ents24.com/burwell-events/st-marys-church,s
St Luke's Church,Grayshott,https://www.ents24.com/grayshott-events/st-lukes-church,s
Shoreham-by-Sea Methodist Church,Shoreham-by-Sea,https://www.ents24.com/shoreham-by-sea-events/shoreham-by-sea-methodist-church,s
St John The Evangelist,Redhill,https://www.ents24.com/redhill-events/st-john-the-evangelist,s
Stretford Public Hall,Stretford,https://www.ents24.com/stretford-events/stretford-public-hall,s
"St Catherines Community Centre, Crook",Crook,https://www.ents24.com/crook-events/st-catherines-community-centre-crook,s
St Helen's Church,Rochester,https://www.ents24.com/rochester-events/st-helens-church,s
St John the Baptist Church,Barham,https://www.ents24.com/barham-events/st-john-the-baptist-church,s
St. Margaret's Church,Littlehampton,https://www.ents24.com/littlehampton-events/st-margarets-church,s
"Stourpaine Village Hall, Stourpaine",Blandford Forum,https://www.ents24.com/stourpaine-blandford-forum-events/stourpaine-village-hall,s
St. James' and St. Basil's Fenham,Newcastle upon Tyne,https://www.ents24.com/newcastle-upon-tyne-events/st-james-and-st-basils-fenham,s
S Bomb Vintage Workshop,Dorset,https://www.ents24.com/dorset-events/s-bomb-vintage-workshop,s
St Mary's Luton Parish Church,Luton,https://www.ents24.com/luton-events/st-marys-luton-parish-church,s
St Marys Church,Luton,https://www.ents24.com/luton-events/st-marys-church-1,s
Southrop Village Hall,Lechlade,https://www.ents24.com/lechlade-events/southrop-village-hall,s
St Bridget’s Centre,West Kirby,https://www.ents24.com/west-kirby-events/st-bridgets-centre,s
Sora Lounge,Milton Keynes,https://www.ents24.com/milton-keynes-events/sora-lounge,s
Sploj,Machynlleth,https://www.ents24.com/machynlleth-events/sploj,s
sunningwell Quarry,Abingdon,https://www.ents24.com/abingdon-events/sunningwell-quarry,s
Sea Dog Art Cafe Bar and Gallery,Exmouth,https://www.ents24.com/exmouth-events/sea-dog-art-cafe-bar-and-gallery,s
St Mary's Parish Church,Andover,https://www.ents24.com/andover-events/st-marys-parish-church,s
St Illtyd's Church,Llantwit Major,https://www.ents24.com/llantwit-major-events/st-illtyds-church,s
Sherfield-on-Loddon Village Hall,Sherfield-on-Loddon,https://www.ents24.com/sherfield-on-loddon-events/sherfield-on-loddon-village-hall,s
St John The Divine,Rastrick,https://www.ents24.com/rastrick-events/st-john-the-divine,s
St John the Baptist Church,Burford,https://www.ents24.com/burford-events/st-john-the-baptist-church,s
Silverburn Park,Leven,https://www.ents24.com/leven-events/silverburn-park,s
"St Paul's Church, Beckenham",Beckenham,https://www.ents24.com/beckenham-events/st-pauls-church-beckenham,s
"Stedham Sports Association, Stedham",Nr Midhurst,https://www.ents24.com/stedham-nr-midhurst-events/stedham-sports-association,s
St Thomas Primary School,Winchelsea,https://www.ents24.com/winchelsea-events/st-thomas-primary-school,s
St Helens Centre,Northwood,https://www.ents24.com/northwood-events/st-helens-centre,s
Saint Peter's Church Hall,Shaftesbury,https://www.ents24.com/shaftesbury-events/saint-peters-church-hall,s
St Bertoline’s Church,Crewe,https://www.ents24.com/crewe-events/st-bertolines-church,s
"St. Agnes Methodist Church, Saint Agnes, Cornwall",Saint Agnes,https://www.ents24.com/saint-agnes-events/st-agnes-methodist-church-saint-agnes-cornwall,s
St. Lawrence's Parish Church,Biddulph,https://www.ents24.com/biddulph-events/st-lawrences-parish-church,s
St James' Church,Chepstow,https://www.ents24.com/chepstow-events/st-james-church,s
"St James Church, Teignmouth",Teignmouth,https://www.ents24.com/teignmouth-events/st-james-church-teignmouth,s
"St Peters Church, Wisborough Green, BILLINGSHURST, RH14 0DU",BILLINGSHURST,https://www.ents24.com/billingshurst-events/st-peters-church-wisborough-green-billingshurst-rh14-0du,s
St Nicholas Church,ARUNDEL,https://www.ents24.com/arundel-events/st-nicholas-church,s
Stagsden Village Hall,Bedford,https://www.ents24.com/bedford-events/stagsden-village-hall,s
St Johns Church,Devizes,https://www.ents24.com/devizes-events/st-johns-church,s
Sanctum Bar,CASTLEFORD,https://www.ents24.com/castleford-events/sanctum-bar,s
Strathaven Town Mill,Strathaven,https://www.ents24.com/strathaven-events/strathaven-town-mill,s
The O2,London,https://www.ents24.com/london-events/the-o2,t
The AO Arena,Manchester,https://www.ents24.com/manchester-events/the-ao-arena,t
The OVO Hydro,Glasgow,https://www.ents24.com/glasgow-events/the-ovo-hydro,t
The Roundhouse,London,https://www.ents24.com/london-events/the-roundhouse,t
The Scottish Event Centre & Clyde Auditorium (The Armadillo),Glasgow,https://www.ents24.com/glasgow-events/the-scottish-event-centre-and-clyde-auditorium-the-armadillo,t
The Cluny & The Cluny 2,Newcastle upon Tyne,https://www.ents24.com/newcastle-upon-tyne-events/the-cluny-and-the-cluny-2,t
The Bristol Hippodrome,Bristol,https://www.ents24.com/bristol-events/the-bristol-hippodrome,t
The Fleece,Bristol,https://www.ents24.com/bristol-events/the-fleece,t
Theatre Royal and Royal Concert Hall,Nottingham,https://www.ents24.com/nottingham-events/theatre-royal-and-royal-concert-hall,t
Thekla,Bristol,https://www.ents24.com/bristol-events/thekla,t
The Jazz Cafe,London,https://www.ents24.com/london-events/the-jazz-cafe,t
The Lowry,Salford,https://www.ents24.com/salford-events/the-lowry,t
The Deaf Institute,Manchester,https://www.ents24.com/manchester-events/the-deaf-institute,t
The Grand Theatre & Opera House,Leeds,https://www.ents24.com/leeds-events/the-grand-theatre-and-opera-house,t
The 1865,Southampton,https://www.ents24.com/southampton-events/the-1865,t
Tramshed,Cardiff,https://www.ents24.com/cardiff-events/tramshed,t
The Glasshouse International Centre for Music,Gateshead,https://www.ents24.com/gateshead-events/the-glasshouse-international-centre-for-music,t
The Apex,Bury St Edmunds,https://www.ents24.com/bury-st-edmunds-events/the-apex,t
The Rescue Rooms,Nottingham,https://www.ents24.com/nottingham-events/the-rescue-rooms,t
The NEC,Birmingham,https://www.ents24.com/birmingham-events/the-nec,t
The Forum,Bath,https://www.ents24.com/bath-events/the-forum-bath,t
The Alexandra Theatre,Birmingham,https://www.ents24.com/birmingham-events/the-alexandra-theatre,t
The Robin,Wolverhampton,https://www.ents24.com/wolverhampton-events/the-robin-2,t
The Globe,Cardiff,https://www.ents24.com/cardiff-events/the-globe,t
The Adrian Flux Waterfront,Norwich,https://www.ents24.com/norwich-events/the-adrian-flux-waterfront,t
The Civic at The Halls,Wolverhampton,https://www.ents24.com/wolverhampton-events/the-civic-at-the-halls,t
Theatre Royal,Newcastle upon Tyne,https://www.ents24.com/newcastle-upon-tyne-events/theatre-royal,t
The Brook,Southampton,https://www.ents24.com/southampton-events/the-brook-1,t
The Limelight,Belfast,https://www.ents24.com/belfast-events/the-limelight,t
The Nick Rayns LCR (UEA),Norwich,https://www.ents24.com/norwich-events/the-nick-rayns-lcr-uea,t
The Garage,London,https://www.ents24.com/london-events/the-garage,t
The Queen's Hall,Edinburgh,https://www.ents24.com/edinburgh-events/the-queens-hall,t
Tyne Theatre & Opera House,Newcastle upon Tyne,https://www.ents24.com/newcastle-upon-tyne-events/tyne-theatre-and-opera-house,t
The Piece Hall,Halifax,https://www.ents24.com/halifax-events/the-piece-hall,t
The Garage,Glasgow,https://www.ents24.com/glasgow-events/the-garage,t
Theatre Royal,Brighton,https://www.ents24.com/brighton-events/theatre-royal,t
Theatre Royal,Norwich,https://www.ents24.com/norwich-events/theatre-royal,t
The Pavilion Theatre,Glasgow,https://www.ents24.com/glasgow-events/the-pavilion-theatre,t
The Greystones,Sheffield,https://www.ents24.com/sheffield-events/the-greystones,t
The Louisiana,Bristol,https://www.ents24.com/bristol-events/the-louisiana,t
The Flowerpot,Derby,https://www.ents24.com/derby-events/the-flowerpot,t
Theatre Royal,Glasgow,https://www.ents24.com/glasgow-events/theatre-royal,t
The Wardrobe,Leeds,https://www.ents24.com/leeds-events/the-wardrobe,t
The Wedgewood Rooms,Portsmouth,https://www.ents24.com/portsmouth-events/the-wedgewood-rooms,t
The Bodega,Nottingham,https://www.ents24.com/nottingham-events/the-bodega,t
The Glee Club Birmingham,Birmingham,https://www.ents24.com/birmingham-events/the-glee-club-birmingham,t
The Fire Station,Sunderland,https://www.ents24.com/sunderland-events/the-fire-station,t
The Riverfront,Newport,https://www.ents24.com/newport-events/the-riverfront,t
The Old Woollen,Leeds,https://www.ents24.com/leeds-events/the-old-woollen,t
The Spice Of Life,London,https://www.ents24.com/london-events/the-spice-of-life,t
The Earl Haig Club,Cardiff,https://www.ents24.com/cardiff-events/the-earl-haig-club,t
The Stables,Milton Keynes,https://www.ents24.com/milton-keynes-events/the-stables,t
The Crescent Community Venue,York,https://www.ents24.com/york-events/the-crescent-community-venue,t
The Eden Project,St Austell,https://www.ents24.com/st-austell-events/the-eden-project,t
The Platform,Morecambe,https://www.ents24.com/morecambe-events/the-platform,t
The Cavern,Exeter,https://www.ents24.com/exeter-events/the-cavern,t
The Wharf Tavistock,Tavistock,https://www.ents24.com/tavistock-events/the-wharf-tavistock,t
Theatre Royal,Plymouth,https://www.ents24.com/plymouth-events/theatre-royal,t
The Lexington,London,https://www.ents24.com/london-events/the-lexington,t
The Underworld,London,https://www.ents24.com/london-events/the-underworld,t
The Anvil,Basingstoke,https://www.ents24.com/basingstoke-events/the-anvil,t
The Half Moon Putney,London,https://www.ents24.com/london-events/the-half-moon-putney,t
Taunton Brewhouse,Taunton,https://www.ents24.com/taunton-events/taunton-brewhouse,t
The Liquid Room,Edinburgh,https://www.ents24.com/edinburgh-events/the-liquid-room,t
The Comedy Store,London,https://www.ents24.com/london-events/the-comedy-store,t
The Joiners,Southampton,https://www.ents24.com/southampton-events/the-joiners,t
The Drill,Lincoln,https://www.ents24.com/lincoln-events/the-drill,t
The Lemon Tree,Aberdeen,https://www.ents24.com/aberdeen-events/the-lemon-tree,t
The Glee Club Cardiff,Cardiff,https://www.ents24.com/cardiff-events/the-glee-club-cardiff,t
The White Rock Theatre,Hastings,https://www.ents24.com/hastings-events/the-white-rock-theatre,t
The Hug & Pint,Glasgow,https://www.ents24.com/glasgow-events/the-hug-and-pint,t
The Assembly,Leamington Spa,https://www.ents24.com/leamington-spa-events/the-assembly,t
Theatre Severn,Shrewsbury,https://www.ents24.com/shrewsbury-events/theatre-severn,t
The Live Rooms,Chester,https://www.ents24.com/chester-events/the-live-rooms,t
The Wulfrun at The Halls,Wolverhampton,https://www.ents24.com/wolverhampton-events/the-wulfrun-at-the-halls,t
The Alban Arena,St. Albans,https://www.ents24.com/st-albans-events/the-alban-arena,t
The Dublin Castle,London,https://www.ents24.com/london-events/the-dublin-castle,t
Thetford Forest,Brandon,https://www.ents24.com/brandon-events/thetford-forest,t
The International,Leicester,https://www.ents24.com/leicester-events/the-international-musician-2,t
The Brunswick,Hove,https://www.ents24.com/hove-events/the-brunswick,t
The Craufurd Arms,Milton Keynes,https://www.ents24.com/milton-keynes-events/the-craufurd-arms,t
The Trinity Centre,Bristol,https://www.ents24.com/bristol-events/the-trinity-centre,t
The Central Theatre,Chatham,https://www.ents24.com/chatham-events/the-central-theatre,t
The Bullingdon,Oxford,https://www.ents24.com/oxford-events/the-bullingdon,t
The Epstein Theatre,Liverpool,https://www.ents24.com/liverpool-events/the-epstein-theatre,t
The Trades Club,Hebden Bridge,https://www.ents24.com/hebden-bridge-events/the-trades-club,t
The Old Fruitmarket,Glasgow,https://www.ents24.com/glasgow-events/the-old-fruitmarket,t
Think Tank?,Newcastle upon Tyne,https://www.ents24.com/newcastle-upon-tyne-events/think-tank,t
The Lower Third,London,https://www.ents24.com/london-events/the-lower-third,t
The Sands Centre,Carlisle,https://www.ents24.com/carlisle-events/the-sands-centre,t
The Georgian Theatre,Stockton-on-Tees,https://www.ents24.com/stockton-on-tees-events/the-georgian-theatre,t
The Tivoli,Buckley,https://www.ents24.com/buckley-events/the-tivoli,t
The Voodoo Rooms,Edinburgh,https://www.ents24.com/edinburgh-events/the-voodoo-rooms,t
The Buttermarket,Shrewsbury,https://www.ents24.com/shrewsbury-events/the-buttermarket,t
"The Gantry London, Curio Collection by Hilton",London,https://www.ents24.com/london-events/the-gantry-london-curio-collection-by-hilton,t
The Water Rats,London,https://www.ents24.com/london-events/the-water-rats,t
The Prince Albert,Brighton,https://www.ents24.com/brighton-events/the-prince-albert,t
The Barfly,London,https://www.ents24.com/london-events/the-barfly,t
The Facebar,Reading,https://www.ents24.com/reading-events/the-facebar,t
The Parish,Huddersfield,https://www.ents24.com/huddersfield-events/the-parish,t
The Crew / Queens Hall,Nuneaton,https://www.ents24.com/nuneaton-events/the-crew-queens-hall,t
The Fighting Cocks (Cockpit),Kingston Upon Thames,https://www.ents24.com/kingston-upon-thames-events/the-fighting-cocks-cockpit,t
The Old Fire Station,Bournemouth,https://www.ents24.com/bournemouth-events/the-old-fire-station,t
The Arts Theatre,Cambridge,https://www.ents24.com/cambridge-events/the-arts-theatre,t
The Old Fire Station,Carlisle,https://www.ents24.com/carlisle-events/the-old-fire-station,t
The Playhouse Theatre,Weston-super-Mare,https://www.ents24.com/weston-super-mare-events/playhouse-theatre,t
The Grace,London,https://www.ents24.com/london-events/the-grace,t
The Brentwood Centre,Brentwood,https://www.ents24.com/brentwood-events/the-brentwood-centre,t
Tivoli Theatre,Wimborne,https://www.ents24.com/wimborne-events/tivoli-theatre,t
The Green Door Store,Brighton,https://www.ents24.com/brighton-events/the-green-door-store,t
The Sugarmill,Stoke-on-Trent,https://www.ents24.com/stoke-on-trent-events/the-sugarmill,t
The Hope & Ruin,Brighton,https://www.ents24.com/brighton-events/the-hope-and-ruin,t
The Key Club,Leeds,https://www.ents24.com/leeds-events/the-key-club,t
The Old Market,Brighton & Hove,https://www.ents24.com/brighton-and-hove-events/the-old-market,t
The Hairy Dog,Derby,https://www.ents24.com/derby-events/the-hairy-dog,t
The Flapper,Birmingham,https://www.ents24.com/birmingham-events/the-flapper,t
The Dome,Doncaster,https://www.ents24.com/doncaster-events/the-dome,t
The Waterloo Music Bar,Blackpool,https://www.ents24.com/blackpool-events/the-waterloo-music-bar-1,t
The Boom Boom Club,Sutton,https://www.ents24.com/sutton-events/the-boom-boom-club,t
The Factory Live,Worthing,https://www.ents24.com/worthing-events/the-factory-live,t
The Portland Arms,Cambridge,https://www.ents24.com/cambridge-events/the-portland-arms,t
The Cavern Club,Liverpool,https://www.ents24.com/liverpool-events/the-cavern-club,t
The Welly Club,Hull,https://www.ents24.com/hull-events/the-welly-club,t
The Horn,St. Albans,https://www.ents24.com/st-albans-events/the-horn,t
The Jam House,Birmingham,https://www.ents24.com/birmingham-events/the-jam-house,t
Tobacco Factory,Bristol,https://www.ents24.com/bristol-events/tobacco-factory,t
The National Bowl,Milton Keynes,https://www.ents24.com/milton-keynes-events/the-national-bowl,t
The Stand Comedy Club,Newcastle,https://www.ents24.com/newcastle-events/the-stand-comedy-club,t
The Ferry,Glasgow,https://www.ents24.com/glasgow-events/the-ferry,t
The Cutlers Arms,Rotherham,https://www.ents24.com/rotherham-events/the-cutlers-arms,t
The Tunnels,Aberdeen,https://www.ents24.com/aberdeen-events/the-tunnels,t
The Dome,London,https://www.ents24.com/london-events/the-dome,t
The Lights Andover,Andover,https://www.ents24.com/andover-events/the-lights-andover,t
The Y Theatre,Leicester,https://www.ents24.com/leicester-events/the-y-theatre,t
Theatre Royal,York,https://www.ents24.com/york-events/theatre-royal-1,t
The New Adelphi Club,Hull,https://www.ents24.com/hull-events/the-new-adelphi-club,t
The Junction,Plymouth,https://www.ents24.com/plymouth-events/the-junction,t
The Classic Grand,Glasgow,https://www.ents24.com/glasgow-events/the-classic-grand,t
The Gordon Craig Theatre,Stevenage,https://www.ents24.com/stevenage-events/the-gordon-craig-theatre,t
Troxy,London,https://www.ents24.com/london-events/troxy,t
The Old Savoy - Home of The Deco Theatre,Northampton,https://www.ents24.com/northampton-events/the-old-savoy-home-of-the-deco-theatre,t
Theatre Royal Winchester,Winchester,https://www.ents24.com/winchester-events/theatre-royal-winchester,t
The Cresset,Peterborough,https://www.ents24.com/peterborough-events/the-cresset,t
The London Stadium,London,https://www.ents24.com/london-events/the-london-stadium,t
The Croft,Bristol,https://www.ents24.com/bristol-events/the-croft,t
The Thunderbolt,Bristol,https://www.ents24.com/bristol-events/the-thunderbolt,t
The Middlesbrough Empire,Middlesbrough,https://www.ents24.com/middlesbrough-events/the-middlesbrough-empire,t
The Marrs Bar,Worcester,https://www.ents24.com/worcester-events/the-marrs-bar,t
The Grove,Newcastle,https://www.ents24.com/newcastle-events/the-grove,t
The Castle & Falcon,Birmingham,https://www.ents24.com/birmingham-events/the-castle-and-falcon,t
Tunbridge Wells Forum,Tunbridge Wells,https://www.ents24.com/tunbridge-wells-events/tunbridge-wells-forum,t
The Victoria,Swindon,https://www.ents24.com/swindon-events/the-victoria,t
Tivoli Theatre,Aberdeen,https://www.ents24.com/aberdeen-events/tivoli-theatre,t
The Plaza,Stockport,https://www.ents24.com/stockport-events/the-plaza,t
The Prospect Building,Bristol,https://www.ents24.com/bristol-events/the-prospect-building,t
The Stoller Hall,Manchester,https://www.ents24.com/manchester-events/the-stoller-hall,t
The Boileroom,Guildford,https://www.ents24.com/guildford-events/the-boileroom,t
Theatre Royal,Portsmouth,https://www.ents24.com/portsmouth-events/new-theatre-royal,t
Troubadour,London,https://www.ents24.com/london-events/troubadour,t
The Pavilion,Bath,https://www.ents24.com/bath-events/the-pavilion,t
The Brindley,Runcorn,https://www.ents24.com/runcorn-events/the-brindley,t
The Met,Bury,https://www.ents24.com/bury-events/the-met,t
The Continental,Preston,https://www.ents24.com/preston-events/the-continental,t
The Lighthouse Theatre,Kettering,https://www.ents24.com/kettering-events/the-lighthouse-theatre,t
The Adrian Flux Waterfront Studio,Norwich,https://www.ents24.com/norwich-events/the-adrian-flux-waterfront-studio,t
The Swan Theatre,Worcester,https://www.ents24.com/worcester-events/the-swan-theatre,t
The Folklore Rooms,Brighton,https://www.ents24.com/brighton-events/the-folklore-rooms,t
The Booking Hall,Dover,https://www.ents24.com/dover-events/the-booking-hall,t
The Jericho Tavern,Oxford,https://www.ents24.com/oxford-events/the-jericho-tavern,t
The Marina Theatre Lowestoft,Lowestoft,https://www.ents24.com/lowestoft-events/the-marina-theatre-lowestoft,t
The Regent,Christchurch,https://www.ents24.com/christchurch-events/the-regent,t
Trillians,Newcastle upon Tyne,https://www.ents24.com/newcastle-upon-tyne-events/trillians,t
The Tommyfield,London,https://www.ents24.com/london-events/the-tommyfield,t
The Brickmakers & B2 Venue,Norwich,https://www.ents24.com/norwich-events/the-brickmakers-and-b2-venue,t
The Peak Cavern (Devil's Arse Cave),Hope Valley,https://www.ents24.com/hope-valley-events/the-peak-cavern-devils-arse-cave,t
The Octagon Centre,Sheffield,https://www.ents24.com/sheffield-events/the-octagon-centre-1,t
The Castle Hotel,Manchester,https://www.ents24.com/manchester-events/the-castle-hotel,t
The Fulford Arms,York,https://www.ents24.com/york-events/the-fulford-arms,t
The Cabbage Patch,Twickenham,https://www.ents24.com/twickenham-events/the-cabbage-patch,t
The Gulbenkian,Canterbury,https://www.ents24.com/canterbury-events/the-gulbenkian-1,t
The Gate Arts and Community Centre,Cardiff,https://www.ents24.com/cardiff-events/the-gate-arts-and-community-centre,t
The Attic,Southampton,https://www.ents24.com/southampton-events/the-attic,t
The Bunkhouse,Swansea,https://www.ents24.com/swansea-events/the-bunkhouse,t
The Merchants House of Glasgow,Glasgow,https://www.ents24.com/glasgow-events/the-merchants-house-of-glasgow,t
The Courtyard - Herefordshire's Centre for the Arts,Hereford,https://www.ents24.com/hereford-events/the-courtyard-herefordshires-centre-for-the-arts,t
Theatre Royal,Bury St. Edmunds,https://www.ents24.com/bury-st-edmunds-events/theatre-royal,t
The Concorde Club & Ellington Lodge,Eastleigh,https://www.ents24.com/eastleigh-events/the-concorde-club-and-ellington-lodge,t
The Grand At Clitheroe,Clitheroe,https://www.ents24.com/clitheroe-events/the-grand-at-clitheroe,t
The Watering Hole,Perranporth,https://www.ents24.com/perranporth-events/the-watering-hole,t
The Harlington,Fleet,https://www.ents24.com/fleet-events/the-harlington,t
The Underground,Stoke On Trent,https://www.ents24.com/stoke-on-trent-events/the-underground,t
The Frog And Fiddle,Cheltenham,https://www.ents24.com/cheltenham-events/the-frog-and-fiddle,t
The Vortex Jazz Club,London,https://www.ents24.com/london-events/the-vortex-jazz-club,t
Theatr Clwyd,Mold,https://www.ents24.com/mold-events/theatr-clwyd,t
The Rigger,Newcastle Under Lyme,https://www.ents24.com/newcastle-under-lyme-events/the-rigger,t
The Haymarket,Basingstoke,https://www.ents24.com/basingstoke-events/the-haymarket,t
Telford's Warehouse,Chester,https://www.ents24.com/chester-events/telfords-warehouse,t
Theatre Royal Wakefield,Wakefield,https://www.ents24.com/wakefield-events/theatre-royal-wakefield,t
The Grove,Nottingham,https://www.ents24.com/nottingham-events/the-grove,t
The Marine Hall,Fleetwood,https://www.ents24.com/fleetwood-events/the-marine-hall,t
Towngate Theatre & Mirren Studio,Basildon,https://www.ents24.com/basildon-events/towngate-theatre-and-mirren-studio,t
The Glad Cafe,Glasgow,https://www.ents24.com/glasgow-events/the-glad-cafe,t
The Courtyard Theatre,London,https://www.ents24.com/london-events/the-courtyard-theatre,t
The Picturedrome,Northampton,https://www.ents24.com/northampton-events/the-picturedrome,t
Thornton Hough Village Club (Wirral Blues Club),Thornton Hough,https://www.ents24.com/thornton-hough-events/thornton-hough-village-club-wirral-blues-club,t
The Trentham Estate,Stoke-on-Trent,https://www.ents24.com/stoke-on-trent-events/the-trentham-estate,t
The Patti,Swansea,https://www.ents24.com/swansea-events/the-patti,t
The Victoria Bikers Pub,Coalville,https://www.ents24.com/coalville-events/the-victoria-bikers-pub,t
The Maltings,Ely,https://www.ents24.com/ely-events/the-maltings,t
The Cumberland Arms,Newcastle-upon-Tyne,https://www.ents24.com/newcastle-upon-tyne-events/the-cumberland-arms,t
The Spotlight,Hoddesdon,https://www.ents24.com/hoddesdon-events/the-spotlight-formerly-broxbourne-civic-hall,t
The Fiddlers Elbow,London,https://www.ents24.com/london-events/the-fiddlers-elbow,t
The Depot Cardiff,Cardiff,https://www.ents24.com/cardiff-events/the-depot-cardiff,t
The Railway Inn,Winchester,https://www.ents24.com/winchester-events/the-railway-inn,t
The Atkinson,Southport,https://www.ents24.com/southport-events/the-atkinson,t
The Telegraph Building,Belfast,https://www.ents24.com/belfast-events/the-telegraph-building,t
The Asylum,Birmingham,https://www.ents24.com/birmingham-events/the-asylum,t
The Civic Trowbridge,Trowbridge,https://www.ents24.com/trowbridge-events/the-civic-trowbridge,t
The Black Box,Belfast,https://www.ents24.com/belfast-events/the-black-box,t
The Star Inn,Guildford,https://www.ents24.com/guildford-events/the-star-inn,t
The Forum Music Centre,Darlington,https://www.ents24.com/darlington-events/the-forum-music-centre,t
The Leatherhead Theatre,Leatherhead,https://www.ents24.com/leatherhead-events/the-leatherhead-theatre,t
The Town House,Hamilton,https://www.ents24.com/hamilton-events/the-town-house-2,t
The Amersham Arms,London,https://www.ents24.com/london-events/the-amersham-arms,t
The Albert Halls,Bolton,https://www.ents24.com/bolton-events/the-albert-halls,t
The Live Room @ Caroline Street Social Club,Shipley,https://www.ents24.com/shipley-events/the-live-room-caroline-street-social-club,t
The Brickyard,Carlisle,https://www.ents24.com/carlisle-events/the-brickyard,t
Trading Boundaries,Uckfield,https://www.ents24.com/east-sussex-events/trading-boundaries,t
The Stand Comedy Club,Glasgow,https://www.ents24.com/glasgow-events/the-stand-comedy-club,t
The Radlett Centre,Radlett,https://www.ents24.com/radlett-events/the-radlett-centre,t
The Lyric,Carmarthen,https://www.ents24.com/carmarthen-events/the-lyric,t
The Social W1,London,https://www.ents24.com/london-events/the-social-w1,t
The Met Lounge,Peterborough,https://www.ents24.com/peterborough-events/the-met-lounge,t
The Granville Theatre,Ramsgate,https://www.ents24.com/ramsgate-events/the-granville-theatre,t
The Northcourt LIVE,Abingdon,https://www.ents24.com/abingdon-events/the-northcourt-live,t
The Albert Halls,Stirling,https://www.ents24.com/stirling-events/the-albert-halls,t
The Rainbow Venues,Birmingham,https://www.ents24.com/birmingham-events/the-rainbow-venues,t
The River Rooms,Stourbridge,https://www.ents24.com/stourbridge-events/the-river-rooms,t
The Jacaranda,Liverpool,https://www.ents24.com/liverpool-events/the-jacaranda,t
The Quarry Park,Shrewsbury,https://www.ents24.com/shrewsbury-events/the-quarry-park,t
Tamworth Assembly Rooms,Tamworth,https://www.ents24.com/tamworth-events/tamworth-assembly-rooms,t
The Leopard,Doncaster,https://www.ents24.com/doncaster-events/the-leopard,t
The Anvil,Bournemouth,https://www.ents24.com/bournemouth-events/the-anvil,t
"The Spitfire Ground, St Lawrence",Canterbury,https://www.ents24.com/canterbury-events/the-spitfire-ground-st-lawrence,t
The Old Cold Store,Nottingham,https://www.ents24.com/nottingham-events/the-old-cold-store,t
The Muni Theatre,Colne,https://www.ents24.com/colne-lancashire-events/the-muni-theatre,t
The Abbey,Manchester,https://www.ents24.com/manchester-events/the-abbey,t
The Venue,Worthing,https://www.ents24.com/worthing-events/the-venue,t
The Ropewalk,Barton Upon Humber,https://www.ents24.com/barton-upon-humber-events/the-ropewalk,t
Tottenham Hotspur Stadium,London,https://www.ents24.com/london-events/tottenham-hotspur-stadium,t
The Tree House,Frome,https://www.ents24.com/frome-events/the-tree-house,t
The Station,Cannock,https://www.ents24.com/cannock-events/the-station,t
The Palladium Club,Bideford,https://www.ents24.com/bideford-events/the-palladium-club,t
The Firebug,Leicester,https://www.ents24.com/leicester-events/the-firebug,t
The Point,Eastleigh,https://www.ents24.com/eastleigh-events/the-point,t
The Pleasance,Edinburgh,https://www.ents24.com/edinburgh-events/the-pleasance,t
The Soundhouse,Leicester,https://www.ents24.com/leicester-events/the-soundhouse,t
The Caves,Edinburgh,https://www.ents24.com/edinburgh-events/the-caves,t
The Capitol Theatre,Horsham,https://www.ents24.com/horsham-events/the-capitol-theatre,t
The Foundry,Torquay,https://www.ents24.com/torquay-events/the-foundry,t
The Beach Ballroom,Aberdeen,https://www.ents24.com/aberdeen-events/the-beach-ballroom,t
The Keay Theatre,St Austell,https://www.ents24.com/st-austell-events/the-keay-theatre,t
The Woodville,Gravesend,https://www.ents24.com/gravesend-events/the-woodville,t
Theatre Royal Drury Lane,London,https://www.ents24.com/london-events/theatre-royal-drury-lane,t
The Steamworks,Sheffield,https://www.ents24.com/sheffield-events/the-steamworks,t
The Rayleigh Mill,Rayleigh,https://www.ents24.com/rayleigh-events/the-rayleigh-mill,t
Tap Social Movement,Oxford,https://www.ents24.com/oxford-events/tap-social-movement,t
The Witham,Barnard Castle,https://www.ents24.com/barnard-castle-events/the-witham,t
The Great North Wood,London,https://www.ents24.com/london-events/the-great-north-wood,t
The Victoria,Birmingham,https://www.ents24.com/birmingham-events/the-victoria,t
The Acorn,Penzance,https://www.ents24.com/penzance-events/the-acorn,t
The Downs,Bristol,https://www.ents24.com/bristol-events/the-downs,t
The Old Bakery Studios,Truro,https://www.ents24.com/truro-events/the-old-bakery-studios,t
The White Hotel,Manchester,https://www.ents24.com/manchester-events/the-white-hotel,t
Theatre Royal,Windsor,https://www.ents24.com/windsor-events/theatre-royal,t
The Dukes,Lancaster,https://www.ents24.com/lancaster-events/the-dukes,t
The Carriageworks Theatre,Leeds,https://www.ents24.com/leeds-events/the-carriageworks-theatre,t
The Arc,Winchester,https://www.ents24.com/winchester-events/the-arc,t
The Polar Bear,Hull,https://www.ents24.com/hull-events/the-polar-bear,t
The Lamproom Theatre,Barnsley,https://www.ents24.com/barnsley-events/the-lamproom-theatre,t
The HiFi Club,Leeds,https://www.ents24.com/leeds-events/the-hifi-club,t
The Big Difference,Leicester,https://www.ents24.com/leicester-events/the-big-difference,t
The Core at Corby Cube,Corby,https://www.ents24.com/corby-events/the-core-at-corby-cube,t
The Globe,Newcastle-upon-Tyne,https://www.ents24.com/newcastle-upon-tyne-events/the-globe,t
The Stage Door,Southampton,https://www.ents24.com/southampton-events/the-stage-door,t
The Old Blue Last,London,https://www.ents24.com/london-events/the-old-blue-last,t
The Wardrobe Theatre,Bristol,https://www.ents24.com/bristol-events/the-wardrobe-theatre-and-the-old-market-assembly,t
The Glee Club Glasgow,Glasgow,https://www.ents24.com/glasgow-events/the-glee-club-glasgow,t
The Studio,Hartlepool,https://www.ents24.com/hartlepool-events/the-studio,t
The Bell Inn,Bath,https://www.ents24.com/bath-events/the-bell-inn,t
Trinity Theatre,Tunbridge Wells,https://www.ents24.com/tunbridge-wells-events/trinity-theatre,t
The Milton Rooms,Malton,https://www.ents24.com/malton-events/the-milton-rooms,t
The Core Theatre,Solihull,https://www.ents24.com/solihull-events/the-core-theatre-1,t
The Glee Club Leeds,Leeds,https://www.ents24.com/leeds-events/the-glee-club-leeds,t
The Mash House,Edinburgh,https://www.ents24.com/edinburgh-events/the-mash-house,t
The Victoria Inn,Derby,https://www.ents24.com/derby-events/the-victoria-inn,t
The Spinning Top Bar,Stockport,https://www.ents24.com/stockport-events/the-spinning-top-bar,t
The Watermark,Ivybridge,https://www.ents24.com/ivybridge-events/the-watermark,t
Tacchi-Morris Arts Centre,Taunton,https://www.ents24.com/taunton-events/tacchi-morris-arts-centre,t
Theatr Colwyn,Colwyn Bay,https://www.ents24.com/colwyn-bay-events/theatr-colwyn,t
The McMillan Theatre,Bridgwater,https://www.ents24.com/bridgwater-events/the-mcmillan-theatre,t
The Albany Theatre,Coventry,https://www.ents24.com/coventry-events/the-albany-theatre,t
The Ritz,Penzance,https://www.ents24.com/penzance-events/the-ritz,t
The Magic Circle,London,https://www.ents24.com/london-events/the-magic-circle,t
The Beaverwood,Chislehurst,https://www.ents24.com/chislehurst-events/the-beaverwood,t
The Lubber Fiend,Newcastle,https://www.ents24.com/newcastle-events/the-lubber-fiend,t
The Victoria Wood Theatre,Bowness-on-Windermere,https://www.ents24.com/bowness-on-windermere-events/the-victoria-wood-theatre,t
The Secret Garden,Wisbech,https://www.ents24.com/wisbech-events/the-secret-garden,t
The Assembly House,Norwich,https://www.ents24.com/norwich-events/the-assembly-house,t
The Queens Hall,Narberth,https://www.ents24.com/narberth-events/the-queens-hall,t
The Elgiva,Chesham,https://www.ents24.com/chesham-events/the-elgiva-1,t
Truro Cathedral,Truro,https://www.ents24.com/truro-events/truro-cathedral,t
The Mill Arts Centre,Banbury,https://www.ents24.com/banbury-events/the-mill-arts-centre,t
The Betsey Trotwood,London,https://www.ents24.com/london-events/the-betsey-trotwood,t
Tatton Park,Knutsford,https://www.ents24.com/knutsford-events/tatton-park,t
The Lab,Northampton,https://www.ents24.com/northampton-events/the-lab,t
The Peer Hat,Manchester,https://www.ents24.com/manchester-events/the-peer-hat,t
The David Hall Arts Centre,South Petherton,https://www.ents24.com/south-petherton-events/the-david-hall-arts-centre,t
The Pipeline,Brighton,https://www.ents24.com/brighton-events/the-pipeline,t
The Central,Gateshead,https://www.ents24.com/gateshead-events/the-central,t
The Ferret,Preston,https://www.ents24.com/preston-events/the-ferret,t
Tetbury Goods Shed Arts Centre,Tetbury,https://www.ents24.com/tetbury-events/tetbury-goods-shed-arts-centre,t
Theatre At The Mill,Newtownabbey,https://www.ents24.com/newtownabbey-events/theatre-at-the-mill,t
The Quay Theatre,Sudbury,https://www.ents24.com/sudbury-events/the-quay-theatre,t
The Red Lion (Leo's Red Lion),Gravesend,https://www.ents24.com/gravesend-events/the-red-lion-leos-red-lion,t
The Old Vic,London,https://www.ents24.com/london-events/the-old-vic,t
The Patriot Inn,Newport,https://www.ents24.com/newport-events/the-patriot-inn,t
Taliesin Arts Centre,Swansea,https://www.ents24.com/swansea-events/taliesin-arts-centre,t
Tropic at Ruislip,Ruislip,https://www.ents24.com/ruislip-events/tropic-at-ruislip,t
The Depo,Plymouth,https://www.ents24.com/plymouth-events/the-depo,t
The Swale Assembly,Sittingbourne,https://www.ents24.com/sittingbourne-events/the-swale-assembly,t
The Waiting Room,London,https://www.ents24.com/london-events/the-waiting-room,t
The Beehive Newham,London,https://www.ents24.com/london-events/the-beehive-newham,t
The Actors Church (St. Paul's Church),London,https://www.ents24.com/london-events/the-actors-church-st-pauls-church,t
The Stag Sevenoaks,Sevenoaks,https://www.ents24.com/sevenoaks-events/the-stag-sevenoaks,t
The Coro,Ulverston,https://www.ents24.com/ulverston-events/the-coro,t
The Hat Factory,Luton,https://www.ents24.com/luton-events/the-hat-factory-1,t
The Tin At The Coal Vaults,Coventry,https://www.ents24.com/coventry-events/the-tin-at-the-coal-vaults,t
The Art School,Glasgow,https://www.ents24.com/glasgow-events/the-art-school,t
The Phoenix,London,https://www.ents24.com/london-events/the-phoenix-1,t
The Plough Arts Centre,Torrington,https://www.ents24.com/torrington-events/plough-arts-centre,t
Theatre By The Lake,Keswick,https://www.ents24.com/keswick-events/theatre-by-the-lake,t
The Tuesday Night Music Club,Coulsdon,https://www.ents24.com/coulsdon-events/the-tuesday-night-music-club,t
The Festival Theatre @ Hever Castle,Edenbridge,https://www.ents24.com/edenbridge-events/the-festival-theatre-hever-castle,t
The Blues Kitchen Manchester,Manchester,https://www.ents24.com/manchester-events/the-blues-kitchen-manchester,t
The Outlet Building (Oh Yeah Music Centre),Belfast,https://www.ents24.com/belfast-events/the-outlet-building-oh-yeah-music-centre,t
Tynemouth Priory & Castle,Tynemouth,https://www.ents24.com/tynemouth-events/tynemouth-priory-and-castle,t
The B-Bar @ The Barbican,Plymouth,https://www.ents24.com/plymouth-events/the-b-bar-the-barbican,t
The Berry Theatre,Southampton,https://www.ents24.com/southampton-events/the-berry-theatre,t
The Lanes,Bristol,https://www.ents24.com/bristol-events/the-lanes,t
The Cockpit,London,https://www.ents24.com/london-events/the-cockpit-1,t
The Forum,Northallerton,https://www.ents24.com/northallerton-events/the-forum,t
The Green Room,Stockton on Tees,https://www.ents24.com/stockton-on-tees-events/the-green-room,t
The Mackintosh Church,Glasgow,https://www.ents24.com/glasgow-events/queens-cross-church-crm-society,t
The North Wall Arts Centre,Oxford,https://www.ents24.com/oxford-events/the-north-wall-arts-centre,t
"The Pheasantry, PizzaExpress Live (Chelsea)",London,https://www.ents24.com/london-events/the-pheasantry-pizzaexpress-live-chelsea,t
The Mick Jagger Centre,Dartford,https://www.ents24.com/dartford-events/the-mick-jagger-centre,t
The Spring Arts & Heritage Centre,Havant,https://www.ents24.com/havant-events/the-spring-arts-and-heritage-centre,t
Theatr Brycheiniog,Brecon,https://www.ents24.com/brecon-events/theatr-brycheiniog,t
The Hunter Club,Bury St Edmunds,https://www.ents24.com/bury-st-edmunds-events/the-hunter-club,t
The Basement @ City Screen Picturehouse,York,https://www.ents24.com/york-events/the-basement-city-screen-picturehouse,t
The Caroline Of Brunswick Pub,Brighton,https://www.ents24.com/brighton-events/the-caroline-of-brunswick-pub,t
The Central Co-op County Ground,Derby,https://www.ents24.com/derby-events/the-central-co-op-county-ground,t
Troon Town Hall and Walker Hall,Troon,https://www.ents24.com/troon-events/troon-town-hall-and-walker-hall,t
The Actress And Bishop,Birmingham,https://www.ents24.com/birmingham-events/the-actress-and-bishop,t
The Crossing,Birmingham,https://www.ents24.com/birmingham-events/the-crossing,t
The Village Pump At The Lamb Inn,Trowbridge,https://www.ents24.com/trowbridge-events/the-village-pump-at-the-lamb-inn,t
The Henrician,Evesham,https://www.ents24.com/evesham-events/the-henrician,t
The Eagle Inn,Manchester,https://www.ents24.com/manchester-events/the-eagle-inn,t
The Harrison,London,https://www.ents24.com/london-events/the-harrison,t
Trinity College Bar,Oxford,https://www.ents24.com/oxford-events/trinity-college-bar,t
The Little Theatre,Leicester,https://www.ents24.com/leicester-events/the-little-theatre,t
The Auditorium Liverpool,Liverpool,https://www.ents24.com/liverpool-events/the-auditorium-liverpool,t
The Stand Comedy Club,Edinburgh,https://www.ents24.com/edinburgh-events/the-stand-comedy-club,t
The Poly,Falmouth,https://www.ents24.com/falmouth-events/the-poly,t
The Blake Theatre,Monmouth,https://www.ents24.com/monmouth-events/the-blake-theatre,t
Twickenham Stoop Stadium,Twickenham,https://www.ents24.com/twickenham-events/twickenham-stoop-stadium,t
The Snig,Widnes,https://www.ents24.com/widnes-events/the-snig,t
The Old Brewery Store,Faversham,https://www.ents24.com/faversham-events/the-old-brewery-store,t
The Celtic Manor Resort,Newport,https://www.ents24.com/newport-events/the-celtic-manor-resort,t
The George Tavern,London,https://www.ents24.com/london-events/the-george-tavern,t
The Kenton,Henley-on-Thames,https://www.ents24.com/henley-on-thames-events/the-kenton,t
The Regal,Evesham,https://www.ents24.com/evesham-events/the-regal,t
The Old Hairdressers,Glasgow,https://www.ents24.com/glasgow-events/the-old-hairdressers,t
The Tolbooth,Stirling,https://www.ents24.com/stirling-events/the-tolbooth,t
The Bread Shed,Manchester,https://www.ents24.com/manchester-events/the-bread-shed,t
The Blues Cafe Bar,Harrogate,https://www.ents24.com/harrogate-events/the-blues-cafe-bar,t
The Stiwt,Wrexham,https://www.ents24.com/wrexham-events/the-stiwt,t
The Edge Of The Wedge,Portsmouth,https://www.ents24.com/portsmouth-events/the-edge-of-the-wedge,t
The Black Horse,Leicester,https://www.ents24.com/leicester-events/the-black-horse,t
The Bradford Playhouse,Bradford,https://www.ents24.com/bradford-events/the-bradford-playhouse,t
The Golden Hinde,London,https://www.ents24.com/london-events/the-golden-hinde,t
The Golden Lion,Todmorden,https://www.ents24.com/todmorden-events/the-golden-lion,t
The Beehive,Honiton,https://www.ents24.com/honiton-events/the-beehive-centre,t
The Angel Microbrewery,Nottingham,https://www.ents24.com/nottingham-events/the-angel-microbrewery,t
The Glen Pavilion,Dunfermline,https://www.ents24.com/dunfermline-events/the-glen-pavilion,t
Theatre Royal Haymarket,London,https://www.ents24.com/london-events/theatre-royal-haymarket,t
The Corn Hall,Diss,https://www.ents24.com/diss-events/the-corn-hall,t
The Royal Oak Pub,New Malden,https://www.ents24.com/new-malden-events/the-royal-oak-pub,t
The Banshee Labyrinth,Edinburgh,https://www.ents24.com/edinburgh-events/the-banshee-labyrinth,t
The Clapham Grand,London,https://www.ents24.com/london-events/the-clapham-grand,t
The Grayston Unity,Halifax,https://www.ents24.com/halifax-events/the-grayston-unity,t
The Queens Academy,Newport,https://www.ents24.com/newport-events/the-queens-academy,t
The Harold Pinter Theatre,London,https://www.ents24.com/london-events/the-harold-pinter-theatre,t
The Loco Klub,Bristol,https://www.ents24.com/bristol-events/the-loco-klub,t
The Warehouse,Leeds,https://www.ents24.com/leeds-events/the-warehouse,t
The Drill Hall,Chepstow,https://www.ents24.com/chepstow-events/the-drill-hall,t
The Little Buildings,Newcastle-upon-Tyne,https://www.ents24.com/newcastle-upon-tyne-events/the-little-buildings,t
Turner Sims Southampton,Southampton,https://www.ents24.com/southampton-events/turner-sims-southampton,t
Totnes Civic Hall,Totnes,https://www.ents24.com/totnes-events/totnes-civic-hall,t
The Hafren,Newtown,https://www.ents24.com/newtown-events/the-hafren,t
The Strines Nightingale,Stockport,https://www.ents24.com/stockport-events/the-strines-nightingale,t
The Winking Man,Leek,https://www.ents24.com/leek-events/the-winking-man,t
The Solway Hall,Whitehaven,https://www.ents24.com/whitehaven-events/the-solway-hall,t
The Cobblestones,Bridgwater,https://www.ents24.com/bridgwater-events/the-cobblestones,t
The Hailsham Pavilion,Hailsham,https://www.ents24.com/hailsham-events/the-hailsham-pavilion,t
The Kirkgate Community Centre,Shipley,https://www.ents24.com/shipley-events/the-kirkgate-community-centre,t
The Gateway Theatre,Seaton,https://www.ents24.com/seaton-events/the-gateway-theatre,t
The Horton Epsom,Epsom,https://www.ents24.com/epsom-events/the-horton-epsom,t
Three Counties Showground,Malvern,https://www.ents24.com/malvern-events/three-counties-showground,t
The Beaufort Theatre & Ballroom,Ebbw Vale,https://www.ents24.com/ebbw-vale-events/the-beaufort-theatre-and-ballroom,t
The Pound Arts Centre,Corsham,https://www.ents24.com/corsham-events/jonathan-mansfield,t
The Palais,Nottingham,https://www.ents24.com/nottingham-events/the-palais,t
The Volks,Brighton,https://www.ents24.com/brighton-events/the-volks,t
The Black Prince,Northampton,https://www.ents24.com/northampton-events/the-black-prince,t
The King's Arms,Manchester,https://www.ents24.com/manchester-events/the-kings-arms,t
The Shaw Theatre,London,https://www.ents24.com/london-events/the-shaw-theatre,t
The Rum Shack,Glasgow,https://www.ents24.com/glasgow-events/the-rum-shack,t
The Penny Theatre,Canterbury,https://www.ents24.com/canterbury-events/the-penny-theatre,t
The Bedford,London,https://www.ents24.com/london-events/the-bedford,t
The Diamond,Mansfield,https://www.ents24.com/mansfield-events/the-diamond,t
Things Happen Here,Totnes,https://www.ents24.com/totnes-events/things-happen-here,t
The Top Secret Comedy Club,London,https://www.ents24.com/london-events/the-top-secret-comedy-club,t
Torch Theatre,Milford Haven,https://www.ents24.com/milford-haven-events/torch-theatre,t
The Royal Hospital Chelsea,London,https://www.ents24.com/london-events/the-royal-hospital-chelsea,t
The Underground,Bradford,https://www.ents24.com/bradford-events/the-underground,t
The Black Bull,Gateshead,https://www.ents24.com/gateshead-events/the-black-bull,t
The Holywell Music Room,Oxford,https://www.ents24.com/oxford-events/the-holywell-music-room,t
The Prince Albert,Stroud,https://www.ents24.com/stroud-events/the-prince-albert,t
The Bear Club,Luton,https://www.ents24.com/luton-events/the-bear-club,t
The Town and Gown,Cambridge,https://www.ents24.com/cambridge-events/the-town-and-gown,t
Tiverton Community Arts Theatre,Tiverton,https://www.ents24.com/tiverton-events/tiverton-community-arts-theatre,t
The Lyric Hammersmith,London,https://www.ents24.com/london-events/the-lyric-hammersmith,t
The Victoria (Dalston),London,https://www.ents24.com/london-events/the-victoria-dalston,t
The Alexander Centre,Faversham,https://www.ents24.com/kent-events/the-alexander-centre,t
The Library,Oxford,https://www.ents24.com/oxford-events/the-library,t
The Beggar's Theatre,Millom,https://www.ents24.com/millom-events/the-beggars-theatre,t
The Dark Horse,Birmingham,https://www.ents24.com/birmingham-events/the-dark-horse,t
The Old Town Hall Arts Centre,Hemel Hempstead,https://www.ents24.com/hemel-hempstead-events/the-old-town-hall-arts-centre,t
The Star & Shadow,Newcastle upon Tyne,https://www.ents24.com/newcastle-upon-tyne-events/star-and-shadow-cinema,t
The Windmill,London,https://www.ents24.com/london-events/the-windmill,t
Three Wise Monkeys,Colchester,https://www.ents24.com/colchester-events/three-wise-monkeys,t
Trafalgar Theatre,London,https://www.ents24.com/london-events/trafalgar-theatre,t
The Canteen,Bristol,https://www.ents24.com/bristol-events/the-canteen,t
The Bongo Club,Edinburgh,https://www.ents24.com/edinburgh-events/the-bongo-club-3,t
The Hive,Edinburgh,https://www.ents24.com/edinburgh-events/the-hive,t
Times Square,Newcastle-upon-Tyne,https://www.ents24.com/newcastle-upon-tyne-events/times-square,t
The BENN Hall,Rugby,https://www.ents24.com/rugby-events/the-benn-hall,t
The East Quay,Whitstable,https://www.ents24.com/whitstable-events/the-east-quay,t
Telford Town Park Amphitheatre,Telford,https://www.ents24.com/telford-events/telford-town-park-amphitheatre,t
The Barn Ringwood,Ringwood,https://www.ents24.com/ringwood-events/the-barn-ringwood,t
The Phoenix Arts Club,London,https://www.ents24.com/london-events/the-phoenix-arts-club,t
The Holroyd Arms,Guildford,https://www.ents24.com/guildford-events/the-holroyd-arms,t
The Poodle Club,London,https://www.ents24.com/london-events/the-poodle-club,t
The Edge Arts Centre,Much Wenlock,https://www.ents24.com/much-wenlock-events/the-edge-arts-centre,t
The Arts at St George's - Beckenham's Premier Live Music Venue,Beckenham,https://www.ents24.com/beckenham-events/the-arts-at-st-georges-beckenhams-premier-live-music-venue,t
The Cube,Bristol,https://www.ents24.com/bristol-events/the-cube,t
The Butler,Reading,https://www.ents24.com/reading-events/the-butler,t
The MAC (Metropolitan Arts Centre),Belfast,https://www.ents24.com/belfast-events/the-mac-metropolitan-arts-centre,t
The Edge,Wigan,https://www.ents24.com/wigan-events/the-edge,t
The Venue,Dumfries,https://www.ents24.com/dumfries-events/the-venue,t
The Attic,Leeds,https://www.ents24.com/leeds-events/the-attic,t
The Jam Jar,Bristol,https://www.ents24.com/bristol-events/the-jam-jar,t
The Yard,Manchester,https://www.ents24.com/manchester-events/the-yard,t
Thornbridge Brewery,Bakewell,https://www.ents24.com/bakewell-events/thornbridge-brewery,t
The Fiery Bird,Woking,https://www.ents24.com/woking-events/the-fiery-bird,t
The 2-Tone Village,Coventry,https://www.ents24.com/coventry-events/the-2-tone-village,t
Trinity Arts Centre,Gainsborough,https://www.ents24.com/gainsborough-events/trinity-arts-centre,t
The Castle Tavern,Luton,https://www.ents24.com/luton-events/the-castle-tavern,t
The Flavel Arts Centre,Dartmouth,https://www.ents24.com/dartmouth-events/the-flavel-arts-centre,t
The Crooked Crow Bar,Leighton Buzzard,https://www.ents24.com/leighton-buzzard-events/the-crooked-crow-bar,t
The Bungalow Bar,Paisley,https://www.ents24.com/paisley-events/the-bungalow-bar,t
The Flowing Spring,Reading,https://www.ents24.com/reading-events/the-flowing-spring,t
Tonbridge Castle,Tonbridge,https://www.ents24.com/tonbridge-events/tonbridge-castle,t
The Grand Pavilion,Matlock Bath,https://www.ents24.com/matlock-bath-events/the-grand-pavilion,t
The Terry O'Toole Theatre,Lincoln,https://www.ents24.com/lincoln-events/the-terry-otoole-theatre,t
The Billesley Rock Club,Birmingham,https://www.ents24.com/birmingham-events/the-billesley-rock-club,t
The Blue Moon,Cambridge,https://www.ents24.com/cambridge-events/the-blue-moon,t
The Black Market,Mansfield,https://www.ents24.com/mansfield-events/the-black-market,t
The Gilded Saloon,Edinburgh,https://www.ents24.com/edinburgh-events/the-gilded-saloon,t
The Plaza Theatre,Romsey,https://www.ents24.com/romsey-events/the-plaza-theatre,t
The Theatre,Chipping Norton,https://www.ents24.com/chipping-norton-events/the-theatre,t
The Lescar Hotel,Sheffield,https://www.ents24.com/sheffield-events/the-lescar-hotel,t
The Steelyard,London,https://www.ents24.com/london-events/the-steelyard,t
The Devenish Complex,Belfast,https://www.ents24.com/belfast-events/the-devenish-complex,t
The Church of Christ the Cornerstone,Milton Keynes,https://www.ents24.com/milton-keynes-events/the-church-of-christ-the-cornerstone,t
The Institute,Braintree,https://www.ents24.com/braintree-events/the-institute,t
The Cavendish Arms,London,https://www.ents24.com/london-events/the-cavendish-arms,t
The Forge Comedy Club,Brighton,https://www.ents24.com/brighton-events/the-forge-comedy-club,t
The Fruitmarket Gallery,Edinburgh,https://www.ents24.com/edinburgh-events/the-fruitmarket-gallery,t
The Old Church Stoke Newington,London,https://www.ents24.com/london-events/the-old-church-stoke-newington,t
The Peacock,Sunderland,https://www.ents24.com/sunderland-events/the-peacock-1,t
The Bill Murray,London,https://www.ents24.com/london-events/the-bill-murray,t
The Rossi Bar,Brighton,https://www.ents24.com/brighton-events/the-rossi-bar,t
The Old Bell Hotel,Derby,https://www.ents24.com/derby-events/the-old-bell-tudor,t
The Oval Bandstand,Margate,https://www.ents24.com/margate-events/the-oval-bandstand,t
The Bricklayers Arms,Bromley,https://www.ents24.com/bromley-events/the-bricklayers-arms,t
The Pioneer Club,St. Albans,https://www.ents24.com/st-albans-events/the-pioneer-club,t
The Birley Centre,Eastbourne,https://www.ents24.com/eastbourne-events/the-birley-centre,t
The Deer's Head,Belfast,https://www.ents24.com/belfast-events/the-deers-head,t
The Dragonffli,Pontypool,https://www.ents24.com/pontypool-events/the-dragonffli,t
The Jenny Lind,Hastings,https://www.ents24.com/hastings-events/the-jenny-lind,t
The Whitby Sports & Social Club,Ellesmere Port,https://www.ents24.com/ellesmere-port-events/the-whitby-sports-and-social-club,t
The Glee Club Oxford @ The Bullingdon,Oxford,https://www.ents24.com/oxford-events/the-glee-club-oxford-the-bullingdon,t
The Club Burtonwood,Warrington,https://www.ents24.com/warrington-events/the-club-burtonwood,t
The Prince Of Wales / Brixton Storeys,London,https://www.ents24.com/london-events/the-prince-of-wales-brixton-storeys,t
The Agincourt,Camberley,https://www.ents24.com/camberley-events/the-agincourt,t
Thornden Concert Hall,Eastleigh,https://www.ents24.com/eastleigh-events/thornden-concert-hall,t
The Wyldes,Bude,https://www.ents24.com/bude-events/the-wyldes,t
The MET Studio,Stafford,https://www.ents24.com/stafford-events/the-met-studio,t
The Washington,Sheffield,https://www.ents24.com/sheffield-events/the-washington,t
The Landmark Theatre,Ilfracombe,https://www.ents24.com/ilfracombe-events/the-landmark-theatre,t
The Blakehay Theatre,Weston-super-Mare,https://www.ents24.com/weston-super-mare-events/the-blakehay-theatre,t
The Common Room Of The Great North,Newcastle Upon Tyne,https://www.ents24.com/newcastle-upon-tyne-events/the-common-room-of-the-great-north,t
The Gryphon,Bristol,https://www.ents24.com/bristol-events/the-gryphon,t
Tiger Yard,Cardiff,https://www.ents24.com/cardiff-events/tiger-yard,t
The Exchange,Twickenham,https://www.ents24.com/twickenham-events/the-exchange,t
The Rose Hill,Brighton,https://www.ents24.com/brighton-events/the-rose-hill,t
Truck Store,Oxford,https://www.ents24.com/oxford-events/truck-store,t
Tobacco Dock,London,https://www.ents24.com/london-events/tobacco-dock,t
The Piper,St Leonards,https://www.ents24.com/st-leonards-events/the-piper,t
The Rockin' Chair,Wrexham,https://www.ents24.com/wrexham-events/the-rockin-chair,t
The Lyric Rooms,Ashby-De-La-Zouch,https://www.ents24.com/ashby-de-la-zouch-events/the-lyric-rooms,t
The Sun Inn,Beverley,https://www.ents24.com/beverley-events/the-sun-inn,t
The Globe,Glossop,https://www.ents24.com/glossop-events/the-globe,t
Ty Pawb,Wrexham,https://www.ents24.com/wrexham-events/ty-pawb,t
The Casino Rooms,Rochester,https://www.ents24.com/rochester-events/the-casino-rooms,t
The Cornish Bank,Falmouth,https://www.ents24.com/falmouth-events/the-cornish-bank,t
Tileyard North,West Yorkshire,https://www.ents24.com/west-yorkshire-events/tileyard-north,t
The Ivy House,London,https://www.ents24.com/london-events/the-ivy-house,t
The Kirkgate Centre,Cockermouth,https://www.ents24.com/cockermouth-events/the-kirkgate-centre,t
The Grove Inn,Leeds,https://www.ents24.com/leeds-events/the-grove-inn,t
The Playhouse,Halifax,https://www.ents24.com/halifax-events/the-playhouse,t
The Corn Exchange,Haddington,https://www.ents24.com/haddington-events/the-corn-exchange,t
The Palace,Bridgwater,https://www.ents24.com/bridgwater-events/the-palace,t
The Red Arrow Club,Ramsgate,https://www.ents24.com/ramsgate-events/the-red-arrow-club,t
The Finsbury,London,https://www.ents24.com/london-events/the-finsbury,t
The Exchange,Sturminster Newton,https://www.ents24.com/sturminster-newton-events/the-exchange,t
The Talleyrand,Manchester,https://www.ents24.com/manchester-events/the-talleyrand,t
The Tung Auditorium,Liverpool,https://www.ents24.com/liverpool-events/the-tung-auditorium,t
The Civic,Holmfirth,https://www.ents24.com/holmfirth-events/the-civic,t
The Bridge Theatre,London,https://www.ents24.com/london-events/the-bridge-theatre,t
The Old Court,Windsor,https://www.ents24.com/windsor-events/the-old-court,t
The Six Six Bar,Cambridge,https://www.ents24.com/cambridge-events/the-six-six-bar,t
The Golden Lion,Bristol,https://www.ents24.com/bristol-events/the-golden-lion,t
The Boulevard,Wigan,https://www.ents24.com/wigan-events/the-boulevard,t
The Poppy and Pint,Nottingham,https://www.ents24.com/nottingham-events/the-poppy-and-pint,t
Theatr Mwldan,Cardigan,https://www.ents24.com/cardigan-events/theatr-mwldan,t
The Fox & Newt,Leeds,https://www.ents24.com/leeds-events/the-fox-and-newt,t
The Exchange 1856,North Shields,https://www.ents24.com/north-shields-events/the-exchange-1856,t
The Loft,Matlock,https://www.ents24.com/matlock-events/the-loft,t
Tiddy Hall,Ascott-under-Wychwood,https://www.ents24.com/ascott-under-wychwood-events/tiddy-hall,t
The Trafford Centre,Manchester,https://www.ents24.com/manchester-events/the-trafford-centre,t
The Bigg Theatre,Biggleswade,https://www.ents24.com/biggleswade-events/the-bigg-theatre,t
The Blind Pig,Sowerby Bridge,https://www.ents24.com/sowerby-bridge-events/the-blind-pig,t
The Greenhouse,Tynemouth,https://www.ents24.com/tynemouth-events/the-greenhouse,t
"The Motorsport Lounge, Live Music Venue",Llandudno,https://www.ents24.com/llandudno-events/the-motorsport-lounge-live-music-venue,t
The Drawingroom,Chesham,https://www.ents24.com/chesham-events/the-drawingroom,t
The Camden,London,https://www.ents24.com/london-events/the-crown-6,t
Thoresby Park,Newark,https://www.ents24.com/newark-events/thoresby-park,t
The Kia Oval,London,https://www.ents24.com/london-events/the-kia-oval,t
The University of Sheffield Drama Studio,Sheffield,https://www.ents24.com/sheffield-events/the-university-of-sheffield-drama-studio,t
The Star In Shoreditch,London,https://www.ents24.com/london-events/the-star-in-shoreditch,t
The Gregson Arts & Community Centre,Lancaster,https://www.ents24.com/lancaster-events/the-gregson-arts-and-community-centre,t
The Engine Room,North Shields,https://www.ents24.com/north-shields-events/the-engine-room,t
The Little Theatre,Gateshead,https://www.ents24.com/gateshead-events/the-little-theatre,t
The Spitfire,West Malling,https://www.ents24.com/west-malling-events/the-spitfire,t
The Rat & Pigeon,Manchester,https://www.ents24.com/manchester-events/the-rat-and-pigeon,t
The Alder Bar,Sheffield,https://www.ents24.com/sheffield-events/the-alder-bar,t
The Evron Centre,Filey,https://www.ents24.com/filey-events/the-evron-centre,t
The Tattershall Castle,London,https://www.ents24.com/london-events/the-tattershall-castle,t
The Sound Lounge,Sutton,https://www.ents24.com/sutton-events/the-sound-lounge,t
The Crypt,London,https://www.ents24.com/london-events/the-crypt,t
The Oxfordshire Museum,Woodstock,https://www.ents24.com/woodstock-events/the-oxfordshire-museum,t
The Cause,London,https://www.ents24.com/london-events/the-cause-1,t
The Albert Hall,Powys,https://www.ents24.com/powys-events/the-albert-hall,t
Three Tanners Bank,North Shields,https://www.ents24.com/north-shields-events/three-tanners-bank,t
The Black Swan Inn,York,https://www.ents24.com/york-events/the-black-swan-inn,t
The Crazy Coqs at Zedel,London,https://www.ents24.com/london-events/the-crazy-coqs-at-zedel,t
The Hen & Chickens Theatre Bar,London,https://www.ents24.com/london-events/the-hen-and-chickens-theatre-bar,t
The Salty Dog,Northwich,https://www.ents24.com/northwich-events/the-salty-dog,t
The Quicksilver Mail,Yeovil,https://www.ents24.com/yeovil-events/the-quicksilver-mail,t
The Crown House,St Leonards-on-Sea,https://www.ents24.com/st-leonards-on-sea-events/the-crown-house,t
The Blues Kitchen Brixton,London,https://www.ents24.com/london-events/the-blues-kitchen-brixton,t
Top of the World,Stafford,https://www.ents24.com/stafford-events/top-of-the-world,t
The Georgian Hotel,Coatbridge,https://www.ents24.com/coatbridge-events/the-georgian-hotel,t
Trent Navigation Inn,Nottingham,https://www.ents24.com/nottingham-events/trent-navigation-inn,t
The Black Swan at Newcastle Arts Centre,Newcastle upon Tyne,https://www.ents24.com/newcastle-upon-tyne-events/the-black-swan-at-newcastle-arts-centre,t
The Nest,Oxford,https://www.ents24.com/oxford-events/the-nest,t
The Cannon,Newport Pagnell,https://www.ents24.com/newport-pagnell-events/the-cannon,t
The Old Neptune,Whitstable,https://www.ents24.com/whitstable-events/the-old-neptune,t
The Garage,Norwich,https://www.ents24.com/norwich-events/the-garage,t
The Winning Post,York,https://www.ents24.com/york-events/the-winning-post,t
The Golden Hind,Ipswich,https://www.ents24.com/ipswich-events/the-golden-hind,t
The Majestic Theatre,Darlington,https://www.ents24.com/darlington-events/the-majestic-theatre,t
The Grapes Bath,Bath,https://www.ents24.com/bath-events/the-grapes-bath,t
"The Back Room, Cottingham",Hull,https://www.ents24.com/hull-events/the-back-room-cottingham,t
The Rainbow,Birmingham,https://www.ents24.com/birmingham-events/the-rainbow,t
The Camden Club,London,https://www.ents24.com/london-events/the-camden-club,t
The Gielgud Theatre,London,https://www.ents24.com/london-events/the-gielgud-theatre,t
The Social Club,Invergordon,https://www.ents24.com/invergordon-events/the-social-club,t
The MCT at Alleyn's,London,https://www.ents24.com/london-events/the-mct-at-alleyns,t
The Brick Community Stadium,Wigan,https://www.ents24.com/wigan-events/the-brick-community-stadium,t
The Circus Tavern,Purfleet,https://www.ents24.com/purfleet-events/the-circus-tavern,t
The Little Theatre,Colne,https://www.ents24.com/colne-events/the-little-theatre,t
The Music Room,Ipswich,https://www.ents24.com/ipswich-events/the-music-room,t
The Night Owl,Birmingham,https://www.ents24.com/birmingham-events/the-night-owl-1,t
The Carlisle,Hastings,https://www.ents24.com/hastings-events/the-carlisle,t
Trinity,Harrow,https://www.ents24.com/harrow-events/trinity,t
The Arts Centre at Edge Hill University,Ormskirk,https://www.ents24.com/ormskirk-events/the-arts-centre-at-edge-hill-university,t
The Carnegie Room,Thetford,https://www.ents24.com/thetford-events/the-carnegie-room,t
The Other Palace,London,https://www.ents24.com/london-events/the-other-palace-formerly-st-james-theatre,t
The Fenton,Leeds,https://www.ents24.com/leeds-events/the-fenton,t
Theatre @ 41,York,https://www.ents24.com/york-events/theatre-41,t
The Playhouse,Preston,https://www.ents24.com/preston-events/the-playhouse,t
Toulouse Lautrec Jazz Club,London,https://www.ents24.com/london-events/toulouse-lautrec-jazz-club,t
Temperance,Leamington Spa,https://www.ents24.com/leamington-spa-events/temperance,t
The Palace Theatre,London,https://www.ents24.com/london-events/the-palace-theatre,t
The Wrekin Inn,Wellington,https://www.ents24.com/wellington-events/the-wrekin-inn,t
The Victoria Palace Theatre,London,https://www.ents24.com/london-events/the-victoria-palace-theatre,t
The Pack Horse,Leeds,https://www.ents24.com/leeds-events/the-pack-horse,t
The Canopi,Cardiff,https://www.ents24.com/cardiff-events/the-canopi,t
The Hobbit,Southampton,https://www.ents24.com/southampton-events/the-hobbit,t
The Glenburn,Rothesay,https://www.ents24.com/rothesay-events/the-glenburn,t
"The Royal George, Saddleworth",Oldham,https://www.ents24.com/saddleworth-oldham-events/the-royal-george,t
The Cross Keys,Leeds,https://www.ents24.com/leeds-events/the-cross-keys-1,t
Theatre Royal,Dumfries,https://www.ents24.com/dumfries-events/theatre-royal,t
The Silk Mill (Derby's Museum of Industry and History),Derby,https://www.ents24.com/derby-events/the-silk-mill-derbys-museum-of-industry-and-history,t
The Carousel,Nottingham,https://www.ents24.com/nottingham-events/the-carousel,t
The Castle,London,https://www.ents24.com/london-events/the-castle-4,t
The Record Factory,Glasgow,https://www.ents24.com/glasgow-events/the-record-factory,t
The Grove Methodist Church and Centre,Retford,https://www.ents24.com/retford-events/the-grove-methodist-church-and-centre,t
The Victoria,Hitchin,https://www.ents24.com/hitchin-events/the-victoria,t
The RAFA Club,Leyland,https://www.ents24.com/leyland-events/the-rafa-club,t
The Apothecary Tap,Banbury,https://www.ents24.com/banbury-events/the-apothecary-tap,t
The Old Library,Mansfield,https://www.ents24.com/mansfield-events/the-old-library,t
The Watering Place Cafe,Sudbury,https://www.ents24.com/sudbury-events/the-watering-place-cafe,t
The Station,Epsom,https://www.ents24.com/epsom-events/the-station,t
The Vaults,London,https://www.ents24.com/london-events/the-vaults,t
The Design Centre,London,https://www.ents24.com/london-events/the-design-centre,t
The Bull's Head,London,https://www.ents24.com/london-events/the-bulls-head,t
The Verdict,Brighton,https://www.ents24.com/brighton-events/the-verdict,t
The Belgian Cafe,Eastbourne,https://www.ents24.com/eastbourne-events/the-belgian-cafe,t
The Secret Bar York,York,https://www.ents24.com/york-events/the-secret-bar-york,t
The Chocolate Cocktail Club,London,https://www.ents24.com/london-events/the-chocolate-cocktail-club,t
The Buccleuch Centre,Langholm,https://www.ents24.com/langholm-events/the-buccleuch-centre,t
The Golden Jubilee,London,https://www.ents24.com/london-events/the-golden-jubilee,t
The Royal Pug,Leamington Spa,https://www.ents24.com/leamington-spa-events/the-royal-pug,t
The Gaiety Bar,Portsmouth,https://www.ents24.com/portsmouth-events/the-gaiety-bar,t
The White Lion,Sheffield,https://www.ents24.com/sheffield-events/the-white-lion,t
The Coronet Theatre,London,https://www.ents24.com/london-events/the-coronet-theatre,t
Tofte Manor,Sharnbrook,https://www.ents24.com/sharnbrook-events/tofte-manor,t
The Monaco,Wigan,https://www.ents24.com/wigan-events/the-monaco,t
The Midland Hotel,Manchester,https://www.ents24.com/manchester-events/the-midland-hotel,t
The Pub,Lancaster,https://www.ents24.com/lancaster-events/the-pub,t
The Hub,Verwood,https://www.ents24.com/verwood-events/the-hub,t
Tamworth Castle,Tamworth,https://www.ents24.com/tamworth-events/tamworth-castle,t
The Imperial,Mexborough,https://www.ents24.com/mexborough-events/the-imperial,t
The Church House,Sheffield,https://www.ents24.com/sheffield-events/the-church-house,t
The Marlborough Club,Didcot,https://www.ents24.com/didcot-events/the-marlborough-club,t
The Beacon,Wantage,https://www.ents24.com/wantage-events/the-beacon,t
The Yard Theatre,London,https://www.ents24.com/london-events/the-yard-theatre,t
The Village Green,London,https://www.ents24.com/london-events/the-village-green,t
The Rockin' Lounge,Kettering,https://www.ents24.com/kettering-events/the-rockin-lounge,t
The Square & Compass,Swanage,https://www.ents24.com/swanage-events/the-square-and-compass,t
Town Hall,Saffron Walden,https://www.ents24.com/saffron-walden-events/town-hall,t
The Great Northern Railway Tavern,London,https://www.ents24.com/london-events/the-great-northern-railway-tavern,t
The Wesley Centre,Rotherham,https://www.ents24.com/rotherham-events/the-wesley-centre,t
The Assembly Rooms,Newcastle Upon Tyne,https://www.ents24.com/newcastle-upon-tyne-events/the-assembly-rooms,t
The Bee's Mouth,Hove,https://www.ents24.com/hove-events/the-bees-mouth,t
The Ceilidh Place,Ullapool,https://www.ents24.com/ullapool-events/the-ceilidh-place,t
The Oast House,Gillingham,https://www.ents24.com/gillingham-events/the-oast-house,t
The Roundhouse Rocks,Bolton,https://www.ents24.com/bolton-events/the-roundhouse,t
The Soundhouse,Dublin,https://www.ents24.com/dublin-events/the-soundhouse,t
The RhodeHouse,Sutton Coldfield,https://www.ents24.com/sutton-coldfield-events/the-rhodehouse,t
The Lamb Hotel,Manchester,https://www.ents24.com/manchester-events/the-lamb-hotel,t
Thorpe Park,Chertsey,https://www.ents24.com/chertsey-events/thorpe-park,t
The New Ripon Operatics Hall & Arts Hub,Ripon,https://www.ents24.com/ripon-events/the-new-ripon-operatics-hall-and-arts-hub,t
The Anstice,Telford,https://www.ents24.com/telford-events/the-anstice,t
The Underground,Bournemouth,https://www.ents24.com/bournemouth-events/the-underground,t
Turks Head,Twickenham,https://www.ents24.com/twickenham-events/turks-head,t
Trecco Bay Holiday Park,Porthcawl,https://www.ents24.com/porthcawl-events/trecco-bay-holiday-park,t
Tullyglass House Hotel,Ballymena,https://www.ents24.com/ballymena-events/tullyglass-house-hotel,t
The Regal Theatre,Minehead,https://www.ents24.com/minehead-events/the-regal-theatre,t
The Beck Theatre Foyer,Hayes,https://www.ents24.com/hayes-events/the-beck-theatre-foyer,t
The Royal Oak,Swindon,https://www.ents24.com/swindon-events/the-royal-oak,t
The TLT Concert Hall & Theatre,Drogheda,https://www.ents24.com/drogheda-events/the-tlt-concert-hall-and-theatre,t
The Albany,London,https://www.ents24.com/london-events/the-albany,t
The Royal Hotel,Whitby,https://www.ents24.com/whitby-events/the-royal-hotel,t
The Gallery Studio Theatre,Ipswich,https://www.ents24.com/ipswich-events/the-gallery-studio-theatre,t
The Hyde Tavern,Winchester,https://www.ents24.com/winchester-events/the-hyde-tavern,t
The Boogaloo,London,https://www.ents24.com/london-events/the-boogaloo,t
The Button Factory,Dublin,https://www.ents24.com/dublin-events/the-button-factory,t
Tower of London,London,https://www.ents24.com/london-events/tower-of-london,t
The Village Club,Henley-on-Thames,https://www.ents24.com/henley-on-thames-events/the-village-club,t
The Arden Theatre,Faversham,https://www.ents24.com/faversham-events/the-arden-theatre,t
The Barley Mow,Southsea,https://www.ents24.com/southsea-events/the-barley-mow,t
The Bellhouse Olde Barn,Warrington,https://www.ents24.com/warrington-events/the-bellhouse-olde-barn,t
Thread,Stockport,https://www.ents24.com/stockport-events/thread,t
The Hippodrome Casino,London,https://www.ents24.com/london-events/the-hippodrome-casino-1,t
The Globe at Hay,Hay On Wye,https://www.ents24.com/hay-on-wye-events/the-globe-at-hay,t
The Essex Arms,Brentwood,https://www.ents24.com/brentwood-events/the-essex-arms,t
The Spire and Spoke Tipi,Watlington,https://www.ents24.com/watlington-events/the-spire-and-spoke-tipi,t
The Baths,Ipswich,https://www.ents24.com/ipswich-events/the-baths,t
The Music Baa,Salisbury,https://www.ents24.com/salisbury-events/the-music-baa,t
The Borough Hall,Godalming,https://www.ents24.com/godalming-events/the-borough-hall,t
The Carrington House Hotel,Bournemouth,https://www.ents24.com/bournemouth-events/the-carrington-house-hotel,t
The Engine Rooms,Skelmersdale,https://www.ents24.com/skelmersdale-events/the-engine-rooms,t
The Sunflower Public House,Belfast,https://www.ents24.com/belfast-events/the-sunflower-public-house,t
The Pit at Newstead,Newstead,https://www.ents24.com/newstead-events/the-pit-at-newstead,t
The Mill Arts & Events Centre,Rayleigh,https://www.ents24.com/rayleigh-events/the-mill-arts-and-events-centre-1,t
Theatreship,London,https://www.ents24.com/london-events/theatreship,t
Temple Speech Room,Rugby,https://www.ents24.com/rugby-events/temple-speech-room,t
The American Bar,Belfast,https://www.ents24.com/belfast-events/the-american-bar,t
The Loft Venue,Grimsby,https://www.ents24.com/grimsby-events/the-loft-venue,t
Temple of Peace,Cardiff,https://www.ents24.com/cardiff-events/temple-of-peace,t
The Suburbs @ The Holroyd Arms,Guildford,https://www.ents24.com/guildford-events/the-suburbs-the-holroyd-arms,t
Thimblemill Library,Smethwick,https://www.ents24.com/smethwick-events/thimblemill-library,t
The Multi Faith Centre,Derby,https://www.ents24.com/derby-events/the-multi-faith-centre,t
The Kings Theatre,Gloucester,https://www.ents24.com/gloucester-events/the-kings-theatre,t
The Walronds,Cullompton,https://www.ents24.com/cullompton-events/the-walronds-1,t
The Newtown Pippin Bracknell,Bracknell,https://www.ents24.com/bracknell-events/the-newtown-pippin-bracknell,t
The Queens Head,Box,https://www.ents24.com/box-events/the-queens-head,t
The Heatons Sports Club,Stockport,https://www.ents24.com/stockport-events/the-heatons-sports-club,t
The Castle Hotel,Bradford,https://www.ents24.com/bradford-events/the-castle-hotel,t
The Swan,Southwold,https://www.ents24.com/southwold-events/the-swan,t
The Benidorm Bar,Liverpool,https://www.ents24.com/liverpool-events/the-benidorm-bar,t
The Athenaeum,Warminster,https://www.ents24.com/warminster-events/the-athenaeum,t
The Saatchi Gallery,London,https://www.ents24.com/london-events/the-saatchi-gallery,t
The Brickworks,Nottingham,https://www.ents24.com/nottingham-events/the-brickworks,t
The Strathaven Hotel,Strathaven,https://www.ents24.com/strathaven-events/the-strathaven-hotel,t
The Empress,Harrogate,https://www.ents24.com/harrogate-events/the-empress-1,t
The Crestwood Pub,Kingswinford,https://www.ents24.com/kingswinford-events/the-crestwood-pub,t
The Winchester Gate,Salisbury,https://www.ents24.com/salisbury-events/the-winchester-gate,t
The Malthouse,Ironbridge,https://www.ents24.com/ironbridge-events/the-malthouse,t
The Coquetdale Music Centre,Morpeth,https://www.ents24.com/morpeth-events/the-coquetdale-music-centre,t
The Tache,Blackpool,https://www.ents24.com/blackpool-events/the-tache,t
The Princess,Burnham-on-Sea,https://www.ents24.com/burnham-on-sea-events/the-princess,t
Trestle Arts Base,St. Albans,https://www.ents24.com/st-albans-events/trestle-arts-base,t
The Octagon Hall,Buxton,https://www.ents24.com/buxton-events/the-octagon-hall,t
The Arts Barge,York,https://www.ents24.com/york-events/the-arts-barge-1,t
The Brasenose Arms,Banbury,https://www.ents24.com/banbury-events/the-brasenose-arms,t
The Public Hall,Budleigh Salterton,https://www.ents24.com/budleigh-salterton-events/the-public-hall,t
The Vestry Hall,Cranbrook,https://www.ents24.com/cranbrook-events/the-vestry-hall,t
The Doublet,Glasgow,https://www.ents24.com/glasgow-events/the-doublet,t
Teesside University SU,Middlesbrough,https://www.ents24.com/middlesbrough-events/teesside-university-su,t
The Dead Famous,Newquay,https://www.ents24.com/newquay-events/the-dead-famous,t
Theata (Emerald Embankment),London,https://www.ents24.com/london-events/theata-emerald-embankment,t
The Showroom at Media & Exhibition Centre,Sheffield,https://www.ents24.com/sheffield-events/the-showroom-at-media-and-exhibition-centre,t
The Palace Community Centre,Ibstock,https://www.ents24.com/ibstock-events/the-palace-community-centre,t
The Temple Of Art And Music,London,https://www.ents24.com/london-events/the-temple-of-art-and-music,t
The Rattler,South Shields,https://www.ents24.com/south-shields-events/the-rattler,t
The Joe Longthorne Studio,Blackpool,https://www.ents24.com/blackpool-events/the-joe-longthorne-studio,t
The Two Brewers,London,https://www.ents24.com/london-events/two-brewers-club,t
The Back Room,Leeds,https://www.ents24.com/leeds-events/the-back-room,t
The Music Workshop,Folkestone,https://www.ents24.com/folkestone-events/the-music-workshop,t
The Lion and Swan,Congleton,https://www.ents24.com/congleton-events/the-lion-and-swan,t
The Workmans Club,Dublin,https://www.ents24.com/dublin-events/the-workmans-club,t
Titanic Belfast,Belfast,https://www.ents24.com/belfast-events/titanic-belfast,t
The Helix,Dublin,https://www.ents24.com/dublin-events/the-helix-1,t
The Komodo,Lincoln,https://www.ents24.com/lincoln-events/the-komodo,t
The Arena,Crewe,https://www.ents24.com/crewe-events/the-arena-1,t
The Shed,Charlbury,https://www.ents24.com/charlbury-events/the-shed,t
The Royal Hotel,Southend-On-Sea,https://www.ents24.com/southend-on-sea-events/the-royal-hotel,t
Top Spot Snooker Club,Nottingham,https://www.ents24.com/nottingham-events/top-spot-snooker-club,t
The Fishermen's Chapel,Leigh-on-Sea,https://www.ents24.com/leigh-on-sea-events/the-fishermens-chapel,t
The Snug Coffee House,Atherton,https://www.ents24.com/atherton-events/the-snug-coffee-house,t
The Whistle & Flute,Nottingham,https://www.ents24.com/nottingham-events/the-whistle-and-flute,t
The Bear and Wolf,Kidderminster,https://www.ents24.com/kidderminster-events/the-bear-and-wolf,t
The Garrison,Barnsley,https://www.ents24.com/barnsley-events/the-garrison,t
The Box,Coventry,https://www.ents24.com/coventry-events/the-box,t
The Swan,Stourport-on-Severn,https://www.ents24.com/stourport-on-severn-events/the-swan,t
The Weaver's House,Coventry,https://www.ents24.com/coventry-events/the-weavers-house,t
"Teatro Auditorio, Beniarbeig",Alicante,https://www.ents24.com/alicante-events/teatro-auditorio-beniarbeig,t
The Black Diamond,Northampton,https://www.ents24.com/northampton-events/the-black-diamond,t
The Holloway,Norwich,https://www.ents24.com/norwich-events/the-holloway,t
The Belvoir Castle (Formerly The Victoria Works),Bath,https://www.ents24.com/bath-events/the-belvoir-castle-formerly-the-victoria-works,t
The Walrus,Brighton,https://www.ents24.com/brighton-events/the-walrus,t
The Rose & Monkey,Manchester,https://www.ents24.com/manchester-events/the-rose-and-monkey,t
The Talbot Hotel,Oundle,https://www.ents24.com/oundle-events/the-talbot-hotel,t
The Red Lion,Ramsgate,https://www.ents24.com/ramsgate-events/the-red-lion,t
The Chester Tavern,Kidderminster,https://www.ents24.com/kidderminster-events/the-chester-tavern,t
The Piano Bar at Red Room Studio,London,https://www.ents24.com/london-events/the-piano-bar-at-red-room-studio,t
The Halliwell Conference Centre at Trinity College,Carmarthen,https://www.ents24.com/carmarthen-events/the-halliwell-conference-centre-at-trinity-college,t
Temple Island Meadows,Remenham (Nr. Henley),https://www.ents24.com/remenham-nr-henley-events/temple-island-meadows,t
The Fitzgerald,Manchester,https://www.ents24.com/manchester-events/the-fitzgerald,t
The Grand Hotel Scarborough,Scarborough,https://www.ents24.com/scarborough-events/the-grand-hotel-scarborough,t
Top Secret Comedy Club Kingsway,London,https://www.ents24.com/london-events/top-secret-comedy-club-kingsway,t
The Arts at Marble Arch,London,https://www.ents24.com/london-events/the-arts-at-marble-arch,t
The Cabin,Camberley,https://www.ents24.com/camberley-events/the-cabin,t
The Pie Hall,Huddersfield,https://www.ents24.com/huddersfield-events/the-pie-hall,t
The Barrel (Banham),Banham,https://www.ents24.com/banham-events/the-barrel-banham,t
The Cobblestone,Dublin,https://www.ents24.com/dublin-events/the-cobblestone,t
The Cat Asylum Brewery,Collingham,https://www.ents24.com/collingham-events/the-cat-asylum-brewery,t
The Folk of Gloucester,99-103 Westgate Street,https://www.ents24.com/99-103-westgate-street-events/the-folk-of-gloucester,t
The Pig Place,Banbury,https://www.ents24.com/banbury-events/the-pig-place,t
The ACE Cafe,London,https://www.ents24.com/london-events/the-ace-cafe,t
The Railway Tavern,London,https://www.ents24.com/london-events/the-railway-tavern-1,t
The Grand Hotel,Swansea,https://www.ents24.com/swansea-events/the-grand-hotel,t
theSpaceTriplex,Edinburgh,https://www.ents24.com/edinburgh-events/thespacetriplex,t
The Railway Inn,Westbury,https://www.ents24.com/westbury-events/the-railway-inn,t
"The Everyman, Cork",Cork,https://www.ents24.com/cork-events/the-everyman-cork,t
The Good Mixer,Camden,https://www.ents24.com/camden-events/the-good-mixer,t
The Acoustic Lounge,Poynton,https://www.ents24.com/poynton-events/the-acoustic-lounge,t
Theatrebarn,Bretforton,https://www.ents24.com/bretforton-events/theatrebarn,t
The Mall Sessions by Redstart Community,Redhill,https://www.ents24.com/redhill-events/the-mall-sessions-by-redstart-community,t
The Bag Factory,Manchester,https://www.ents24.com/manchester-events/the-bag-factory,t
The Greyhound,Trowbridge,https://www.ents24.com/trowbridge-events/the-greyhound,t
The Station Birmingham,Birmingham,https://www.ents24.com/birmingham-events/the-station-birmingham,t
The Paddocks,Canvey Island,https://www.ents24.com/canvey-island-events/the-paddocks,t
The Ginistry,Oxted,https://www.ents24.com/oxted-events/the-ginistry,t
The People's Republic Bar,Hull,https://www.ents24.com/hull-events/the-peoples-republic-bar,t
The Swiss Cottage,Twyford,https://www.ents24.com/twyford-events/the-swiss-cottage,t
Twisted Taproom,Stockton-on-Tees,https://www.ents24.com/stockton-on-tees-events/twisted-taproom,t
The Coach House,Grimsby,https://www.ents24.com/grimsby-events/the-coach-house,t
Talbot Community Centre,Bridgend,https://www.ents24.com/bridgend-events/talbot-community-centre,t
The Metropolitan Cathedral of Christ the King Liverpool,Liverpool,https://www.ents24.com/liverpool-events/the-metropolitan-cathedral-of-christ-the-king-liverpool,t
The Lamb & Lion,Southend-on-Sea,https://www.ents24.com/southend-on-sea-events/the-lamb-and-lion,t
The Bulmer Fox,Sudbury,https://www.ents24.com/sudbury-events/the-bulmer-fox,t
The Assembly Room at Ruthin Town Hall,Ruthin,https://www.ents24.com/ruthin-events/the-assembly-room-at-ruthin-town-hall,t
The Hexagon,Eye,https://www.ents24.com/eye-events/the-hexagon,t
The Town Mill,Totnes,https://www.ents24.com/totnes-events/the-town-mill,t
The Crescent Arts Centre,Belfast,https://www.ents24.com/belfast-events/the-crescent-arts-centre,t
The Libertine,Worthing,https://www.ents24.com/worthing-events/the-libertine,t
The Lighthouse,Deal,https://www.ents24.com/deal-events/the-lighthouse,t
The University Arms,Cambridge,https://www.ents24.com/cambridge-events/the-university-arms,t
The Bird In Hand,Fareham,https://www.ents24.com/fareham-events/the-bird-in-hand,t
The New Headingley Club,Headingley,https://www.ents24.com/headingley-events/the-new-headingley-club,t
The Lightroom,London,https://www.ents24.com/london-events/the-lightroom,t
Tower Theatre,Folkestone,https://www.ents24.com/folkestone-events/tower-theatre,t
The Swan Inn,Stone,https://www.ents24.com/stone-events/the-swan-inn,t
The Big Sheep,Bideford,https://www.ents24.com/bideford-events/the-big-sheep,t
The Old Library Bar,London,https://www.ents24.com/london-events/the-old-library-bar,t
The Court House,Bangor,https://www.ents24.com/bangor-events/the-court-house,t
The Venue Bar,Bolton,https://www.ents24.com/bolton-events/the-venue-bar,t
Todmorden Town Hall,Todmorden,https://www.ents24.com/todmorden-events/todmorden-town-hall,t
The Barley Mow,Bonsall,https://www.ents24.com/bonsall-events/the-barley-mow,t
Thomas Wilson Club,Gateshead,https://www.ents24.com/gateshead-events/thomas-wilson-club,t
Tencreek Holiday Park,Looe,https://www.ents24.com/looe-events/tencreek-holiday-park,t
The Octagon Chapel,Norwich,https://www.ents24.com/norwich-events/the-octagon-chapel,t
The Bank Vaults,Aberystwyth,https://www.ents24.com/aberystwyth-events/the-bank-vaults,t
The Jago,London,https://www.ents24.com/london-events/the-jago-1,t
The Old Bus Depot,Nottingham,https://www.ents24.com/nottingham-events/the-old-bus-depot,t
The Wherry Hotel,Lowestoft,https://www.ents24.com/lowestoft-events/the-wherry-hotel,t
The Hot Tin,Faversham,https://www.ents24.com/faversham-events/the-hot-tin,t
The Cotton Club,Dartford,https://www.ents24.com/dartford-events/the-cotton-club,t
Twinwood Arena and Glenn Miller Museum,Clapham,https://www.ents24.com/clapham-events/twinwood-arena-and-glenn-miller-museum,t
The Market Hotel,Reigate,https://www.ents24.com/reigate-events/the-market-hotel,t
The Banking Hall,London,https://www.ents24.com/london-events/the-banking-hall,t
The Springhead,Weymouth,https://www.ents24.com/weymouth-events/the-springhead,t
The Garrison,Mansfield,https://www.ents24.com/mansfield-events/the-garrison,t
The Isis Farmhouse,Oxford,https://www.ents24.com/oxford-events/the-isis-farmhouse,t
The Lamplighter,Northampton,https://www.ents24.com/northampton-events/the-lamplighter,t
The Old Town Hall,Wombwell,https://www.ents24.com/wombwell-events/the-old-town-hall,t
The Guildhall,Bath,https://www.ents24.com/bath-events/the-guildhall,t
The Four Horsemen,Bournemouth,https://www.ents24.com/bournemouth-events/the-four-horsemen,t
The Fleece Inn,Evesham,https://www.ents24.com/evesham-events/the-fleece-inn-1,t
The Ridgemont Pavilion,Tunbridge Wells,https://www.ents24.com/tunbridge-wells-events/the-ridgemont-pavilion,t
The Gaffe Comedy Club,Bristol,https://www.ents24.com/bristol-events/the-gaffe-comedy-club,t
The Talbot Theatre at Whitchurch Leisure Centre,Whitchurch,https://www.ents24.com/whitchurch-events/the-talbot-theatre-at-whitchurch-leisure-centre,t
The Red Lion Music Venue,Witney,https://www.ents24.com/witney-events/the-red-lion-music-venue,t
The Muse,Brecon,https://www.ents24.com/brecon-events/the-muse,t
The Leys Recreation Ground,Witney,https://www.ents24.com/witney-events/the-leys-recreation-ground,t
The Rookery Bar & Venue,Otley,https://www.ents24.com/otley-events/the-rookery-bar-and-venue,t
The Low Green,Ayr,https://www.ents24.com/ayr-events/the-low-green,t
The Queens Head,Buxton,https://www.ents24.com/buxton-events/the-queens-head,t
The Gamble Halls,Gourock,https://www.ents24.com/gourock-events/the-gamble-halls,t
The Leyton Star,London,https://www.ents24.com/london-events/the-leyton-star,t
The Leeds Library,Leeds,https://www.ents24.com/leeds-events/the-leeds-library,t
The Country Park,Hull,https://www.ents24.com/hull-events/the-country-park,t
The New Plaza,Port Talbot,https://www.ents24.com/port-talbot-events/the-new-plaza,t
The Counting House,Edinburgh,https://www.ents24.com/edinburgh-events/the-counting-house,t
Turnpost Farm,Wymeswold,https://www.ents24.com/wymeswold-events/turnpost-farm,t
The Tooth & Claw,Inverness,https://www.ents24.com/inverness-events/the-tooth-and-claw,t
The Lowther Pavilion Theatre and Gardens,Lytham Saint Annes,https://www.ents24.com/lytham-saint-annes-events/the-lowther-pavilion-theatre-and-gardens,t
The Fat Fox,Southsea,https://www.ents24.com/southsea-events/the-fat-fox,t
The Roundabout,Plymouth,https://www.ents24.com/plymouth-events/the-roundabout,t
The Old Regent Ballroom,Stanford-le-hope,https://www.ents24.com/stanford-le-hope-events/the-old-regent-ballroom,t
The New Bingley Hall,Birmingham,https://www.ents24.com/birmingham-events/the-new-bingley-hall,t
The Old Toll Bar,Glasgow,https://www.ents24.com/glasgow-events/the-old-toll-bar,t
Thames Side Brewery and Tap Room,Staines,https://www.ents24.com/staines-events/thames-side-brewery-and-tap-room,t
The Rock Lodge,Kent,https://www.ents24.com/kent-events/the-rock-lodge,t
The Milestone,Sheffield,https://www.ents24.com/sheffield-events/the-milestone,t
The Canopy Theatre,Beccles,https://www.ents24.com/beccles-events/the-canopy-theatre,t
theSpace @ Symposium Hall,Edinburgh,https://www.ents24.com/edinburgh-events/thespace-symposium-hall,t
The Shortlands Tavern,Bromley,https://www.ents24.com/bromley-events/the-shortlands-tavern,t
The New Inn,Newport,https://www.ents24.com/newport-events/the-new-inn,t
The Terrace,Dewsbury,https://www.ents24.com/dewsbury-events/the-terrace,t
The Alley Theatre and Conference Centre,Strabane,https://www.ents24.com/strabane-events/the-alley-theatre-and-conference-centre,t
The Latvian Club,Bradford,https://www.ents24.com/bradford-events/the-latvian-club,t
The Carnegie & Guildhall Complex,Thetford,https://www.ents24.com/thetford-events/the-carnegie-and-guildhall-complex,t
The Steelmen Bar,Corby,https://www.ents24.com/corby-events/the-club-house,t
The Temple,Eastbourne,https://www.ents24.com/eastbourne-events/the-temple,t
The Blue Posts,London,https://www.ents24.com/london-events/the-blue-posts-1,t
The Beach,Littlehampton,https://www.ents24.com/littlehampton-events/the-beach,t
The Jam Factory,Hereford,https://www.ents24.com/hereford-events/the-jam-factory,t
The George Inn,Portsmouth,https://www.ents24.com/portsmouth-events/the-george-inn,t
The Victoria Inn Brampton ,Chesterfield,https://www.ents24.com/chesterfield-events/the-victoria-inn-brampton,t
The Railway Inn,Winchester,https://www.ents24.com/winchester-events/the-railway-inn-1,t
The Norfolk Arms Hotel,Glossop,https://www.ents24.com/glossop-events/the-norfolk-arms-hotel,t
Trinity Buoy Wharf,London,https://www.ents24.com/london-events/trinity-buoy-wharf,t
The Civic Hall,Didcot,https://www.ents24.com/didcot-events/the-civic-hall,t
Theatre Royal Waterford,Waterford,https://www.ents24.com/waterford-events/theatre-royal-waterford,t
Tern Hill Hall,Market Drayton,https://www.ents24.com/market-drayton-events/tern-hill-hall,t
The Griffin Inn,Newquay,https://www.ents24.com/newquay-events/the-griffin-inn,t
The Heyford Hotel,Bicester,https://www.ents24.com/bicester-events/the-heyford-hotel,t
Todd In The Hole,Stevenage,https://www.ents24.com/stevenage-events/todd-in-the-hole,t
The Nest,Nottingham,https://www.ents24.com/nottingham-events/the-nest,t
The Carpet Shop,London,https://www.ents24.com/london-events/the-carpet-shop,t
The Limes,Faversham,https://www.ents24.com/faversham-events/the-limes,t
Toms Tap and Brewhouse,Crewe,https://www.ents24.com/crewe-events/toms-tap-and-brewhouse,t
The Little Theatre,Telford,https://www.ents24.com/telford-events/the-little-theatre,t
The Rock and Roll Brewhouse,Birmingham,https://www.ents24.com/birmingham-events/the-rock-and-roll-brewhouse,t
The Anglers Inn,Eastleigh,https://www.ents24.com/eastleigh-events/the-anglers-inn,t
Tipu Sultan,Birmingham,https://www.ents24.com/birmingham-events/tipu-sultan-1,t
The Shaftesbury Theatre,Dawlish,https://www.ents24.com/dawlish-events/the-shaftesbury-theatre,t
The Lughole,Sheffield,https://www.ents24.com/sheffield-events/the-lughole,t
The Community Farm,Bristol,https://www.ents24.com/bristol-events/the-community-farm,t
The Acorn Centre,Inverurie,https://www.ents24.com/inverurie-events/the-acorn-centre,t
The Coach House Piccadilly,London,https://www.ents24.com/london-events/the-coach-house-piccadilly,t
The Link,Stockton-on-Tees,https://www.ents24.com/stockton-on-tees-events/the-link,t
The Residence Bar & Kitchen,Milton Keynes,https://www.ents24.com/milton-keynes-events/the-residence-bar-and-kitchen,t
"The Vault Arts Centre, Newton Stewart",Newton Stewart,https://www.ents24.com/newton-stewart-events/the-vault-arts-centre-newton-stewart-1,t
The Fickle Pickle,Southend-on-Sea,https://www.ents24.com/southend-on-sea-events/the-fickle-pickle,t
The Horse Hospital,London,https://www.ents24.com/london-events/the-horse-hospital,t
Towneley Hall,Burnley,https://www.ents24.com/burnley-events/towneley-hall,t
The Boathouse,Cambridge,https://www.ents24.com/cambridge-events/the-boathouse,t
The Mill,Bradford,https://www.ents24.com/bradford-events/the-mill,t
The Corn Exchange,Faringdon,https://www.ents24.com/faringdon-events/the-corn-exchange,t
Thornton Hall Hotel,Wirral,https://www.ents24.com/wirral-events/thornton-hall-hotel,t
The Jazz Centre UK,Southend-on-Sea,https://www.ents24.com/southend-on-sea-events/the-jazz-centre-uk,t
The Rose And Crown,Thurnby,https://www.ents24.com/thurnby-events/the-rose-and-crown,t
The Calder Vale Hotel,Wakefield,https://www.ents24.com/wakefield-events/the-calder-vale-hotel,t
The Railway Greenfield,Greenfield,https://www.ents24.com/greenfield-events/the-railway-greenfield-2,t
The Art Club,Dover,https://www.ents24.com/dover-events/the-art-club,t
"The Crown Inn, Westbury",Westbury,https://www.ents24.com/westbury-events/the-crown-inn-westbury,t
The Holroyd Community Theatre,Oswestry,https://www.ents24.com/oswestry-events/the-holroyd-community-theatre,t
The Old Sun Inn,Saffron Walden,https://www.ents24.com/saffron-walden-events/the-old-sun-inn,t
The Vault,Guernsey,https://www.ents24.com/guernsey-events/the-vault-1,t
Tooting Bec Common,London,https://www.ents24.com/london-events/tooting-bec-common,t
The Lost Arc,Rhayader,https://www.ents24.com/rhayader-events/the-lost-arc,t
The New Wool Market,Doncaster,https://www.ents24.com/doncaster-events/the-new-wool-market,t
The Old Market Assembly,Bristol,https://www.ents24.com/bristol-events/the-old-market-assembly,t
The Bell,Hounslow,https://www.ents24.com/hounslow-events/the-bell,t
The Playhouse,Portrush,https://www.ents24.com/portrush-events/the-playhouse-1,t
The Sabai Pavillion Shepherds Bush Green,Shepherds Bush,https://www.ents24.com/shepherds-bush-events/the-sabai-pavillion-shepherds-bush-green,t
The Ruze Chippenham,Chippenham,https://www.ents24.com/chippenham-events/the-ruze-chippenham,t
Thornaby Central Library,Thornaby,https://www.ents24.com/thornaby-events/thornaby-central-library,t
The Town Mill,Strathaven,https://www.ents24.com/strathaven-events/the-town-mill,t
The Old Star,Uttoxeter,https://www.ents24.com/uttoxeter-events/the-old-star,t
Townsend Social Club,Halesowen,https://www.ents24.com/halesowen-events/townsend-social-club,t
The Black Dyke Mills Heritage Venue,Bradford,https://www.ents24.com/bradford-events/the-black-dyke-mills-heritage-venue,t
Thorington Theatre,Nr. Southwold,https://www.ents24.com/nr-southwold-events/thorington-theatre,t
The Newgate Social,Newcastle-upon-Tyne,https://www.ents24.com/newcastle-upon-tyne-events/the-newgate-social,t
Ty Tawe,Swansea,https://www.ents24.com/swansea-events/ty-tawe,t
The Victoria Hall,Hook,https://www.ents24.com/hook-events/the-victoria-hall,t
The Royal British Legion,Heswall,https://www.ents24.com/heswall-events/the-royal-british-legion,t
The Stage Door Longridge,Longridge,https://www.ents24.com/longridge-events/the-stage-door-longridge,t
The Midland Spinner,Bristol,https://www.ents24.com/bristol-events/the-midland-spinner,t
The Hough End Club,Chorlton,https://www.ents24.com/chorlton-events/the-hough-end-club,t
The Sussex Arms,Tunbridge Wells,https://www.ents24.com/tunbridge-wells-events/the-sussex-arms,t
The Cut,Newcastle upon Tyne,https://www.ents24.com/newcastle-upon-tyne-events/the-cut,t
The Dog and Whistle at the Ram,Hertford,https://www.ents24.com/hertford-events/the-dog-and-whistle-at-the-ram,t
The Dips,New Brighton,https://www.ents24.com/new-brighton-events/the-dips,t
The Lodge Hotel,Coleraine,https://www.ents24.com/coleraine-events/the-lodge-hotel,t
The Junction,Rainford,https://www.ents24.com/rainford-events/the-junction,t
The Carriage Shed,Chester,https://www.ents24.com/chester-events/the-carriage-shed,t
The Hub at St Mary's,Lichfield,https://www.ents24.com/lichfield-events/the-hub-at-st-marys,t
The Great St Mary's Church,Cambridge,https://www.ents24.com/cambridge-events/the-great-st-marys-church,t
The Daten at Culcheth Sports Club,Warrington,https://www.ents24.com/warrington-events/the-daten-at-culcheth-sports-club,t
The Bunker,Sunderland,https://www.ents24.com/sunderland-events/the-bunker,t
Turf Moor (Burnley Football Club),Burnley,https://www.ents24.com/burnley-events/turf-moor-burnley-football-club,t
The Royalty - Bowness,Bowness-on-Windermere,https://www.ents24.com/bowness-on-windermere-events/the-royalty-bowness,t
The Wynd Centre,Paisley,https://www.ents24.com/paisley-events/the-wynd-centre,t
The Sun Inn,Faversham,https://www.ents24.com/faversham-events/the-sun-inn,t
The Assembly Rooms,Bolsover,https://www.ents24.com/bolsover-events/the-assembly-rooms,t
The Deco,Portsmouth,https://www.ents24.com/portsmouth-events/the-deco,t
The Show Park,East Kilbride,https://www.ents24.com/east-kilbride-events/the-show-park,t
The West End Working Mens Club,Leicester,https://www.ents24.com/leicester-events/the-west-end-working-mens-club,t
The Pig,Hastings,https://www.ents24.com/hastings-events/the-pig,t
Tylorstown Welfare Hall,Tylorstown,https://www.ents24.com/tylorstown-events/tylorstown-welfare-hall,t
The Ancient Briton,Swansea,https://www.ents24.com/swansea-events/the-ancient-briton,t
"Taylor's Shure 5 Studios, Oldham",Oldham,https://www.ents24.com/oldham-events/taylors-shure-5-studios-oldham,t
The Wren,Stone; Staffordshire,https://www.ents24.com/stone-staffordshire-events/the-wren,t
The Bugle Horn,London,https://www.ents24.com/london-events/the-bugle-horn,t
Trilogy,Colchester,https://www.ents24.com/colchester-events/trilogy,t
The Vagrants Club,Nantwich,https://www.ents24.com/nantwich-events/the-vagrants-club,t
Ty Siamas,Dolgellau,https://www.ents24.com/dolgellau-events/ty-siamas,t
The Carriers Inn,Bude,https://www.ents24.com/bude-events/the-carriers-inn,t
The Cluntergate Centre,Wakefield,https://www.ents24.com/wakefield-events/the-cluntergate-centre,t
The BEAT (Bosvena Events Arts Theatre),Bodmin,https://www.ents24.com/bodmin-events/the-beat-bosvena-events-arts-theatre,t
The Cornerstone Theatre,Sutton in Ashfield,https://www.ents24.com/sutton-in-ashfield-events/the-cornerstone-theatre,t
The Pelican Club,Nottingham,https://www.ents24.com/nottingham-events/the-pelican-club,t
The Henfield Hall,Henfield,https://www.ents24.com/henfield-events/the-henfield-hall,t
The Railway Hotel,Crumlin,https://www.ents24.com/crumlin-events/the-railway-hotel,t
Tolpuddle Village Hall,Dorchester,https://www.ents24.com/dorchester-events/tolpuddle-village-hall,t
The Pollyfield Centre,Bideford,https://www.ents24.com/bideford-events/the-pollyfield-centre,t
The Brixton Courtyard,London,https://www.ents24.com/london-events/the-brixton-courtyard,t
The Barrington Centre and Theatre,Ferndown,https://www.ents24.com/ferndown-events/the-barrington-centre-and-theatre,t
"The Gate Inn, Loscoe",Loscoe,https://www.ents24.com/loscoe-events/the-gate-inn-loscoe,t
The loading bay bradford,Bradford,https://www.ents24.com/bradford-events/the-loading-bay-bradford,t
The Camden Eye,London,https://www.ents24.com/london-events/the-camden-eye,t
The George & Dragon,Belper,https://www.ents24.com/belper-events/the-george-and-dragon,t
Town Hall,Wetherby,https://www.ents24.com/wetherby-events/town-hall,t
The Queens Head,Farnham,https://www.ents24.com/farnham-events/the-queens-head,t
Takeley Sports And Social Club,Takeley,https://www.ents24.com/takeley-events/takeley-sports-and-social-club,t
The Corn Exchange,Blandford Forum,https://www.ents24.com/blandford-forum-events/the-corn-exchange,t
The Geldart,Cambridge,https://www.ents24.com/cambridge-events/the-geldart,t
Thrapston Plaza,Kettering,https://www.ents24.com/kettering-events/thrapston-plaza,t
The Venue,Leeds,https://www.ents24.com/leeds-events/the-venue,t
The Firs Working Men's Club,Burntwood,https://www.ents24.com/burntwood-events/the-firs-working-mens-club,t
Temple Pier,London,https://www.ents24.com/london-events/temple-pier,t
The Rufus Centre,Bedford,https://www.ents24.com/bedford-events/the-rufus-centre,t
The Forum,Manchester,https://www.ents24.com/manchester-events/the-forum,t
The Rose,Biggleswade,https://www.ents24.com/biggleswade-events/the-rose,t
The Post Mill Centre,Derbyshire,https://www.ents24.com/derbyshire-events/the-post-mill-centre,t
The OEC,Sheffield,https://www.ents24.com/sheffield-events/the-oec,t
The Old School Rooms,Clitheroe,https://www.ents24.com/clitheroe-events/the-old-school-rooms,t
"The Swan, Stockwell",London,https://www.ents24.com/london-events/the-swan-stockwell,t
The Loom,Burnley,https://www.ents24.com/burnley-events/the-loom,t
The Blue Room,Lincoln,https://www.ents24.com/lincoln-events/the-blue-room-1,t
The Warehouse Arts Centre,Southport,https://www.ents24.com/southport-events/the-warehouse-arts-centre,t
The Gate to Southwell Festival 2026,SOUTHWELL,https://www.ents24.com/southwell-events/the-gate-to-southwell-festival-2026,t
The Ship Isis,Sunderland,https://www.ents24.com/sunderland-events/the-ship-isis,t
The Platform,Swindon,https://www.ents24.com/swindon-events/the-platform,t
The Green Rooms,Treforest,https://www.ents24.com/treforest-events/the-green-rooms,t
The Old Church,Sacriston,https://www.ents24.com/sacriston-events/the-old-church,t
The Mermaid Inn,Newquay,https://www.ents24.com/newquay-events/the-mermaid-inn,t
The Castle Inn,Castle Donington,https://www.ents24.com/castle-donington-events/the-castle-inn,t
The Old Market Square,Warrington,https://www.ents24.com/warrington-events/the-old-market-square,t
The Book & Record Bar,London,https://www.ents24.com/london-events/the-book-and-record-bar,t
"The Purple Room, St John's Parish Church",Ilkley,https://www.ents24.com/ilkley-events/the-purple-room-st-johns-parish-church,t
"The Harbour, Totterdown, Bristol, BS4 2EG ",Bristol,https://www.ents24.com/bristol-events/the-harbour-totterdown-bristol-bs4-2eg,t
The Kings Head,Cambridge,https://www.ents24.com/cambridge-events/the-kings-head,t
The New Orpheus at The Harp Bar,Belfast,https://www.ents24.com/belfast-events/the-new-orpheus-at-the-harp-bar,t
The Stand Comedy Club 2,Edinburgh,https://www.ents24.com/edinburgh-events/the-stand-comedy-club-2,t
The Victoria Institute,Arundel,https://www.ents24.com/arundel-events/the-victoria-institute,t
The Waverley Bar,Edinburgh,https://www.ents24.com/edinburgh-events/the-waverley-bar,t
The Royal Oak,Tunbridge Wells,https://www.ents24.com/tunbridge-wells-events/the-royal-oak,t
The Moustache Bar,London,https://www.ents24.com/london-events/the-moustache-bar,t
The Bell,London,https://www.ents24.com/london-events/the-bell-2,t
The Mad Hatter Inn,Brighton,https://www.ents24.com/brighton-events/the-mad-hatter-inn,t
The Irish Club,Annitsford,https://www.ents24.com/annitsford-events/the-irish-club,t
Test Desk,Bristol,https://www.ents24.com/bristol-events/test-desk,t
The Fishbourne Centre,Chichester,https://www.ents24.com/chichester-events/the-fishbourne-centre,t
The Glove That Fits,London,https://www.ents24.com/london-events/the-glove-that-fits,t
The Regent Cinema,Blackpool,https://www.ents24.com/blackpool-events/the-regent-cinema,t
Three Hounds Beer Company,Beckenham,https://www.ents24.com/beckenham-events/three-hounds-beer-company,t
The Chester House Estate,Wellingborough,https://www.ents24.com/wellingborough-events/the-chester-house-estate,t
The Courtyard,Mexborough,https://www.ents24.com/mexborough-events/the-courtyard,t
The Pallant Hall,Havant,https://www.ents24.com/havant-events/the-pallant-hall,t
Thai Orchid,Maidstone,https://www.ents24.com/maidstone-events/thai-orchid,t
Troubadour Canary Wharf Theatre,London,https://www.ents24.com/london-events/troubadour-canary-wharf-theatre,t
The Broadcaster,London,https://www.ents24.com/london-events/the-broadcaster,t
The Lost Estate,London,https://www.ents24.com/london-events/the-lost-estate,t
The Clock Tavern,Hebburn,https://www.ents24.com/hebburn-events/the-clock-tavern,t
The Stand Comedy Club 3 & 4,Edinburgh,https://www.ents24.com/edinburgh-events/the-stand-comedy-club-3-and-4,t
The Wolverley Club,Kidderminster,https://www.ents24.com/kidderminster-events/the-wolverley-club,t
The Parish Church of St Mary and All Saints,Chesterfield,https://www.ents24.com/chesterfield-events/the-parish-church-of-st-mary-and-all-saints,t
The Admiral Woods,Glasgow,https://www.ents24.com/glasgow-events/the-admiral-woods,t
The Pantiles Bandstand,Tunbridge Wells,https://www.ents24.com/tunbridge-wells-events/the-pantiles-bandstand,t
The Cinnabar Stevenage,Stevenage,https://www.ents24.com/stevenage-events/the-cinnabar-stevenage,t
The Cottage Hotel,Nottingham,https://www.ents24.com/nottingham-events/the-cottage-hotel,t
Toft Social Club,Cambridge,https://www.ents24.com/cambridge-events/toft-social-club,t
The Botanic House,Inverness,https://www.ents24.com/inverness-events/the-botanic-house-1,t
The Foresters,Bagshot,https://www.ents24.com/bagshot-events/the-foresters,t
The Monarch Bar,Dunfermline,https://www.ents24.com/dunfermline-events/the-monarch-bar,t
The Masons Arms,Oxford,https://www.ents24.com/oxford-events/the-masons-arms,t
The Gather,Ennerdale Bridge,https://www.ents24.com/ennerdale-bridge-events/the-gather,t
TNR Outdoors,Llangollen,https://www.ents24.com/llangollen-events/tnr-outdoors,t
The Blind Beggar,London,https://www.ents24.com/london-events/the-blind-beggar,t
Thorpe Club,Thorpe Le Soken,https://www.ents24.com/thorpe-le-soken-events/thorpe-club,t
The Old Hall Tavern,London,https://www.ents24.com/london-events/the-old-hall-tavern,t
The Love Inn,Bristol,https://www.ents24.com/bristol-events/the-love-inn-1,t
The Fir Trees Hotel,Strabane,https://www.ents24.com/strabane-events/the-fir-trees-hotel,t
The Invercarse Hotel,Dundee,https://www.ents24.com/dundee-events/the-invercarse-hotel,t
Trowbridge Park,Trowbridge,https://www.ents24.com/trowbridge-events/trowbridge-park,t
The Lucky Pig Cocktail Bar,London,https://www.ents24.com/london-events/the-lucky-pig-cocktail-bar,t
Temple Methodist Church,Budleigh Salterton,https://www.ents24.com/budleigh-salterton-events/temple-methodist-church,t
The Hare and Hounds,Sudbury,https://www.ents24.com/sudbury-events/the-hare-and-hounds,t
The Well,Retford,https://www.ents24.com/retford-events/the-well,t
The Admiral Rodney,Nottingham,https://www.ents24.com/nottingham-events/the-admiral-rodney,t
The Corbie Inn,Bo'ness,https://www.ents24.com/boness-events/the-corbie-inn,t
The Cinnamon Club,London,https://www.ents24.com/london-events/the-cinnamon-club,t
The Old Chapel,Nayland,https://www.ents24.com/nayland-events/the-old-chapel,t
The Ocean Suite ,Eastbourne,https://www.ents24.com/eastbourne-events/the-ocean-suite-1,t
The Hop Inn,Swindon,https://www.ents24.com/swindon-events/the-hop-inn,t
The Archway Tavern,London,https://www.ents24.com/london-events/the-archway-tavern,t
The Ball Inn Thorpe Hesley,Rotherham,https://www.ents24.com/rotherham-events/the-ball-inn-thorpe-hesley,t
The Corner Cafe,Edinburgh,https://www.ents24.com/edinburgh-events/the-corner-cafe,t
The Green Room,Bournemouth,https://www.ents24.com/bournemouth-events/the-green-room,t
The Laughing Monk,Dartmouth,https://www.ents24.com/dartmouth-events/the-laughing-monk,t
The Garlinge Theatre,Canterbury,https://www.ents24.com/canterbury-events/the-garlinge-theatre,t
The Lark,Dublin,https://www.ents24.com/dublin-events/the-lark,t
The Great Hall,Cambridge,https://www.ents24.com/cambridge-events/the-great-hall,t
Tilbury Yard,London,https://www.ents24.com/london-events/tilbury-yard,t
The George Bernard Shaw Theatre,Carlow,https://www.ents24.com/carlow-events/the-george-bernard-shaw-theatre-1,t
The Lion Hotel,Belper,https://www.ents24.com/belper-events/the-lion-hotel,t
"The Performance Space, Oldham Library & Lifelong Learning Centre",Oldham,https://www.ents24.com/oldham-events/the-performance-space-oldham-library-and-lifelong-learning-centre,t
The Jolly Friar,Basildon,https://www.ents24.com/basildon-events/the-jolly-friar,t
Thomas Hughes Memorial Hall,Uffington,https://www.ents24.com/uffington-events/thomas-hughes-memorial-hall,t
Tower Hill Tube Station,London,https://www.ents24.com/london-events/tower-hill-tube-station,t
The Stallards Inn,Trowbridge,https://www.ents24.com/trowbridge-events/the-stallards-inn,t
theSpace on the Mile,Edinburgh,https://www.ents24.com/edinburgh-events/thespace-on-the-mile,t
The Tank,South Elmshall,https://www.ents24.com/south-elmshall-events/the-tank,t
The Anchor Inn,Nayland,https://www.ents24.com/nayland-events/the-anchor-inn,t
The Paxton Centre,London,https://www.ents24.com/london-events/the-paxton-centre,t
Tapton Hall,Sheffield,https://www.ents24.com/sheffield-events/tapton-hall,t
The Great Field,Codicote,https://www.ents24.com/codicote-events/the-great-field,t
Torpoint Council Chambers,Torpoint,https://www.ents24.com/torpoint-events/torpoint-council-chambers,t
The Library Cafe & Restaurant,Sheffield,https://www.ents24.com/sheffield-events/the-library-cafe-and-restaurant,t
The Queen Elizabeth II Playing Field,Child Okeford DT11 8EL,https://www.ents24.com/child-okeford-dt11-8el-events/the-queen-elizabeth-ii-playing-field,t
The Green,Plumpton Green,https://www.ents24.com/plumpton-green-events/the-green,t
The Central,Wath-upon-Dearne,https://www.ents24.com/wath-upon-dearne-events/the-central,t
Thornton Hall Country Park,Skipton,https://www.ents24.com/skipton-events/thornton-hall-country-park,t
The Assembly Rooms - Frome,Frome,https://www.ents24.com/frome-events/the-assembly-rooms-frome,t
Teversham Club,Cambridge,https://www.ents24.com/cambridge-events/teversham-club,t
The Portland Arms,Cambridge,https://www.ents24.com/cambridge-events/the-portland-arms-1,t
Two by Two Brewery Tap,Newcastle upon Tyne,https://www.ents24.com/newcastle-upon-tyne-events/two-by-two-brewery-tap,t
Turnberries Community Centre,Bristol,https://www.ents24.com/bristol-events/turnberries-community-centre,t
The Moloko,Ipswich,https://www.ents24.com/ipswich-events/the-moloko,t
The Bay Horse Inn,Winteringham,https://www.ents24.com/winteringham-events/the-bay-horse-inn,t
Tower Millennium Pier,London,https://www.ents24.com/london-events/tower-millennium-pier,t
The Judge's Lodging,Presteigne,https://www.ents24.com/presteigne-events/the-judges-lodging,t
Torriano Meeting House,London,https://www.ents24.com/london-events/torriano-meeting-house,t
The Bustard Inn,Salisbury,https://www.ents24.com/salisbury-events/the-bustard-inn,t
The Green,Rushlake Green,https://www.ents24.com/rushlake-green-events/the-green,t
Taddington Village Institute,Taddington,https://www.ents24.com/taddington-events/taddington-village-institute,t
The Bookshop Alehouse,Southampton,https://www.ents24.com/southampton-events/the-bookshop-alehouse,t
The Carriers Inn,Hatchmere,https://www.ents24.com/hatchmere-events/the-carriers-inn,t
The Draycote Hotel,Rugby,https://www.ents24.com/rugby-events/the-draycote-hotel,t
The Quay Faversham,Faversham,https://www.ents24.com/faversham-events/the-quay-faversham,t
The Lounge Venue,Southend On Sea,https://www.ents24.com/southend-on-sea-events/the-lounge-venue,t
The Muddy Puddle,London,https://www.ents24.com/london-events/the-muddy-puddle,t
The Bridge Blackpool,Blackpool,https://www.ents24.com/blackpool-events/the-bridge-blackpool,t
The Feather Star,Matlock,https://www.ents24.com/matlock-events/the-feather-star,t
The Beehive,Brentford,https://www.ents24.com/brentford-events/the-beehive,t
The Centurion Club,Huntingdon,https://www.ents24.com/huntingdon-events/the-centurion-club,t
The Abbey House,Abbotsbury,https://www.ents24.com/abbotsbury-events/the-abbey-house,t
The Tye - Alfriston,Alfriston,https://www.ents24.com/alfriston-events/the-tye-alfriston,t
The Grapes,Oldham,https://www.ents24.com/oldham-events/the-grapes-1,t
The Old Mill Inn,Southampton,https://www.ents24.com/southampton-events/the-old-mill-inn,t
The Suffield Arms,Norwich,https://www.ents24.com/norwich-events/the-suffield-arms,t
Thornton Hall Hotel & Spa Luxe Wirral Wedding Fayre,Thornton Hough,https://www.ents24.com/thornton-hough-events/thornton-hall-hotel-and-spa-luxe-wirral-wedding-fayre,t
The Three Pigeons,Banbury,https://www.ents24.com/banbury-events/the-three-pigeons,t
The Shinfield Arms,Reading,https://www.ents24.com/reading-events/the-shinfield-arms,t
Twelve,Wolverhampton,https://www.ents24.com/wolverhampton-events/twelve,t
The Friendship,Stocksbridge,https://www.ents24.com/stocksbridge-events/the-friendship,t
The Lawn. Rochford.,Rochford,https://www.ents24.com/rochford-events/the-lawn-rochford,t
Tensor Studios,London,https://www.ents24.com/london-events/tensor-studios,t
The Royal Oak,Alfreton,https://www.ents24.com/alfreton-events/the-royal-oak,t
The County Club,Boston,https://www.ents24.com/boston-events/the-county-club,t
The Tap House,Lancaster,https://www.ents24.com/lancaster-events/the-tap-house,t
The Windjammer,London,https://www.ents24.com/london-events/the-windjammer,t
The Royal Mail Cart Spalding,Spalding,https://www.ents24.com/spalding-events/the-royal-mail-cart-spalding,t
The Chimney Lift at Battersea Power Station,London,https://www.ents24.com/london-events/the-chimney-lift-at-battersea-power-station,t
The Headland Hotel & Spa,Torquay,https://www.ents24.com/torquay-events/the-headland-hotel-and-spa,t
The Black Friar Salford,Salford,https://www.ents24.com/salford-events/the-black-friar-salford,t
The Ateneo Centre,Belfast,https://www.ents24.com/belfast-events/the-ateneo-centre,t
The Regal,Stowmarket,https://www.ents24.com/stowmarket-events/the-regal-2,t
The Nest at Chichester Festival Theatre,Chichester,https://www.ents24.com/chichester-events/the-nest-at-chichester-festival-theatre,t
The Three Horseshoes,Faversham,https://www.ents24.com/faversham-events/the-three-horseshoes,t
The Golden Lion Hotel,Stirling,https://www.ents24.com/stirling-events/the-golden-lion-hotel,t
The Banqueting House,London,https://www.ents24.com/london-events/the-banqueting-house,t
The Lamb,Trowbridge,https://www.ents24.com/trowbridge-events/the-lamb,t
The Packhorse,Bristol,https://www.ents24.com/bristol-events/the-packhorse,t
The Great Northern,Nottingham,https://www.ents24.com/nottingham-events/the-great-northern,t
Three Swans Hotel,Market Harborough,https://www.ents24.com/market-harborough-events/three-swans-hotel,t
Trinity Church Centre,London,https://www.ents24.com/london-events/trinity-church-centre,t
The Unicorn,Little Dawley,https://www.ents24.com/little-dawley-events/the-unicorn,t
Thirty Coffee Shop & Eatery,Filey,https://www.ents24.com/filey-events/thirty-coffee-shop-and-eatery,t
The Brooklands Pub & Restaurant,Shrewsbury,https://www.ents24.com/shrewsbury-events/the-brooklands-pub-and-restaurant,t
The Brewery Tap,Brentford,https://www.ents24.com/brentford-events/the-brewery-tap,t
The Glen Tavern,Dunfermline,https://www.ents24.com/dunfermline-events/the-glen-tavern,t
The Dugout Sports Bar & Kitchen,Folkestone,https://www.ents24.com/folkestone-events/the-dugout-sports-bar-and-kitchen,t
The Little Big Top,Eastbourne,https://www.ents24.com/eastbourne-events/the-little-big-top,t
The Old Rectory - Droxford,Droxford,https://www.ents24.com/droxford-events/the-old-rectory-droxford,t
The Crown Tavern,Bristol,https://www.ents24.com/bristol-events/the-crown-tavern,t
THE ROLAND ARMS ASTON,Sheffield,https://www.ents24.com/sheffield-events/the-roland-arms-aston,t
The Pheasant,Wellington,https://www.ents24.com/wellington-events/the-pheasant,t
The Cove,Hastings,https://www.ents24.com/hastings-events/the-cove,t
The Old Market Place,Brighton,https://www.ents24.com/brighton-events/the-old-market-place,t
The Rutland,Chesterfield,https://www.ents24.com/chesterfield-events/the-rutland,t
The Social Doncaster,Doncaster,https://www.ents24.com/doncaster-events/the-social-doncaster,t
The Punch Bowl ,SILSDEN,https://www.ents24.com/silsden-events/the-punch-bowl,t
Twist Museum,London,https://www.ents24.com/london-events/twist-museum,t
The Three Horseshoes,Ripley,https://www.ents24.com/ripley-events/the-three-horseshoes,t
The Bell Inn,Nottingham,https://www.ents24.com/nottingham-events/the-bell-inn-1,t
Townhill Community Centre,Swansea,https://www.ents24.com/swansea-events/townhill-community-centre,t
The Greenland's Inn,Birmingham,https://www.ents24.com/birmingham-events/the-greenlands-inn,t
"Tattershall Lakes Country Park, Tattershall",Lincoln,https://www.ents24.com/tattershall-lincoln-events/tattershall-lakes-country-park,t
The Station,Cannock,https://www.ents24.com/cannock-events/the-station-1,t
The New Inn ,Leeds,https://www.ents24.com/leeds-events/the-new-inn-1,t
"The New Inn, Chapel en le Frith",Chapel en le Frith,https://www.ents24.com/chapel-en-le-frith-events/the-new-inn-chapel-en-le-frith,t
TF Royal Theatre,Castlebar,https://www.ents24.com/castlebar-events/tf-royal-theatre,t
The Brickhouse Showbar,St.Helens,https://www.ents24.com/sthelens-events/the-brickhouse-showbar,t
The Snug,Dorchester-on-Thames,https://www.ents24.com/dorchester-on-thames-events/the-snug,t
The Park Hotel,Kilmarnock,https://www.ents24.com/kilmarnock-events/the-park-hotel-1,t
The Boat Shack Bromsgrove ,Bromsgrove,https://www.ents24.com/bromsgrove-events/the-boat-shack-bromsgrove,t
Torrance Parish Church,Glasgow,https://www.ents24.com/glasgow-events/torrance-parish-church,t
The Pitt,Edinburgh,https://www.ents24.com/edinburgh-events/the-pitt-1,t
The Kings Head,Salisbury,https://www.ents24.com/salisbury-events/the-kings-head,t
The Friendship Inn,Manchester,https://www.ents24.com/manchester-events/the-friendship-inn,t
Terminus Tap Room and Bottle Shop,Leeds,https://www.ents24.com/leeds-events/terminus-tap-room-and-bottle-shop,t
The Royal Oak Warboys,Huntingdon,https://www.ents24.com/huntingdon-events/the-royal-oak-warboys,t
The King's Head,Rochester,https://www.ents24.com/rochester-events/the-kings-head,t
Thornton Manor,Wirral,https://www.ents24.com/wirral-events/thornton-manor,t
Trafford Park Road,Trafford,https://www.ents24.com/trafford-events/trafford-park-road,t
The Spotted Cow,Bristol,https://www.ents24.com/bristol-events/the-spotted-cow,t
The Horse And Plough,Bingham,https://www.ents24.com/bingham-events/the-horse-and-plough,t
The Town Hall,Wareham,https://www.ents24.com/wareham-events/the-town-hall,t
The Saracen's Head,Ware,https://www.ents24.com/ware-events/the-saracens-head,t
The Croft - Hartfield,Hartfield,https://www.ents24.com/hartfield-events/the-croft-hartfield,t
"The Star Inn, Waldron",East Sussex,https://www.ents24.com/waldron-east-sussex-events/the-star-inn,t
Thames Sailing Barge,Maldon,https://www.ents24.com/maldon-events/thames-sailing-barge,t
The Grapevine Champagne & Jazz Bar at Tenterden,Tenterden,https://www.ents24.com/tenterden-events/the-grapevine-champagne-and-jazz-bar-at-tenterden,t
The Hanging Gardens Cafe,Llanidloes,https://www.ents24.com/llanidloes-events/the-hanging-gardens-cafe,t
Tretower Village Hall,Crickhowell,https://www.ents24.com/crickhowell-events/tretower-village-hall,t
The Cue Club,Wigston,https://www.ents24.com/wigston-events/the-cue-club,t
Townstal Community Hall,Dartmouth,https://www.ents24.com/dartmouth-events/townstal-community-hall,t
The Links Bar and Kitchen Skegness,Skegness,https://www.ents24.com/skegness-events/the-links-bar-and-kitchen-skegness,t
The Pluckley Village Hall,Ashford,https://www.ents24.com/ashford-events/the-pluckley-village-hall,t
The Smith's Cocktail Bar,Fulham and Hammersmith,https://www.ents24.com/fulham-and-hammersmith-events/the-smiths-cocktail-bar,t
The Towler,Bury,https://www.ents24.com/bury-events/the-towler,t
The Wainstones Hotel,Great Broughton,https://www.ents24.com/great-broughton-events/the-wainstones-hotel,t
The Bookstop,St Helens,https://www.ents24.com/st-helens-events/the-bookstop,t
The View,Seaford,https://www.ents24.com/seaford-events/the-view,t
Theatre in the Forest,Woodbridge,https://www.ents24.com/woodbridge-events/theatre-in-the-forest,t
THE BARN AT DIDCOT,Didcot,https://www.ents24.com/didcot-events/the-barn-at-didcot,t
The Ambassador Theatre,Dublin,https://www.ents24.com/dublin-events/the-ambassador-theatre,t
The Cut,Newcastle upon Tyne,https://www.ents24.com/newcastle-upon-tyne-events/the-cut-1,t
The Fox,Kirton,https://www.ents24.com/kirton-events/the-fox,t
The Bulstrode Pub,Hounslow,https://www.ents24.com/hounslow-events/the-bulstrode-pub,t
The Wyggeston,Burton,https://www.ents24.com/burton-events/the-wyggeston,t
The Bedford Swan Hotel,Bedford,https://www.ents24.com/bedford-events/the-bedford-swan-hotel,t
"The Billy Goat Mossley, Mossley",Ashton-under-Lyne,https://www.ents24.com/mossley-ashton-under-lyne-events/the-billy-goat-mossley,t
"Tayne Field, Lyminge",Kent,https://www.ents24.com/lyminge-kent-events/tayne-field,t
The Stockyard,Melton Mowbray,https://www.ents24.com/melton-mowbray-events/the-stockyard,t
The Long Table,Stroud,https://www.ents24.com/stroud-events/the-long-table,t
The Manor Hotel,Borehamwood,https://www.ents24.com/borehamwood-events/the-manor-hotel,t
The Guillemot Gardens,Bideford,https://www.ents24.com/bideford-events/the-guillemot-gardens,t
Tyneside Irish Centre,Newcastle On Tyne,https://www.ents24.com/newcastle-on-tyne-events/tyneside-irish-centre,t
The Arches Social,Leeds,https://www.ents24.com/leeds-events/the-arches-social,t
The George at Alstonefield,Alstonefield,https://www.ents24.com/alstonefield-events/the-george-at-alstonefield,t
The Rock Bottom,Falkirk,https://www.ents24.com/falkirk-events/the-rock-bottom,t
The Black Swan,Leek,https://www.ents24.com/leek-events/the-black-swan,t
The Garland Public House,Redhill,https://www.ents24.com/redhill-events/the-garland-public-house,t
The Swan,Mansfield,https://www.ents24.com/mansfield-events/the-swan,t
The Raven,Much Wenlock,https://www.ents24.com/much-wenlock-events/the-raven,t
Tobermory Church,Isle of Mull,https://www.ents24.com/isle-of-mull-events/tobermory-church,t
The Green House,Chester,https://www.ents24.com/chester-events/the-green-house,t
Utilita Arena Cardiff,Cardiff,https://www.ents24.com/cardiff-events/utilita-arena-cardiff,u
Utilita Arena Birmingham,Birmingham,https://www.ents24.com/birmingham-events/utilita-arena-birmingham,u
Utilita Arena Newcastle,Newcastle upon Tyne,https://www.ents24.com/newcastle-upon-tyne-events/utilita-arena-newcastle,u
Union Chapel,London,https://www.ents24.com/london-events/union-chapel,u
Usher Hall,Edinburgh,https://www.ents24.com/edinburgh-events/usher-hall,u
Utilita Arena Sheffield,Sheffield,https://www.ents24.com/sheffield-events/utilita-arena-sheffield,u
University of Lincoln Student Union (The Platform & The Engine Shed),Lincoln,https://www.ents24.com/lincoln-events/university-of-lincoln-student-union-the-platform-and-the-engine-shed,u
Ulster Hall,Belfast,https://www.ents24.com/belfast-events/ulster-hall,u
Up The Creek Comedy Club,London,https://www.ents24.com/london-events/up-the-creek-comedy-club,u
Utilita Bowl,Southampton,https://www.ents24.com/southampton-events/utilita-bowl,u
Unity Theatre,Liverpool,https://www.ents24.com/liverpool-events/unity-theatre,u
Uttoxeter Racecourse,Uttoxeter,https://www.ents24.com/uttoxeter-events/uttoxeter-racecourse,u
Underbelly Boulevard,London,https://www.ents24.com/london-events/underbelly-boulevard,u
Ulster Sports Club,Belfast,https://www.ents24.com/belfast-events/ulster-sports-club,u
Universal Hall at Findhorn Foundation,Forres,https://www.ents24.com/forres-events/universal-hall-at-findhorn-foundation,u
Unity Hall,Wakefield,https://www.ents24.com/wakefield-events/unity-hall,u
Underbelly George Square,Edinburgh,https://www.ents24.com/edinburgh-events/underbelly-george-square,u
Unionist Club South Shields,South Shields,https://www.ents24.com/south-shields-events/unionist-club-south-shields,u
"University Of Reading, London Road Campus",Reading,https://www.ents24.com/reading-events/university-of-reading-london-road-campus,u
United Church of Egham,Egham,https://www.ents24.com/egham-events/united-church-of-egham,u
Unicorn Theatre,Abingdon,https://www.ents24.com/abingdon-events/unicorn-theatre,u
Unit Nine,Milton Keynes,https://www.ents24.com/milton-keynes-events/unit-nine,u
Upper Chapel,Sheffield,https://www.ents24.com/sheffield-events/upper-chapel,u
Upstairs,Inverness,https://www.ents24.com/inverness-events/upstairs,u
Upton House & Country Park,Poole,https://www.ents24.com/poole-events/upton-house-and-country-park,u
Upstairs At The Gatehouse,London,https://www.ents24.com/london-events/upstairs-at-the-gatehouse,u
Underbelly Bristo Square,Edinburgh,https://www.ents24.com/edinburgh-events/underbelly-bristo-square,u
Underground Music Society,Barrow In Furness,https://www.ents24.com/barrow-in-furness-events/underground-music-society,u
United Services Club,Dunstable,https://www.ents24.com/dunstable-events/united-services-club,u
Uxbridge Folk Club,Uxbridge,https://www.ents24.com/uxbridge-events/rna,u
United Reformed Church,Buxton,https://www.ents24.com/buxton-events/united-reformed-church,u
Under The Edge Arts,Wotton-under-Edge,https://www.ents24.com/wotton-under-edge-events/under-the-edge-arts,u
Ulster American Folk Park,Omagh,https://www.ents24.com/omagh-events/ulster-american-folk-park,u
University Of Manchester Students Union,Manchester,https://www.ents24.com/manchester-events/university-of-manchester-students-union,u
Upcote Farm,Cheltenham,https://www.ents24.com/cheltenham-events/upcote-farm,u
Uppingham Community College,Uppingham,https://www.ents24.com/uppingham-events/uppingham-community-college,u
Uddingston Cricket & Sports Club,Uddingston,https://www.ents24.com/uddingston-events/uddingston-cricket-and-sports-club,u
University Concert Hall,Limerick,https://www.ents24.com/limerick-events/university-concert-hall-1,u
Unlocked Shoreditch,London,https://www.ents24.com/london-events/unlocked-shoreditch,u
Unitarian Church Hall,Cambridge,https://www.ents24.com/cambridge-events/unitarian-church-hall,u
University Church of St Mary's,Oxford,https://www.ents24.com/oxford-events/university-church-of-st-marys-1,u
United Reformed Church,Guildford,https://www.ents24.com/guildford-events/united-reformed-church,u
Upwood Village Hall,Huntingdon,https://www.ents24.com/huntingdon-events/upwood-village-hall,u
United Reformed Church,Shrewsbury,https://www.ents24.com/shrewsbury-events/united-reformed-church,u
Unit 58,London,https://www.ents24.com/london-events/unit-58,u
Utopia Theatre,Sheffield,https://www.ents24.com/sheffield-events/utopia-theatre,u
Union Church,Margate,https://www.ents24.com/margate-events/union-church,u
Up The Road,Westcliff-on-Sea,https://www.ents24.com/westcliff-on-sea-events/up-the-road,u
Upper Bilson Inn,Cinderford,https://www.ents24.com/cinderford-events/upper-bilson-inn,u
Union Street Brasserie,Yeovil,https://www.ents24.com/yeovil-events/union-street-brasserie,u
United Reformed Church,Newport Pagnell,https://www.ents24.com/newport-pagnell-events/united-reformed-church,u
Venue Cymru,Llandudno,https://www.ents24.com/llandudno-events/venue-cymru,v
Victoria Theatre,Halifax,https://www.ents24.com/halifax-events/victoria-theatre,v
Victoria Hall,Stoke-on-Trent,https://www.ents24.com/stoke-on-trent-events/victoria-hall,v
Village Underground,London,https://www.ents24.com/london-events/village-underground,v
Vivary Park,Taunton,https://www.ents24.com/taunton-events/vivary-park,v
Vaillant Live,Derby,https://www.ents24.com/derby-events/vaillant-live,v
Venue23,Wakefield,https://www.ents24.com/wakefield-events/venue23,v
Victoria Park,London,https://www.ents24.com/london-events/victoria-park,v
Voodoo,Belfast,https://www.ents24.com/belfast-events/voodoo,v
Verulamium Park,St. Albans,https://www.ents24.com/st-albans-events/verulamium-park,v
Voodoo Daddy's Rock 'n' Roll Pizza Joint and Showroom,Norwich,https://www.ents24.com/norwich-events/voodoo-daddys-rock-n-roll-pizza-joint-and-showroom,v
Villa Marina & Gaiety Theatre Complex,Douglas,https://www.ents24.com/douglas-events/villa-marina-and-gaiety-theatre-complex,v
Vaudeville Theatre,London,https://www.ents24.com/london-events/vaudeville-theatre,v
Viva,Blackpool,https://www.ents24.com/blackpool-events/viva,v
Voodoo Lounge @ Mama Liz's,Stamford,https://www.ents24.com/stamford-events/voodoo-lounge-mama-lizs,v
Vault 27,Barnsley,https://www.ents24.com/barnsley-events/vault-27,v
Village Theatre,East Kilbride,https://www.ents24.com/east-kilbride-events/village-theatre,v
Villa Park (Aston Villa FC),Birmingham,https://www.ents24.com/birmingham-events/villa-park-aston-villa-fc,v
Victoria Park,Southport,https://www.ents24.com/southport-events/victoria-park-southport,v
Volunteer Hall,Galashiels,https://www.ents24.com/galashiels-events/volunteer-hall,v
Vicar Street,Dublin,https://www.ents24.com/dublin-events/vicar-street,v
Victoria Park,Warrington,https://www.ents24.com/warrington-events/victoria-park,v
Victoria Hall,Bolton,https://www.ents24.com/bolton-events/victoria-hall,v
Victoria Hall Methodist Church,Sheffield,https://www.ents24.com/sheffield-events/victoria-hall-methodist-church,v
Vespers,London,https://www.ents24.com/london-events/vespers,v
Victoria Park,Leicester,https://www.ents24.com/leicester-events/victoria-park,v
Various Venues Sheffield,Sheffield,https://www.ents24.com/sheffield-events/various-venues-sheffield,v
Various Venues,Manchester,https://www.ents24.com/manchester-events/various-venues,v
Various Venues Brighton,Brighton,https://www.ents24.com/brighton-events/various-venues-brighton,v
Victoria Hall,Campbeltown,https://www.ents24.com/campbeltown-events/victoria-hall,v
Various Venues Liverpool,Liverpool,https://www.ents24.com/liverpool-events/various-venues-liverpool-1,v
Vertu Motors Arena,Newcastle upon Tyne,https://www.ents24.com/newcastle-upon-tyne-events/vertu-motors-arena,v
Verdant Works,Dundee,https://www.ents24.com/dundee-events/verdant-works,v
Various Venues Bristol,Bristol,https://www.ents24.com/bristol-events/various-venues-bristol,v
Venue TBC,London,https://www.ents24.com/london-events/venue-tbc,v
Various Venues Edinburgh,Edinburgh,https://www.ents24.com/edinburgh-events/various-venues-edinburgh,v
Various Venues Glasgow,Glasgow,https://www.ents24.com/glasgow-events/various-venues-glasgow,v
Vinyl Revival,Manchester,https://www.ents24.com/manchester-events/vinyl-revival,v
Various Venues,Reading,https://www.ents24.com/reading-events/various-venues,v
"Various Venues, Nottingham",Nottingham,https://www.ents24.com/nottingham-events/various-venues-nottingham,v
Venue 38,Ayr,https://www.ents24.com/ayr-events/venue-38,v
Vicarage Farm,Winchester,https://www.ents24.com/winchester-events/vicarage-farm,v
Vineburgh Community Centre,Irvine,https://www.ents24.com/irvine-events/vineburgh-community-centre,v
Venue TBC Bristol,Bristol,https://www.ents24.com/bristol-events/venue-tbc-bristol,v
Victoria Park,Smethwick,https://www.ents24.com/smethwick-events/victoria-park-1,v
Venue MOT Unit 18,London,https://www.ents24.com/london-events/venue-mot-unit-18,v
Volcano Theatre,Swansea,https://www.ents24.com/swansea-events/volcano-theatre,v
Victoria Park,Leamington Spa,https://www.ents24.com/leamington-spa-events/victoria-park,v
Various Venues Brixton,London,https://www.ents24.com/london-events/various-venues-brixton,v
"Voco St. John's Solihull, an IHG Hotel",Solihull,https://www.ents24.com/solihull-events/voco-st-johns-solihull-an-ihg-hotel,v
Various Venues Lindos,Lindos,https://www.ents24.com/lindos-events/various-venues-lindos,v
Victoria Katz Walsall,Walsall,https://www.ents24.com/walsall-events/victoria-katz-walsall,v
Villa 2 Lounge Bar,St Albans,https://www.ents24.com/st-albans-events/villa-2-lounge-bar,v
Vauxhall Arches,London,https://www.ents24.com/london-events/vauxhall-arches,v
Various Venues,Wrexham,https://www.ents24.com/wrexham-events/various-venues,v
Various Venues Southampton,Southampton,https://www.ents24.com/southampton-events/various-venues-southampton,v
Venue 16,Ipswich,https://www.ents24.com/ipswich-events/venue-16,v
Various Venues,Oxford,https://www.ents24.com/oxford-events/various-venues,v
Various Venues Canterbury,Canterbury,https://www.ents24.com/canterbury-events/various-venues-canterbury,v
Village Hall,Bottesford,https://www.ents24.com/bottesford-events/village-hall,v
Villiers Hotel,Buckingham,https://www.ents24.com/buckingham-events/villiers-hotel,v
Vinoteq Wine Bar,Dover,https://www.ents24.com/dover-events/vinoteq-wine-bar,v
V and B,Northampton,https://www.ents24.com/northampton-events/v-and-b,v
Village Books,Dulwich,https://www.ents24.com/dulwich-events/village-books,v
Ventnor Fringe,Isle of Wight,https://www.ents24.com/isle-of-wight-events/ventnor-fringe,v
Various Venues Emworth,Emsworth,https://www.ents24.com/emsworth-events/various-venues-emworth,v
Victory Hall Social Club,St. Austell,https://www.ents24.com/st-austell-events/victory-hall-social-club,v
Wales Millennium Centre,Cardiff,https://www.ents24.com/cardiff-events/wales-millennium-centre,w
Wembley Stadium,London,https://www.ents24.com/london-events/wembley-stadium,w
Warwick Arts Centre,Coventry,https://www.ents24.com/coventry-events/warwick-arts-centre,w
Wolverhampton Grand Theatre,Wolverhampton,https://www.ents24.com/wolverhampton-events/wolverhampton-grand-theatre,w
Weymouth Pavilion,Weymouth,https://www.ents24.com/weymouth-events/weymouth-pavilion,w
Watford Colosseum,Watford,https://www.ents24.com/watford-events/watford-colosseum,w
Wyvern Theatre,Swindon,https://www.ents24.com/swindon-events/wyvern-theatre,w
Woking Theatre,Woking,https://www.ents24.com/woking-events/woking-theatre,w
Waterfront Hall,Belfast,https://www.ents24.com/belfast-events/waterfront-hall,w
Wyllyotts Theatre,Potters Bar,https://www.ents24.com/potters-bar-events/wyllyotts-theatre,w
William Aston Hall @ Glyndwr University,Wrexham,https://www.ents24.com/wrexham-events/william-aston-hall-glyndwr-university,w
Wycombe Swan Theatre & Old Town Hall,High Wycombe,https://www.ents24.com/high-wycombe-events/wycombe-swan-theatre-and-old-town-hall,w
Winding Wheel Theatre,Chesterfield,https://www.ents24.com/chesterfield-events/winding-wheel-theatre,w
Wylam Brewery,Newcastle-upon-Tyne,https://www.ents24.com/newcastle-upon-tyne-events/wylam-brewery,w
Whitby Pavilion Complex,Whitby,https://www.ents24.com/whitby-events/whitby-pavilion-complex,w
Whitehall Theatre,Dundee,https://www.ents24.com/dundee-events/whitehall-theatre,w
Westlands Yeovil,Yeovil,https://www.ents24.com/yeovil-events/westlands-yeovil,w
West Cliff Theatre,Clacton-On-Sea,https://www.ents24.com/clacton-on-sea-events/west-cliff-theatre,w
Walthamstow Trades Hall,London,https://www.ents24.com/london-events/walthamstow-trades-hall-1,w
Wolverhampton Racecourse,Wolverhampton,https://www.ents24.com/wolverhampton-events/wolverhampton-racecourse,w
Winchester Guildhall,Winchester,https://www.ents24.com/winchester-events/winchester-guildhall,w
West End Centre,Aldershot,https://www.ents24.com/aldershot-events/west-end-centre,w
Watford Palace Theatre,Watford,https://www.ents24.com/watford-events/watford-palace-theatre,w
Wharf Chambers,Leeds,https://www.ents24.com/leeds-events/wharf-chambers,w
Where Else?,Margate,https://www.ents24.com/margate-events/where-else,w
Witham Public Hall,Witham,https://www.ents24.com/witham-events/witham-public-hall,w
Warwick Castle,Warwick,https://www.ents24.com/warwick-events/warwick-castle,w
Wellsprings Leisure Centre,Taunton,https://www.ents24.com/taunton-events/wellsprings-leisure-centre,w
Webster Theatre,Arbroath,https://www.ents24.com/arbroath-events/webster-theatre,w
Worcester Racecourse,Worcester,https://www.ents24.com/worcester-events/worcester-racecourse,w
Wollaton Hall & Park,Nottingham,https://www.ents24.com/nottingham-events/wollaton-hall-and-park,w
Wilton's Music Hall,London,https://www.ents24.com/london-events/wiltons-music-hall,w
Wigmore Hall,London,https://www.ents24.com/london-events/wigmore-hall,w
Waterside,Manchester,https://www.ents24.com/manchester-events/waterside,w
Wiltshire Music Centre,Bradford on Avon,https://www.ents24.com/bradford-on-avon-events/wiltshire-music-centre-1,w
Watersmeet Theatre,Rickmansworth,https://www.ents24.com/rickmansworth-events/watersmeet-theatre,w
Winchester Cathedral,Winchester,https://www.ents24.com/winchester-events/winchester-cathedral,w
Walsall Arena & Arts Centre,Walsall,https://www.ents24.com/walsall-events/walsall-arena-and-arts-centre,w
Westgate Hall,Canterbury,https://www.ents24.com/canterbury-events/westgate-hall,w
Wyndham's Theatre,London,https://www.ents24.com/london-events/wyndhams-theatre,w
Wingfield Barns,Wingfield,https://www.ents24.com/wingfield-events/wingfield-barns,w
Wolverhampton Arts Centre,Wolverhampton,https://www.ents24.com/wolverhampton-events/wolverhampton-arts-centre,w
Whistlebinkies,Edinburgh,https://www.ents24.com/edinburgh-events/whistlebinkies,w
Warwickshire Event Centre,Leamington Spa,https://www.ents24.com/leamington-spa-events/warwickshire-event-centre,w
Wythenshawe Park,Manchester,https://www.ents24.com/manchester-events/wythenshawe-park,w
Wat Tyler Country Park,Basildon,https://www.ents24.com/basildon-events/wat-tyler-country-park,w
Warrington Irish Club,Warrington,https://www.ents24.com/warrington-events/warrington-irish-club-1,w
Wrexham Memorial Hall,Wrexham,https://www.ents24.com/wrexham-events/wrexham-memorial-hall,w
Wasing Estate,Aldermaston,https://www.ents24.com/aldermaston-events/wasing-estate,w
Wee Red Bar at Edinburgh College of Art,Edinburgh,https://www.ents24.com/edinburgh-events/wee-red-bar-at-edinburgh-college-of-art,w
Worcester Cathedral,Worcester,https://www.ents24.com/worcester-events/worcester-cathedral,w
Wrecking Ball Music and Books,Hull,https://www.ents24.com/hull-events/wrecking-ball-music-and-books,w
Woolwich Works,London,https://www.ents24.com/london-events/woolwich-works-1,w
Wadebridge Town Hall,Wadebridge,https://www.ents24.com/wadebridge-events/wadebridge-town-hall,w
West Park,Wolverhampton,https://www.ents24.com/wolverhampton-events/west-park,w
Ware Drill Hall,Ware,https://www.ents24.com/ware-events/ware-drill-hall,w
Woking Planetarium,Woking,https://www.ents24.com/woking-events/woking-planetarium,w
Weston Park,Shifnal,https://www.ents24.com/shifnal-events/weston-park,w
West Hampstead Arts Club,London,https://www.ents24.com/london-events/west-hampstead-arts-club,w
Wells Cathedral,Wells,https://www.ents24.com/wells-events/wells-cathedral,w
Wokingham Music Club at Winnersh British Legion,Wokingham,https://www.ents24.com/wokingham-events/wokingham-music-club-at-winnersh-british-legion,w
Wokingham Music Club at The Whitty Theatre,Wokingham,https://www.ents24.com/wokingham-events/wokingham-music-club-at-the-whitty-theatre-1,w
Wembley Park Theatre,London,https://www.ents24.com/london-events/wembley-park-theatre,w
West Road Concert Hall,Cambridge,https://www.ents24.com/cambridge-events/west-road-concert-hall,w
Wentworth Woodhouse,Rotherham,https://www.ents24.com/rotherham-events/wentworth-woodhouse,w
Whitla Hall,Belfast,https://www.ents24.com/belfast-events/whitla-hall,w
Water Yeat Village Hall,Ulverston,https://www.ents24.com/ulverston-events/water-yeat-village-hall,w
Wingerworth Parish Hall,Chesterfield,https://www.ents24.com/chesterfield-events/wingerworth-parish-hall,w
Wyeside Arts Centre,Builth Wells,https://www.ents24.com/builth-wells-events/wyeside-arts-centre,w
"Wokingham Music Club at All Saints Church, Wokingham",Wokingham,https://www.ents24.com/wokingham-events/wokingham-music-club-at-all-saints-church-wokingham,w
Wadsworth Community Centre,Hebden Bridge,https://www.ents24.com/hebden-bridge-events/wadsworth-community-centre,w
Westbourne Community Hall,Westbourne,https://www.ents24.com/westbourne-events/westbourne-community-hall,w
Whitebottom Farm,Stockport,https://www.ents24.com/stockport-events/whitebottam-farm,w
Winterbourne Medieval Barn,Bristol,https://www.ents24.com/bristol-events/winterbourne-medieval-barn,w
Wimpole Estate,Royston,https://www.ents24.com/royston-events/wimpole-estate,w
Walton Hall & Gardens,Warrington,https://www.ents24.com/warrington-events/walton-hall-and-gardens,w
World Headquarters,Newcastle upon Tyne,https://www.ents24.com/newcastle-upon-tyne-events/world-headquarters-1,w
Warners Lakeside,Hayling Island,https://www.ents24.com/hayling-island-events/warners-lakeside,w
Weston-super-Mare Beach,Weston-super-Mare,https://www.ents24.com/weston-super-mare-events/weston-super-mare-beach,w
WX Wakefield,Wakefield,https://www.ents24.com/wakefield-events/wx-wakefield,w
Wroot Rocks,Doncaster,https://www.ents24.com/doncaster-events/wroot-rocks,w
World Heart Beat Embassy Gardens,London,https://www.ents24.com/london-events/world-heart-beat-embassy-gardens,w
Woodside Hall,Hitchin,https://www.ents24.com/hitchin-events/woodside-hall,w
Wexford Opera House,Wexford,https://www.ents24.com/wexford-events/wexford-opera-house,w
Wee Jimmies,Cowdenbeath,https://www.ents24.com/cowdenbeath-events/wee-jimmies,w
Waterbear Venue,Brighton,https://www.ents24.com/brighton-events/waterbear-venue,w
Whelan's,Dublin,https://www.ents24.com/dublin-events/whelans,w
West Cliff Theatre Clacton on Sea,Clacton on Sea,https://www.ents24.com/clacton-on-sea-events/west-cliff-theatre-clacton-on-sea,w
Westhill Community Centre,Retford,https://www.ents24.com/retford-events/westhill-community-centre,w
Wallers Brewery,Bradford,https://www.ents24.com/bradford-events/wallers-brewery,w
Wythall Community Club,Wythall,https://www.ents24.com/wythall-events/wythall-community-club,w
Wessex Arts Theatre,Alton,https://www.ents24.com/alton-events/wessex-arts-theatre,w
Wimbledon Library,London,https://www.ents24.com/london-events/wimbledon-library,w
Walshaw Sports Club,Bury,https://www.ents24.com/bury-events/walshaw-sports-club,w
Westgate Arcade,Halifax,https://www.ents24.com/halifax-events/westgate-arcade,w
Windsor Castle,London,https://www.ents24.com/london-events/windsor-castle,w
Wadhurst Commemoration Hall,Wadhurst,https://www.ents24.com/wadhurst-events/wadhurst-commemoration-hall,w
Witham Town Football Club,Witham,https://www.ents24.com/witham-events/witham-town-football-club,w
Whittles@Tokyo,Oldham,https://www.ents24.com/oldham-events/whittlestokyo,w
Woodend Gallery,Scarborough,https://www.ents24.com/scarborough-events/woodend-gallery,w
Welford Park,Newbury,https://www.ents24.com/newbury-events/welford-park-1,w
Weatherley Centre,Biggleswade,https://www.ents24.com/biggleswade-events/weatherley-centre,w
Warners Bodelwyddan Castle Hotel,Rhyl,https://www.ents24.com/rhyl-events/warners-bodelwyddan-castle-hotel,w
Windsor Jazz Club,Windsor,https://www.ents24.com/windsor-events/windsor-jazz-club,w
Weeley Car Boot Site,Clacton-on-Sea,https://www.ents24.com/clacton-on-sea-events/weeley-car-boot-site,w
Woburn Church,Woburn,https://www.ents24.com/woburn-events/woburn-church,w
Wickets Inn,Wellington,https://www.ents24.com/wellington-events/wickets-inn,w
Woodford Bar And Grill,London,https://www.ents24.com/london-events/woodford-bar-and-grill,w
Waterloo East Theatre,London,https://www.ents24.com/london-events/waterloo-east-theatre,w
Wickham Festival,Wickham,https://www.ents24.com/wickham-events/wickham-festival-1,w
Wimborne Minster,Wimborne,https://www.ents24.com/wimborne-events/the-minster,w
Wiremill Social Club,Musselburgh,https://www.ents24.com/musselburgh-events/wiremill-social-club,w
Waterperry House & Gardens,Oxford,https://www.ents24.com/oxford-events/waterperry-house-and-gardens,w
West Bromwich Town Hall,West Bromwich,https://www.ents24.com/west-bromwich-events/west-bromwich-town-hall,w
Walesby Forest,Newark,https://www.ents24.com/newark-events/walesby-forest,w
Witham St Hughs Village Hall,Lincoln,https://www.ents24.com/lincoln-events/witham-st-hughs-village-hall,w
West Witton Village Hall,Leyburn,https://www.ents24.com/leyburn-events/west-witton-village-hall,w
Whitchurch Folk Club,Whitchurch,https://www.ents24.com/whitchurch-events/whitchurch-folk-club,w
Wickersley Social Club,Rotherham,https://www.ents24.com/rotherham-events/wickersley-social-club,w
West Byfleet Social Club,West Byfleet,https://www.ents24.com/west-byfleet-events/west-byfleet-social-club,w
Westminster Cathedral,London,https://www.ents24.com/london-events/westminster-cathedral,w
Westerton Arms,Stirling,https://www.ents24.com/stirling-events/westerton-arms,w
Walton Comrades Club,Walton-on-Thames,https://www.ents24.com/walton-on-thames-events/walton-comrades-club,w
Wadhurst Primary School Field,Wadhurst,https://www.ents24.com/wadhurst-events/wadhurst-primary-school-field,w
Witheridge Parish Hall,Tiverton,https://www.ents24.com/tiverton-events/witheridge-parish-hall,w
Whittingham & Goosnargh Sports and Social Club,Preston,https://www.ents24.com/preston-events/whittingham-and-goosnargh-sports-and-social-club,w
Wrexham Town Centre,Wrexham,https://www.ents24.com/wrexham-events/wrexham-town-centre,w
Wroxall Abbey Estate,Wroxall,https://www.ents24.com/wroxall-events/wroxall-abbey-estate,w
Wark Town Hall and Mechanics Institute,Hexham,https://www.ents24.com/hexham-events/wark-town-hall-and-mechanics-institute,w
Watergate Theatre,Kilkenny,https://www.ents24.com/kilkenny-events/watergate-theatre,w
Withington Public Hall Institute,Manchester,https://www.ents24.com/manchester-events/withington-public-hall-institute,w
Wax and Beans,Bury,https://www.ents24.com/bury-events/wax-and-beans,w
Wincanton War Memorial Hall,Wincanton,https://www.ents24.com/wincanton-events/wincanton-war-memorial-hall,w
West Links,Peterhead,https://www.ents24.com/peterhead-events/west-links,w
Wensum Valley Hotel & Golf Club,Norwich,https://www.ents24.com/norwich-events/wensum-valley-hotel-and-golf-club-1,w
Winmarleigh Village Hall,Preston,https://www.ents24.com/preston-events/winmarleigh-village-hall,w
Warners Corton,Lowestoft,https://www.ents24.com/lowestoft-events/warners-corton,w
Whitstable Rocks Oyster Festival,Whitstable,https://www.ents24.com/whitstable-events/whitstable-rocks-oyster-festival,w
Winchester Auto Barn,Winchester,https://www.ents24.com/winchester-events/winchester-auto-barn,w
Warton WMC,Tamworth,https://www.ents24.com/tamworth-events/warton-wmc,w
White Swan,Hoddesdon,https://www.ents24.com/hoddesdon-events/white-swan,w
Whitstable Castle Tea Garden,Whitstable,https://www.ents24.com/whitstable-events/whitstable-castle-tea-garden,w
West Bridgford David Lloyd,Nottingham,https://www.ents24.com/nottingham-events/west-bridgford-david-lloyd,w
Wheelers,Torpoint,https://www.ents24.com/torpoint-events/wheelers,w
West Riding,Dewsbury,https://www.ents24.com/dewsbury-events/west-riding,w
Windy Harbour Holiday Park,Blackpool,https://www.ents24.com/blackpool-events/windy-harbour-holiday-park,w
Woodhead Park,Kirkintilloch,https://www.ents24.com/kirkintilloch-events/woodhead-park,w
Witton Albion FC,Northwich,https://www.ents24.com/northwich-events/witton-albion-fc,w
Walker Activity Dome,Newcastle upon Tyne,https://www.ents24.com/newcastle-upon-tyne-events/walker-activity-dome,w
Woolmer Green Hall,Woolmer Green,https://www.ents24.com/woolmer-green-events/woolmer-green-hall,w
Winchmore Hill Bowling Club,London,https://www.ents24.com/london-events/winchmore-hill-bowling-club,w
"Womanby Street (Various venues), Cardiff",Cardiff,https://www.ents24.com/cardiff-events/womanby-street-various-venues-cardiff,w
Wednesfield British Legion,Wolverhampton,https://www.ents24.com/wolverhampton-events/wednesfield-british-legion,w
"West Chiltington Recreation Ground, West Chiltington",Pulborough,https://www.ents24.com/west-chiltington-pulborough-events/west-chiltington-recreation-ground,w
West Derby Golf Club,Liverpool,https://www.ents24.com/liverpool-events/west-derby-golf-club,w
Watchet Boat Museum,Watchet,https://www.ents24.com/watchet-events/watchet-boat-museum,w
Westwood Lakes,Boston,https://www.ents24.com/boston-events/westwood-lakes,w
Walmsley Parish Community Hall,Bolton,https://www.ents24.com/bolton-events/walmsley-parish-community-hall,w
"Werneth Cricket, Bowling & Table Tennis Club",Oldham,https://www.ents24.com/oldham-events/werneth-cricket-bowling-and-table-tennis-club,w
White Bull Bilsborrow  ,Bilsborrow,https://www.ents24.com/bilsborrow-events/white-bull-bilsborrow,w
White Lion,Bridgnorth,https://www.ents24.com/bridgnorth-events/white-lion-1,w
West Oxford Community Centre,Oxford,https://www.ents24.com/oxford-events/west-oxford-community-centre,w
Wadhurst Parish Church,Wadhurst,https://www.ents24.com/wadhurst-events/wadhurst-parish-church,w
Wenhaston Village Hall,Halesworth,https://www.ents24.com/halesworth-events/wenhaston-village-hall,w
Wadsley Church,Sheffield,https://www.ents24.com/sheffield-events/wadsley-church,w
Woodcote Village Hall,Woodcote,https://www.ents24.com/woodcote-events/woodcote-village-hall,w
Wetheral Village Community Hall,Carlisle,https://www.ents24.com/carlisle-events/wetheral-village-community-hall,w
Whiting Bay Hall,Whiting Bay,https://www.ents24.com/whiting-bay-events/whiting-bay-hall,w
Wellington Heath Memorial Hall,Ledbury,https://www.ents24.com/ledbury-events/wellington-heath-memorial-hall,w
Wigmore Village Community Centre,Wigmore,https://www.ents24.com/wigmore-events/wigmore-village-community-centre,w
Whitley Community Centre,Dewsbury,https://www.ents24.com/dewsbury-events/whitley-community-centre,w
Wood Street Village Green,Wood Street Village,https://www.ents24.com/wood-street-village-events/wood-street-village-green,w
Wynd Craft Beers,Redcar,https://www.ents24.com/redcar-events/wynd-craft-beers,w
"War Memorial Recreation Ground, East Dean, East Dean",East Sussex,https://www.ents24.com/east-dean-east-sussex-events/war-memorial-recreation-ground-east-dean,w
Wick & Monknash Village Hall,Wick,https://www.ents24.com/wick-events/wick-and-monknash-village-hall,w
West Horsley Place,West Horsley,https://www.ents24.com/west-horsley-events/west-horsley-place,w
XOYO Birmingham,Birmingham,https://www.ents24.com/birmingham-events/xoyo-birmingham,x
XOYO,London,https://www.ents24.com/london-events/xoyo,x
XS Wrexham,Wrexham,https://www.ents24.com/wrexham-events/xs-wrexham,x
Xerox,Newcastle,https://www.ents24.com/newcastle-events/xerox,x
York Barbican,York,https://www.ents24.com/york-events/york-barbican-1,y
YES,Manchester,https://www.ents24.com/manchester-events/yes,y
Yardbirds,Grimsby,https://www.ents24.com/grimsby-events/yardbirds,y
Yvonne Arnaud Theatre And Mill Studio,Guildford,https://www.ents24.com/guildford-events/yvonne-arnaud-theatre-and-mill-studio,y
York Racecourse,York,https://www.ents24.com/york-events/york-racecourse,y
Yellow Arch Studios,Sheffield,https://www.ents24.com/sheffield-events/yellow-arch-studios,y
Y Ffwrnes,Llanelli,https://www.ents24.com/llanelli-events/y-ffwrnes,y
Yorkshire Wildlife Park,Doncaster,https://www.ents24.com/doncaster-events/yorkshire-wildlife-park,y
Young Vic Theatre,London,https://www.ents24.com/london-events/young-vic-theatre,y
Yeadon Town Hall,Yeadon,https://www.ents24.com/yeadon-events/yeadon-town-hall,y
Yorkshire Museum & Gardens,York,https://www.ents24.com/york-events/yorkshire-museum-and-gardens,y
Y Not Festival,Matlock,https://www.ents24.com/matlock-events/y-not-festival,y
Yorkshire Event Centre,Harrogate,https://www.ents24.com/harrogate-events/yorkshire-event-centre,y
YMCA Theatre,Scarborough,https://www.ents24.com/scarborough-events/ymca-theatre,y
Ye Olde Salutation Inn,Nottingham,https://www.ents24.com/nottingham-events/ye-olde-salutation-inn-1,y
Ye Olde Rose & Crown Theatre Pub,London,https://www.ents24.com/london-events/ye-olde-rose-and-crown-theatre-pub,y
York House,Stony Stratford,https://www.ents24.com/stony-stratford-events/york-house,y
Yorkshire Scare Grounds Scream Park,Wakefield,https://www.ents24.com/wakefield-events/yorkshire-scare-grounds-scream-park,y
Ye Olde Butchers Arms,Cardiff,https://www.ents24.com/cardiff-events/ye-olde-butchers-arms,y
Yardley Ex-servicemen's Club,South Yardley,https://www.ents24.com/south-yardley-events/yardley-ex-servicemens-club,y
Yaxley Royal British Legion,Peterborough,https://www.ents24.com/peterborough-events/yaxley-royal-british-legion,y
York City Church,York,https://www.ents24.com/york-events/york-city-church,y
Yealmpton Community Centre,Plymouth,https://www.ents24.com/plymouth-events/yealmpton-community-centre,y
York Pavilion,York,https://www.ents24.com/york-events/york-pavilion,y
YO1 Radio Live Lounge,York,https://www.ents24.com/york-events/yo1-radio-live-lounge,y
Yurt Field,Haverfordwest,https://www.ents24.com/haverfordwest-events/yurt-field,y
Yr Hen Ysgol Dinas Cross,Newport,https://www.ents24.com/newport-events/yr-hen-ysgol-dinas-cross,y
Yamas Greek Cuisine,London,https://www.ents24.com/london-events/yamas-greek-cuisine,y
Ysgol Gynradd Blaenau,Llandybie,https://www.ents24.com/llandybie-events/ysgol-gynradd-blaenau,y
Ye Olde Chequers Inn,Tonbridge,https://www.ents24.com/tonbridge-events/ye-olde-chequers-inn-1,y
Ye Old Dolphin Inne,Robin Hood's Bay,https://www.ents24.com/robin-hoods-bay-events/ye-old-dolphin-inne,y
Zanzibar Club,Liverpool,https://www.ents24.com/liverpool-events/zanzibar-club,z
Zerox,Newcastle upon Tyne,https://www.ents24.com/newcastle-upon-tyne-events/zerox,z
Z-Arts Centre,Manchester,https://www.ents24.com/manchester-events/z-arts-centre,z
Zeffirellis Café Bar,Ambleside,https://www.ents24.com/ambleside-events/zeffirellis-cafe-bar,z
Zed Shed,Penryn,https://www.ents24.com/penryn-events/zed-shed,z
